{"type":"FeatureCollection", "features": [
{"type":"Feature","geometry":{"type":"Polygon","coordinates":[[[76.3728,9.8367],[76.3715,9.8386],[76.37,9.8472],[76.3698,9.8526],[76.3719,9.8555],[76.3655,9.868],[76.3619,9.8708],[76.3571,9.8803],[76.3534,9.884],[76.3505,9.8819],[76.3361,9.877],[76.3297,9.8775],[76.3222,9.8812],[76.3106,9.8837],[76.303,9.8902],[76.2966,9.8914],[76.2927,9.8906],[76.2926,9.8835],[76.2939,9.8788],[76.2938,9.873],[76.2956,9.8641],[76.2953,9.8596],[76.2972,9.8553],[76.2957,9.8511],[76.2862,9.8496],[76.284,9.8365],[76.2796,9.8311],[76.2795,9.8268],[76.2836,9.8172],[76.2869,9.8187],[76.2909,9.8067],[76.2825,9.805],[76.2839,9.7911],[76.2772,9.7891],[76.2824,9.7569],[76.2833,9.7457],[76.2856,9.7268],[76.2871,9.7069],[76.2883,9.6981],[76.2962,9.6236],[76.2971,9.6183],[76.2998,9.5897],[76.3038,9.5625],[76.3077,9.5385],[76.3096,9.5307],[76.3133,9.5098],[76.3191,9.4852],[76.3213,9.4775],[76.3302,9.4412],[76.3416,9.4034],[76.3515,9.3779],[76.3673,9.3451],[76.3729,9.3315],[76.381,9.3146],[76.3853,9.303],[76.3963,9.2817],[76.4075,9.2557],[76.4217,9.2253],[76.4324,9.2018],[76.4376,9.1895],[76.4482,9.1674],[76.4529,9.1568],[76.4634,9.1352],[76.4664,9.1305],[76.4703,9.1315],[76.4733,9.1273],[76.4789,9.1281],[76.4851,9.1261],[76.4939,9.1254],[76.5057,9.1265],[76.5031,9.135],[76.5086,9.1367],[76.515,9.1375],[76.5262,9.136],[76.5286,9.1349],[76.5416,9.1351],[76.5432,9.1261],[76.5463,9.1261],[76.5497,9.1136],[76.5512,9.1107],[76.5579,9.1098],[76.5686,9.1118],[76.5725,9.1164],[76.5763,9.1175],[76.5795,9.1152],[76.5836,9.1182],[76.5851,9.1218],[76.5884,9.1232],[76.5888,9.1279],[76.5913,9.1316],[76.5955,9.1324],[76.6018,9.1304],[76.6146,9.131],[76.6246,9.1388],[76.6264,9.1372],[76.6328,9.1381],[76.6353,9.1408],[76.6381,9.1483],[76.646,9.1467],[76.6488,9.1496],[76.661,9.1495],[76.6708,9.1526],[76.6742,9.1544],[76.6716,9.1643],[76.6748,9.17],[76.6787,9.1725],[76.6878,9.169],[76.6907,9.177],[76.6809,9.1823],[76.6767,9.1829],[76.6756,9.1892],[76.6771,9.1939],[76.6713,9.1953],[76.6682,9.2001],[76.6608,9.2013],[76.6572,9.2044],[76.6518,9.2041],[76.647,9.208],[76.6454,9.215],[76.6462,9.2171],[76.6451,9.2233],[76.6417,9.2282],[76.6393,9.2338],[76.6438,9.235],[76.6473,9.2377],[76.6494,9.2361],[76.654,9.2378],[76.6538,9.2404],[76.6579,9.244],[76.6581,9.2578],[76.6549,9.2604],[76.6569,9.2643],[76.6644,9.266],[76.6632,9.2697],[76.6678,9.27],[76.666,9.275],[76.6706,9.2773],[76.6722,9.28],[76.677,9.2832],[76.6751,9.2856],[76.6757,9.2894],[76.6643,9.2889],[76.6624,9.2875],[76.6558,9.2899],[76.6514,9.2897],[76.6511,9.3079],[76.6457,9.3096],[76.6442,9.3153],[76.6421,9.3169],[76.6415,9.3234],[76.6397,9.3255],[76.6396,9.3296],[76.6421,9.3334],[76.6405,9.3369],[76.6414,9.3411],[76.6304,9.3426],[76.6281,9.3418],[76.6282,9.3373],[76.6201,9.3394],[76.6133,9.3432],[76.6097,9.342],[76.6069,9.3449],[76.603,9.3443],[76.6002,9.3472],[76.5978,9.3465],[76.5961,9.3522],[76.5909,9.3512],[76.5872,9.3518],[76.5851,9.3484],[76.5792,9.3509],[76.5796,9.3535],[76.5741,9.3539],[76.5724,9.3558],[76.5669,9.3561],[76.56,9.3512],[76.5552,9.3505],[76.5525,9.3524],[76.5497,9.3497],[76.5515,9.3472],[76.5598,9.3434],[76.5531,9.3349],[76.5535,9.3314],[76.5503,9.3247],[76.5462,9.3255],[76.5403,9.3223],[76.5368,9.3221],[76.533,9.3253],[76.5311,9.3296],[76.5267,9.3259],[76.5182,9.3273],[76.5021,9.3237],[76.4978,9.3234],[76.4933,9.3265],[76.4877,9.3287],[76.4745,9.3281],[76.4735,9.3329],[76.4825,9.3458],[76.4888,9.3476],[76.4957,9.3472],[76.5009,9.3506],[76.5056,9.3518],[76.5089,9.355],[76.5134,9.3548],[76.5135,9.3624],[76.5174,9.3662],[76.5212,9.3655],[76.5236,9.3679],[76.5141,9.37],[76.5093,9.3772],[76.5104,9.3823],[76.514,9.3891],[76.5113,9.3917],[76.5133,9.4007],[76.506,9.4048],[76.5073,9.408],[76.506,9.4124],[76.5097,9.4185],[76.5055,9.4255],[76.5075,9.4321],[76.5114,9.4367],[76.5084,9.4384],[76.5028,9.4385],[76.4979,9.4403],[76.4952,9.4446],[76.4979,9.449],[76.4974,9.4529],[76.5058,9.4679],[76.5059,9.4762],[76.5092,9.4785],[76.5072,9.4851],[76.5084,9.4899],[76.509,9.4987],[76.5108,9.4999],[76.5082,9.5043],[76.4981,9.5037],[76.4954,9.5071],[76.4817,9.5087],[76.4803,9.5074],[76.4794,9.5376],[76.4655,9.5422],[76.4662,9.5617],[76.4486,9.5575],[76.4385,9.5542],[76.4384,9.5527],[76.4265,9.5496],[76.4227,9.5558],[76.4153,9.5584],[76.4141,9.5633],[76.4044,9.5595],[76.4046,9.5539],[76.3922,9.5477],[76.3931,9.5626],[76.3996,9.6398],[76.3965,9.6527],[76.3989,9.6717],[76.4014,9.6777],[76.4026,9.6859],[76.3958,9.6883],[76.3757,9.6974],[76.3775,9.7125],[76.3802,9.7278],[76.3807,9.7514],[76.3766,9.7622],[76.3718,9.7704],[76.3709,9.7772],[76.3665,9.7865],[76.365,9.7923],[76.3673,9.8],[76.3812,9.8173],[76.3812,9.8217],[76.3777,9.832],[76.3728,9.8367]]]},"properties":{"c":554,"n":"Alappuzha"}},
{"type":"Feature","geometry":{"type":"Polygon","coordinates":[[[76.3728,9.8367],[76.3754,9.8379],[76.3804,9.843],[76.3869,9.8446],[76.3888,9.8438],[76.3941,9.8313],[76.3959,9.8298],[76.4065,9.8301],[76.4082,9.8274],[76.4113,9.8281],[76.4143,9.8223],[76.4289,9.8252],[76.4358,9.8297],[76.4476,9.8358],[76.4496,9.8409],[76.454,9.8414],[76.4589,9.849],[76.4603,9.847],[76.4744,9.8421],[76.4778,9.844],[76.4829,9.8428],[76.4859,9.846],[76.4991,9.8514],[76.5024,9.8499],[76.5096,9.8511],[76.5146,9.849],[76.5143,9.844],[76.518,9.8387],[76.5195,9.8345],[76.5176,9.8332],[76.5199,9.8242],[76.5243,9.827],[76.5272,9.8251],[76.5308,9.8256],[76.539,9.8231],[76.539,9.814],[76.5447,9.8131],[76.5426,9.8095],[76.5445,9.8009],[76.5557,9.8025],[76.5589,9.8099],[76.5594,9.8161],[76.5634,9.8194],[76.5646,9.8235],[76.567,9.8252],[76.5754,9.8201],[76.5807,9.8224],[76.582,9.8271],[76.5809,9.8359],[76.5821,9.8368],[76.5802,9.8431],[76.5869,9.8419],[76.5912,9.8423],[76.5942,9.8463],[76.5989,9.8464],[76.6036,9.845],[76.6049,9.8407],[76.6157,9.8382],[76.6157,9.8405],[76.6091,9.8492],[76.6122,9.8529],[76.6156,9.8521],[76.6191,9.8562],[76.6249,9.8572],[76.6289,9.8556],[76.6318,9.8569],[76.6324,9.8624],[76.6349,9.8649],[76.6322,9.8714],[76.6374,9.8733],[76.6358,9.8783],[76.6361,9.8839],[76.6327,9.8853],[76.6305,9.8887],[76.6312,9.8947],[76.6283,9.9007],[76.6316,9.9057],[76.6295,9.9134],[76.6343,9.9174],[76.6419,9.9176],[76.6488,9.9215],[76.6551,9.918],[76.6644,9.9165],[76.6718,9.919],[76.678,9.9168],[76.6814,9.9176],[76.6818,9.9118],[76.6913,9.9073],[76.697,9.9096],[76.698,9.915],[76.7015,9.9166],[76.6987,9.9195],[76.6956,9.9153],[76.6902,9.9228],[76.6833,9.9242],[76.6899,9.9294],[76.6946,9.9309],[76.7,9.9311],[76.7036,9.9388],[76.7097,9.9434],[76.7132,9.943],[76.7143,9.9467],[76.7117,9.9488],[76.7126,9.9534],[76.722,9.9523],[76.7244,9.9572],[76.7193,9.9597],[76.7156,9.964],[76.715,9.9702],[76.7114,9.973],[76.711,9.9771],[76.7122,9.982],[76.7163,9.9872],[76.7198,9.9861],[76.7234,9.9815],[76.7308,9.9849],[76.7364,9.9848],[76.7447,9.9907],[76.7476,9.989],[76.7552,9.9876],[76.7641,9.9813],[76.7647,9.9841],[76.7611,9.9892],[76.7652,9.9934],[76.7662,9.9976],[76.7689,10.0014],[76.7647,10.011],[76.7668,10.0195],[76.7773,10.0224],[76.779,10.0238],[76.7778,10.0306],[76.7809,10.0348],[76.7916,10.033],[76.7943,10.029],[76.7988,10.0292],[76.8053,10.0268],[76.8105,10.0212],[76.8263,10.0127],[76.8378,10.0117],[76.8367,10.0255],[76.8319,10.0255],[76.8255,10.029],[76.8172,10.0349],[76.8097,10.0353],[76.8053,10.0398],[76.7964,10.0418],[76.7891,10.0463],[76.7855,10.0499],[76.7861,10.0519],[76.7811,10.0592],[76.7758,10.0599],[76.7748,10.0638],[76.7788,10.0666],[76.7881,10.065],[76.7904,10.0637],[76.7955,10.0656],[76.8028,10.0627],[76.8008,10.0603],[76.8036,10.0575],[76.8105,10.0584],[76.8103,10.0627],[76.8173,10.0616],[76.823,10.0622],[76.8163,10.069],[76.8157,10.0761],[76.814,10.0809],[76.8204,10.0866],[76.82,10.0891],[76.8243,10.0903],[76.8382,10.0841],[76.8452,10.0793],[76.8528,10.0774],[76.8624,10.074],[76.8651,10.0744],[76.8632,10.0814],[76.8633,10.0872],[76.8646,10.0918],[76.8746,10.1038],[76.8807,10.1126],[76.8914,10.131],[76.8965,10.1354],[76.9043,10.1405],[76.9055,10.1438],[76.9025,10.1483],[76.9061,10.1513],[76.9126,10.1624],[76.9127,10.1656],[76.9181,10.1681],[76.9211,10.176],[76.9276,10.179],[76.9328,10.1754],[76.9407,10.1715],[76.9493,10.1703],[76.9553,10.166],[76.9624,10.164],[76.9665,10.1598],[76.9763,10.161],[76.9804,10.1648],[76.9856,10.165],[76.9889,10.1609],[76.9941,10.1632],[76.9977,10.1625],[77.0006,10.1651],[77.0026,10.1705],[77.0054,10.1696],[77.0162,10.1758],[77.0234,10.1784],[77.0283,10.1724],[77.0365,10.1734],[77.0427,10.1768],[77.0484,10.1765],[77.0575,10.1782],[77.0614,10.1699],[77.0679,10.1744],[77.073,10.1744],[77.0769,10.1759],[77.0805,10.1715],[77.0851,10.1745],[77.0891,10.183],[77.0835,10.1866],[77.0804,10.193],[77.0754,10.195],[77.0747,10.1974],[77.0668,10.1957],[77.0655,10.1991],[77.0678,10.2029],[77.0683,10.2067],[77.0623,10.2103],[77.0555,10.2117],[77.0488,10.2058],[77.0433,10.2068],[77.0401,10.2033],[77.0327,10.2049],[77.0238,10.2118],[77.0201,10.2129],[77.0224,10.2169],[77.0172,10.2193],[77.0143,10.2244],[77.0203,10.2286],[77.0242,10.2299],[77.0307,10.2286],[77.0386,10.2307],[77.0453,10.2337],[77.0483,10.2308],[77.0575,10.2343],[77.0605,10.2362],[77.0628,10.2426],[77.0615,10.2499],[77.056,10.2534],[77.0547,10.2573],[77.0506,10.2618],[77.0464,10.2581],[77.0429,10.2569],[77.0406,10.2527],[77.0315,10.2522],[77.0171,10.2455],[77.0147,10.2458],[77.0114,10.2405],[77.0055,10.2384],[77.0042,10.2349],[77.0015,10.2353],[76.999,10.2304],[76.9959,10.231],[76.9905,10.2281],[76.9909,10.2264],[76.9822,10.2202],[76.9805,10.2238],[76.9735,10.2254],[76.9714,10.2294],[76.9658,10.2306],[76.9617,10.2331],[76.9559,10.2343],[76.9532,10.2321],[76.9489,10.2334],[76.9475,10.2369],[76.9447,10.2365],[76.9386,10.2389],[76.9253,10.2329],[76.9216,10.2322],[76.9126,10.2347],[76.9098,10.2367],[76.9083,10.2409],[76.903,10.2403],[76.9055,10.2479],[76.9046,10.2508],[76.9012,10.2518],[76.8963,10.2538],[76.8956,10.2586],[76.8888,10.2576],[76.8821,10.2602],[76.8779,10.2604],[76.8799,10.2671],[76.8789,10.2695],[76.8713,10.2716],[76.8688,10.2694],[76.8654,10.273],[76.8606,10.2731],[76.8546,10.2771],[76.8525,10.2771],[76.8476,10.2808],[76.8424,10.2804],[76.8402,10.2833],[76.836,10.2837],[76.8325,10.2761],[76.8288,10.2754],[76.8262,10.281],[76.8098,10.2861],[76.8042,10.2852],[76.7987,10.2784],[76.7951,10.2776],[76.7929,10.2802],[76.7889,10.2779],[76.7764,10.2767],[76.7742,10.2752],[76.7744,10.2712],[76.7693,10.2692],[76.76,10.2694],[76.7535,10.2742],[76.751,10.2782],[76.7389,10.2744],[76.7353,10.2719],[76.7288,10.2703],[76.7178,10.2692],[76.7062,10.2697],[76.7046,10.2668],[76.6957,10.2639],[76.6839,10.2681],[76.6698,10.2714],[76.662,10.2769],[76.6619,10.28],[76.6459,10.2803],[76.6411,10.2745],[76.6356,10.273],[76.6271,10.2727],[76.6213,10.2735],[76.6188,10.2803],[76.6033,10.2802],[76.5996,10.2846],[76.59,10.2924],[76.5898,10.2989],[76.5856,10.2981],[76.5818,10.301],[76.5765,10.3025],[76.5671,10.2945],[76.5662,10.2926],[76.5728,10.2867],[76.5714,10.2841],[76.5672,10.2851],[76.553,10.283],[76.5469,10.289],[76.5421,10.2895],[76.5331,10.2877],[76.5254,10.2845],[76.5218,10.2847],[76.5167,10.2876],[76.5061,10.2891],[76.5,10.2875],[76.4975,10.2879],[76.4942,10.2923],[76.4884,10.2942],[76.483,10.292],[76.4783,10.2931],[76.4724,10.2917],[76.4675,10.2941],[76.4592,10.2966],[76.4477,10.2969],[76.4428,10.2934],[76.4369,10.2944],[76.4313,10.29],[76.4278,10.2895],[76.4235,10.292],[76.4154,10.2943],[76.4172,10.2888],[76.4116,10.2876],[76.4134,10.2811],[76.4014,10.276],[76.397,10.2676],[76.3925,10.2666],[76.3901,10.264],[76.3914,10.2554],[76.3778,10.2548],[76.3775,10.25],[76.3794,10.2451],[76.3758,10.2441],[76.3722,10.2411],[76.3462,10.2333],[76.3409,10.2307],[76.3407,10.2264],[76.3381,10.226],[76.3352,10.2134],[76.3325,10.2127],[76.3312,10.2095],[76.325,10.2076],[76.3137,10.2068],[76.3107,10.2055],[76.3107,10.199],[76.3117,10.1938],[76.312,10.1824],[76.3019,10.1854],[76.2979,10.1771],[76.2952,10.1759],[76.2895,10.1779],[76.286,10.1779],[76.2802,10.1747],[76.2751,10.1755],[76.2721,10.1807],[76.2712,10.1848],[76.2669,10.1857],[76.2613,10.1899],[76.2617,10.1951],[76.264,10.1988],[76.2603,10.2022],[76.2543,10.2027],[76.2498,10.2008],[76.2373,10.2045],[76.2327,10.2042],[76.2197,10.207],[76.2133,10.2013],[76.2116,10.2009],[76.2137,10.1942],[76.2041,10.1947],[76.1981,10.1926],[76.1906,10.1922],[76.1852,10.1909],[76.1767,10.1867],[76.1691,10.1849],[76.1648,10.1798],[76.1669,10.1703],[76.1715,10.1598],[76.1779,10.1417],[76.1858,10.1166],[76.1889,10.1005],[76.1929,10.0859],[76.1942,10.0829],[76.1986,10.0646],[76.2019,10.053],[76.2035,10.0508],[76.2073,10.0399],[76.2112,10.0267],[76.2126,10.0256],[76.2197,10.0012],[76.2223,10],[76.2229,9.9948],[76.23,9.9782],[76.2346,9.975],[76.2381,9.9692],[76.2365,9.9646],[76.238,9.9534],[76.2428,9.9419],[76.2486,9.9244],[76.2519,9.9167],[76.2601,9.8829],[76.2616,9.8715],[76.2695,9.8333],[76.2706,9.8242],[76.273,9.8127],[76.2772,9.7891],[76.2839,9.7911],[76.2825,9.805],[76.2909,9.8067],[76.2869,9.8187],[76.2836,9.8172],[76.2795,9.8268],[76.2796,9.8311],[76.284,9.8365],[76.2862,9.8496],[76.2957,9.8511],[76.2972,9.8553],[76.2953,9.8596],[76.2956,9.8641],[76.2938,9.873],[76.2939,9.8788],[76.2926,9.8835],[76.2927,9.8906],[76.2966,9.8914],[76.303,9.8902],[76.3106,9.8837],[76.3222,9.8812],[76.3297,9.8775],[76.3361,9.877],[76.3505,9.8819],[76.3534,9.884],[76.3571,9.8803],[76.3619,9.8708],[76.3655,9.868],[76.3719,9.8555],[76.3698,9.8526],[76.37,9.8472],[76.3715,9.8386],[76.3728,9.8367]]]},"properties":{"c":555,"n":"Ernakulam"}},
{"type":"Feature","geometry":{"type":"Polygon","coordinates":[[[76.6289,9.8556],[76.6271,9.8509],[76.6285,9.8486],[76.6336,9.8461],[76.6387,9.8451],[76.6462,9.8408],[76.6502,9.8412],[76.6613,9.8403],[76.6632,9.8392],[76.6679,9.8439],[76.6747,9.8428],[76.6761,9.8392],[76.6824,9.8392],[76.6849,9.8334],[76.6907,9.8346],[76.6956,9.8338],[76.699,9.8256],[76.7103,9.8221],[76.7103,9.8198],[76.7155,9.8182],[76.7206,9.814],[76.7279,9.8112],[76.73,9.8124],[76.734,9.8086],[76.7389,9.8069],[76.7422,9.8037],[76.7505,9.8063],[76.7497,9.8146],[76.7544,9.8176],[76.7575,9.8155],[76.77,9.8096],[76.7786,9.8083],[76.7949,9.7983],[76.8081,9.7896],[76.8147,9.7802],[76.8277,9.7701],[76.8274,9.7639],[76.839,9.7561],[76.8431,9.7517],[76.8451,9.7461],[76.8487,9.7404],[76.8605,9.7305],[76.8672,9.7359],[76.8678,9.73],[76.8741,9.7246],[76.8815,9.7205],[76.8853,9.7202],[76.8899,9.7157],[76.8905,9.7103],[76.897,9.7009],[76.8974,9.697],[76.902,9.6888],[76.9039,9.6833],[76.903,9.6763],[76.9081,9.6718],[76.9121,9.6699],[76.9122,9.6661],[76.9146,9.6636],[76.9251,9.6564],[76.9273,9.6528],[76.9252,9.6496],[76.9222,9.6499],[76.9195,9.6472],[76.9183,9.6432],[76.9225,9.6362],[76.9316,9.6281],[76.9347,9.6205],[76.9283,9.6153],[76.9257,9.618],[76.9174,9.6213],[76.9138,9.6249],[76.9097,9.6266],[76.9034,9.6338],[76.8946,9.6333],[76.8912,9.6295],[76.8924,9.622],[76.8868,9.6199],[76.8911,9.616],[76.8876,9.6108],[76.8898,9.6057],[76.8921,9.6048],[76.8918,9.5999],[76.8951,9.5888],[76.8843,9.5833],[76.883,9.5809],[76.8852,9.5759],[76.887,9.5648],[76.8854,9.5627],[76.8889,9.5541],[76.8882,9.5508],[76.8907,9.5454],[76.8877,9.5377],[76.8993,9.5375],[76.9029,9.5365],[76.9029,9.5274],[76.9059,9.5237],[76.9043,9.5214],[76.9097,9.5171],[76.9192,9.5111],[76.9244,9.5051],[76.9279,9.5049],[76.9298,9.5018],[76.9358,9.5045],[76.938,9.5027],[76.9501,9.49],[76.9548,9.4919],[76.9564,9.4982],[76.9589,9.5006],[76.9567,9.5028],[76.9646,9.5085],[76.9693,9.5043],[76.9697,9.5011],[76.9743,9.5016],[76.978,9.498],[76.9831,9.4901],[76.9841,9.4863],[76.9818,9.4834],[76.984,9.4803],[76.9846,9.4706],[76.982,9.467],[76.9748,9.4663],[76.9717,9.4672],[76.9689,9.4646],[76.9739,9.46],[76.9801,9.4572],[76.9865,9.4518],[76.99,9.4508],[76.9939,9.4471],[77.0001,9.4466],[77.001,9.4478],[77.0069,9.4451],[77.0159,9.4427],[77.0188,9.4348],[77.0181,9.4303],[77.012,9.4303],[77.0084,9.428],[77.0092,9.4203],[77.012,9.4185],[77.0102,9.4138],[77.0124,9.409],[77.0215,9.4061],[77.0249,9.4091],[77.0282,9.407],[77.0321,9.4093],[77.0351,9.4093],[77.0368,9.4124],[77.0469,9.4141],[77.0533,9.4181],[77.0602,9.4161],[77.0664,9.4169],[77.0658,9.42],[77.0615,9.4268],[77.0589,9.4349],[77.0599,9.4396],[77.0582,9.4423],[77.0609,9.448],[77.0675,9.4522],[77.0685,9.4543],[77.0805,9.4572],[77.0949,9.4643],[77.0997,9.4645],[77.1044,9.4692],[77.1084,9.4688],[77.1156,9.4656],[77.1175,9.4636],[77.1261,9.462],[77.1295,9.4593],[77.1343,9.4588],[77.1434,9.4615],[77.1553,9.4711],[77.1626,9.4691],[77.1664,9.4697],[77.1663,9.4651],[77.1725,9.4634],[77.1766,9.469],[77.182,9.4727],[77.1822,9.4664],[77.1845,9.4633],[77.1824,9.4565],[77.1834,9.4544],[77.1879,9.4562],[77.1919,9.4497],[77.1974,9.452],[77.2003,9.4496],[77.2032,9.4515],[77.2093,9.4484],[77.2079,9.4417],[77.2121,9.4436],[77.2154,9.4376],[77.2226,9.4354],[77.2239,9.4335],[77.221,9.4255],[77.2206,9.4216],[77.2236,9.4197],[77.2288,9.4197],[77.23,9.4173],[77.2282,9.4109],[77.2316,9.406],[77.2316,9.4037],[77.239,9.3989],[77.2428,9.3906],[77.2452,9.3893],[77.2472,9.3789],[77.2436,9.3734],[77.241,9.3676],[77.2412,9.3607],[77.2383,9.3579],[77.2348,9.3502],[77.2379,9.3396],[77.2322,9.3339],[77.2313,9.3293],[77.2348,9.3275],[77.2351,9.3242],[77.228,9.3182],[77.2246,9.3117],[77.2261,9.305],[77.2246,9.2959],[77.2286,9.2975],[77.2353,9.2934],[77.2372,9.2851],[77.2429,9.2836],[77.2446,9.2901],[77.2488,9.2898],[77.2522,9.2872],[77.2578,9.2854],[77.2614,9.2814],[77.2651,9.2813],[77.2733,9.2788],[77.276,9.2754],[77.282,9.2728],[77.2885,9.2742],[77.288,9.2802],[77.2832,9.2913],[77.2839,9.2939],[77.2822,9.2985],[77.283,9.3013],[77.2889,9.3019],[77.2937,9.3048],[77.2995,9.3109],[77.2995,9.3142],[77.3025,9.3195],[77.3018,9.3242],[77.298,9.3278],[77.3005,9.3297],[77.3,9.3367],[77.3045,9.3378],[77.3108,9.3354],[77.3156,9.3349],[77.3201,9.3375],[77.3253,9.3371],[77.3251,9.3435],[77.3358,9.361],[77.3378,9.3685],[77.3361,9.3722],[77.3364,9.3773],[77.3346,9.3782],[77.336,9.3862],[77.3414,9.3898],[77.3398,9.3937],[77.3437,9.4024],[77.3383,9.4083],[77.3365,9.4134],[77.3397,9.4207],[77.3439,9.4232],[77.3455,9.4293],[77.3486,9.4345],[77.3494,9.4412],[77.3564,9.4476],[77.3587,9.4536],[77.366,9.4601],[77.3729,9.4566],[77.3742,9.4535],[77.3772,9.4528],[77.3816,9.4552],[77.387,9.4556],[77.3926,9.4594],[77.3915,9.4687],[77.3982,9.4725],[77.402,9.4786],[77.3992,9.4801],[77.3986,9.4875],[77.3989,9.4955],[77.4008,9.4992],[77.4124,9.509],[77.408,9.515],[77.4004,9.5179],[77.4032,9.5218],[77.4005,9.5274],[77.3973,9.5241],[77.3893,9.52],[77.3852,9.5192],[77.3805,9.5251],[77.3769,9.5248],[77.3733,9.5268],[77.373,9.5299],[77.3686,9.5349],[77.3656,9.535],[77.3646,9.5467],[77.3658,9.5509],[77.3615,9.5578],[77.356,9.5581],[77.3529,9.5596],[77.3503,9.5671],[77.353,9.5729],[77.3581,9.5739],[77.36,9.5785],[77.356,9.5882],[77.3575,9.5944],[77.3661,9.596],[77.3658,9.5997],[77.3613,9.6021],[77.3546,9.6041],[77.3455,9.588],[77.3419,9.5799],[77.3421,9.577],[77.3395,9.5733],[77.3325,9.5788],[77.3254,9.58],[77.3239,9.5854],[77.3262,9.5886],[77.3245,9.5933],[77.3295,9.5981],[77.3224,9.5983],[77.3178,9.6025],[77.3154,9.6007],[77.3038,9.5987],[77.2995,9.5937],[77.294,9.5889],[77.2904,9.5888],[77.2903,9.5848],[77.2802,9.5793],[77.2769,9.5757],[77.2724,9.5765],[77.2697,9.5728],[77.2639,9.5737],[77.2614,9.5768],[77.2578,9.5782],[77.2531,9.583],[77.2428,9.5852],[77.2371,9.5811],[77.2287,9.5865],[77.2225,9.5928],[77.2222,9.5977],[77.2171,9.6016],[77.2144,9.6007],[77.2098,9.605],[77.2105,9.6109],[77.2028,9.6145],[77.1982,9.6144],[77.1973,9.611],[77.1904,9.6089],[77.1887,9.6061],[77.1819,9.6092],[77.1735,9.6112],[77.1703,9.6097],[77.1659,9.6129],[77.1678,9.615],[77.1684,9.6223],[77.1714,9.626],[77.1744,9.6265],[77.1761,9.6297],[77.1742,9.6329],[77.174,9.637],[77.1793,9.6449],[77.1797,9.6563],[77.1832,9.6607],[77.187,9.6612],[77.187,9.6666],[77.1941,9.6706],[77.1946,9.6741],[77.2029,9.6902],[77.2066,9.6944],[77.2043,9.702],[77.202,9.7043],[77.2037,9.7111],[77.2053,9.7131],[77.2057,9.7202],[77.2043,9.7235],[77.2116,9.7243],[77.2156,9.7267],[77.2184,9.7261],[77.2207,9.7296],[77.2235,9.73],[77.2202,9.745],[77.2224,9.7502],[77.2251,9.7528],[77.2267,9.7572],[77.2262,9.7614],[77.2282,9.7655],[77.2317,9.7694],[77.2282,9.7712],[77.2241,9.7784],[77.2245,9.7811],[77.2227,9.7878],[77.2284,9.7882],[77.236,9.7901],[77.2391,9.7958],[77.2467,9.7979],[77.2458,9.8018],[77.2468,9.808],[77.2402,9.8165],[77.2326,9.8174],[77.2327,9.8215],[77.2268,9.8214],[77.2239,9.8238],[77.2238,9.8287],[77.2275,9.8381],[77.2229,9.8449],[77.2281,9.8491],[77.2372,9.8514],[77.236,9.8539],[77.2363,9.8596],[77.2327,9.8615],[77.2261,9.8609],[77.2196,9.8647],[77.2169,9.8685],[77.2122,9.8776],[77.2153,9.8774],[77.2175,9.8843],[77.2207,9.8845],[77.2181,9.8964],[77.2183,9.9043],[77.2226,9.906],[77.2244,9.9097],[77.2298,9.9121],[77.2317,9.924],[77.2356,9.9264],[77.2343,9.9306],[77.2381,9.9369],[77.2482,9.9473],[77.2465,9.9514],[77.253,9.9535],[77.2607,9.9524],[77.2674,9.96],[77.2729,9.9642],[77.2722,9.9701],[77.2727,9.9763],[77.2689,9.9793],[77.2644,9.9872],[77.2666,9.9904],[77.2618,9.9911],[77.2608,9.9958],[77.2662,10.0014],[77.2599,10.0072],[77.2552,10.0099],[77.2574,10.0193],[77.2597,10.0193],[77.2623,10.024],[77.2619,10.0297],[77.2582,10.0347],[77.2554,10.036],[77.2446,10.0517],[77.237,10.0569],[77.2345,10.0598],[77.2314,10.0663],[77.2235,10.0692],[77.2229,10.073],[77.2199,10.077],[77.214,10.0803],[77.204,10.0877],[77.2032,10.0896],[77.204,10.0973],[77.2029,10.1042],[77.2013,10.1058],[77.2044,10.1125],[77.2065,10.1126],[77.2079,10.1177],[77.2115,10.1179],[77.2164,10.1159],[77.2186,10.1179],[77.2231,10.1184],[77.2328,10.124],[77.2343,10.1285],[77.2378,10.13],[77.2444,10.1306],[77.2482,10.1298],[77.2489,10.1268],[77.2527,10.1244],[77.2554,10.1248],[77.2678,10.1216],[77.2684,10.1271],[77.2741,10.1295],[77.2745,10.1398],[77.2718,10.142],[77.2741,10.1577],[77.2728,10.1643],[77.2754,10.1777],[77.2753,10.1844],[77.2792,10.1952],[77.2831,10.1968],[77.2852,10.2034],[77.2837,10.2081],[77.2873,10.2093],[77.2898,10.2147],[77.2934,10.2153],[77.295,10.2179],[77.2881,10.2319],[77.2842,10.2334],[77.2809,10.2368],[77.2777,10.2352],[77.2686,10.2346],[77.2597,10.2303],[77.2572,10.2594],[77.2629,10.2633],[77.2464,10.2847],[77.2392,10.2959],[77.2398,10.2985],[77.2361,10.3025],[77.2355,10.3071],[77.2316,10.3082],[77.2309,10.3126],[77.2277,10.3158],[77.2276,10.32],[77.2294,10.322],[77.2282,10.3273],[77.2306,10.3333],[77.2364,10.3389],[77.2352,10.3513],[77.2262,10.3534],[77.2094,10.353],[77.2043,10.3541],[77.2024,10.3575],[77.1981,10.3567],[77.196,10.3545],[77.1872,10.3555],[77.1766,10.3584],[77.1683,10.3537],[77.1573,10.3444],[77.1521,10.3382],[77.1458,10.3343],[77.1396,10.3321],[77.1283,10.3259],[77.1204,10.318],[77.1102,10.3156],[77.1015,10.3155],[77.0988,10.3135],[77.0969,10.3093],[77.092,10.3124],[77.0888,10.3119],[77.0873,10.3089],[77.0812,10.3043],[77.0726,10.2991],[77.0662,10.2977],[77.063,10.2914],[77.0594,10.2902],[77.0559,10.2867],[77.0429,10.2838],[77.0496,10.2781],[77.0526,10.2726],[77.0508,10.2681],[77.0506,10.2618],[77.0547,10.2573],[77.056,10.2534],[77.0615,10.2499],[77.0628,10.2426],[77.0605,10.2362],[77.0575,10.2343],[77.0483,10.2308],[77.0453,10.2337],[77.0386,10.2307],[77.0307,10.2286],[77.0242,10.2299],[77.0203,10.2286],[77.0143,10.2244],[77.0172,10.2193],[77.0224,10.2169],[77.0201,10.2129],[77.0238,10.2118],[77.0327,10.2049],[77.0401,10.2033],[77.0433,10.2068],[77.0488,10.2058],[77.0555,10.2117],[77.0623,10.2103],[77.0683,10.2067],[77.0678,10.2029],[77.0655,10.1991],[77.0668,10.1957],[77.0747,10.1974],[77.0754,10.195],[77.0804,10.193],[77.0835,10.1866],[77.0891,10.183],[77.0851,10.1745],[77.0805,10.1715],[77.0769,10.1759],[77.073,10.1744],[77.0679,10.1744],[77.0614,10.1699],[77.0575,10.1782],[77.0484,10.1765],[77.0427,10.1768],[77.0365,10.1734],[77.0283,10.1724],[77.0234,10.1784],[77.0162,10.1758],[77.0054,10.1696],[77.0026,10.1705],[77.0006,10.1651],[76.9977,10.1625],[76.9941,10.1632],[76.9889,10.1609],[76.9856,10.165],[76.9804,10.1648],[76.9763,10.161],[76.9665,10.1598],[76.9624,10.164],[76.9553,10.166],[76.9493,10.1703],[76.9407,10.1715],[76.9328,10.1754],[76.9276,10.179],[76.9211,10.176],[76.9181,10.1681],[76.9127,10.1656],[76.9126,10.1624],[76.9061,10.1513],[76.9025,10.1483],[76.9055,10.1438],[76.9043,10.1405],[76.8965,10.1354],[76.8914,10.131],[76.8807,10.1126],[76.8746,10.1038],[76.8646,10.0918],[76.8633,10.0872],[76.8632,10.0814],[76.8651,10.0744],[76.8624,10.074],[76.8528,10.0774],[76.8452,10.0793],[76.8382,10.0841],[76.8243,10.0903],[76.82,10.0891],[76.8204,10.0866],[76.814,10.0809],[76.8157,10.0761],[76.8163,10.069],[76.823,10.0622],[76.8173,10.0616],[76.8103,10.0627],[76.8105,10.0584],[76.8036,10.0575],[76.8008,10.0603],[76.8028,10.0627],[76.7955,10.0656],[76.7904,10.0637],[76.7881,10.065],[76.7788,10.0666],[76.7748,10.0638],[76.7758,10.0599],[76.7811,10.0592],[76.7861,10.0519],[76.7855,10.0499],[76.7891,10.0463],[76.7964,10.0418],[76.8053,10.0398],[76.8097,10.0353],[76.8172,10.0349],[76.8255,10.029],[76.8319,10.0255],[76.8367,10.0255],[76.8378,10.0117],[76.8263,10.0127],[76.8105,10.0212],[76.8053,10.0268],[76.7988,10.0292],[76.7943,10.029],[76.7916,10.033],[76.7809,10.0348],[76.7778,10.0306],[76.779,10.0238],[76.7773,10.0224],[76.7668,10.0195],[76.7647,10.011],[76.7689,10.0014],[76.7662,9.9976],[76.7652,9.9934],[76.7611,9.9892],[76.7647,9.9841],[76.7641,9.9813],[76.7552,9.9876],[76.7476,9.989],[76.7447,9.9907],[76.7364,9.9848],[76.7308,9.9849],[76.7234,9.9815],[76.7198,9.9861],[76.7163,9.9872],[76.7122,9.982],[76.711,9.9771],[76.7114,9.973],[76.715,9.9702],[76.7156,9.964],[76.7193,9.9597],[76.7244,9.9572],[76.722,9.9523],[76.7126,9.9534],[76.7117,9.9488],[76.7143,9.9467],[76.7132,9.943],[76.7097,9.9434],[76.7036,9.9388],[76.7,9.9311],[76.6946,9.9309],[76.6899,9.9294],[76.6833,9.9242],[76.6902,9.9228],[76.6956,9.9153],[76.6987,9.9195],[76.7015,9.9166],[76.698,9.915],[76.697,9.9096],[76.6913,9.9073],[76.6818,9.9118],[76.6814,9.9176],[76.678,9.9168],[76.6718,9.919],[76.6644,9.9165],[76.6551,9.918],[76.6488,9.9215],[76.6419,9.9176],[76.6343,9.9174],[76.6295,9.9134],[76.6316,9.9057],[76.6283,9.9007],[76.6312,9.8947],[76.6305,9.8887],[76.6327,9.8853],[76.6361,9.8839],[76.6358,9.8783],[76.6374,9.8733],[76.6322,9.8714],[76.6349,9.8649],[76.6324,9.8624],[76.6318,9.8569],[76.6289,9.8556]]]},"properties":{"c":556,"n":"Idukki"}},
{"type":"Feature","geometry":{"type":"Polygon","coordinates":[[[75.9396,11.941],[75.9308,11.9397],[75.9272,11.9434],[75.9175,11.9449],[75.914,11.9469],[75.897,11.9455],[75.8931,11.9489],[75.886,11.952],[75.8807,11.9497],[75.8725,11.9533],[75.8704,11.9526],[75.8645,11.9583],[75.8589,11.9594],[75.8537,11.9659],[75.853,11.9716],[75.8501,11.9747],[75.8469,11.982],[75.837,11.9809],[75.83,11.984],[75.8256,11.9919],[75.8252,12.0027],[75.8204,12.0025],[75.8232,12.0098],[75.8225,12.0139],[75.8155,12.0205],[75.8099,12.0227],[75.811,12.0286],[75.8011,12.037],[75.8011,12.0427],[75.7986,12.0497],[75.7942,12.0546],[75.7988,12.0571],[75.7987,12.0633],[75.8026,12.0738],[75.8026,12.0786],[75.7982,12.0794],[75.7959,12.0817],[75.7902,12.082],[75.7854,12.0843],[75.7812,12.0827],[75.7733,12.0827],[75.7676,12.0845],[75.7628,12.0832],[75.7521,12.0839],[75.7491,12.0819],[75.7474,12.0784],[75.744,12.08],[75.7361,12.0789],[75.7277,12.0725],[75.7254,12.0732],[75.72,12.0709],[75.7147,12.0704],[75.715,12.0762],[75.7177,12.0823],[75.7174,12.0863],[75.7131,12.0905],[75.7021,12.0926],[75.7033,12.1082],[75.6955,12.1105],[75.6872,12.1102],[75.6829,12.1037],[75.6799,12.1027],[75.6769,12.0982],[75.6674,12.0973],[75.6606,12.1001],[75.6585,12.1036],[75.653,12.1079],[75.649,12.1096],[75.6467,12.1153],[75.6475,12.1219],[75.6441,12.1255],[75.6444,12.1331],[75.642,12.1398],[75.638,12.1395],[75.6392,12.1434],[75.6361,12.1492],[75.6313,12.1488],[75.6264,12.1529],[75.6208,12.1561],[75.615,12.1556],[75.6109,12.1526],[75.6069,12.1555],[75.602,12.1536],[75.5956,12.1542],[75.5935,12.148],[75.5905,12.1525],[75.5843,12.1566],[75.5833,12.1591],[75.5772,12.1578],[75.5754,12.1628],[75.5694,12.1731],[75.5616,12.1751],[75.5594,12.1775],[75.5585,12.1821],[75.555,12.1832],[75.5526,12.1928],[75.5486,12.1926],[75.5466,12.1977],[75.5408,12.1982],[75.5407,12.202],[75.5365,12.2013],[75.5351,12.2063],[75.5373,12.2087],[75.5397,12.2168],[75.5317,12.2216],[75.5268,12.226],[75.5283,12.2316],[75.5249,12.2348],[75.5211,12.2361],[75.5207,12.2402],[75.5186,12.2435],[75.5194,12.2468],[75.5116,12.2531],[75.5115,12.2603],[75.5058,12.2646],[75.5054,12.2707],[75.4939,12.2728],[75.4914,12.2782],[75.4869,12.2843],[75.4858,12.2894],[75.4807,12.2925],[75.4794,12.2954],[75.4755,12.296],[75.4695,12.3007],[75.4637,12.2983],[75.4599,12.294],[75.4457,12.2976],[75.4397,12.2968],[75.4364,12.2985],[75.4326,12.2975],[75.4301,12.299],[75.4269,12.2959],[75.4236,12.2955],[75.4211,12.2917],[75.4144,12.2906],[75.4137,12.2924],[75.4095,12.2952],[75.407,12.2938],[75.3964,12.2937],[75.3929,12.2902],[75.3911,12.2913],[75.3908,12.2967],[75.3869,12.2948],[75.3862,12.2906],[75.382,12.2854],[75.3764,12.2833],[75.3718,12.2857],[75.3687,12.2843],[75.3653,12.2778],[75.3606,12.2765],[75.3455,12.2672],[75.3395,12.2692],[75.3327,12.2666],[75.3292,12.2665],[75.3272,12.2708],[75.3191,12.2743],[75.3131,12.271],[75.3078,12.2716],[75.3002,12.2701],[75.2871,12.2605],[75.2871,12.2567],[75.2913,12.2431],[75.2906,12.2359],[75.2872,12.2331],[75.2818,12.2331],[75.2759,12.2317],[75.2723,12.2279],[75.2648,12.2248],[75.2611,12.2253],[75.2582,12.2221],[75.2506,12.2207],[75.246,12.2188],[75.2371,12.2181],[75.2316,12.222],[75.2279,12.2175],[75.2231,12.2137],[75.2207,12.2079],[75.2154,12.2026],[75.2086,12.1991],[75.2039,12.1914],[75.1999,12.191],[75.1941,12.1933],[75.1878,12.1927],[75.1821,12.1908],[75.1798,12.1915],[75.1743,12.1874],[75.1797,12.1765],[75.1815,12.1762],[75.1877,12.166],[75.1904,12.1557],[75.1908,12.149],[75.1934,12.1466],[75.194,12.143],[75.1965,12.1404],[75.1952,12.1362],[75.1908,12.1346],[75.1882,12.13],[75.1938,12.119],[75.191,12.1149],[75.1931,12.104],[75.1895,12.0964],[75.182,12.096],[75.1791,12.0996],[75.1746,12.1004],[75.1681,12.0919],[75.1693,12.0879],[75.174,12.0818],[75.1755,12.0783],[75.1765,12.0698],[75.1817,12.0584],[75.1859,12.0455],[75.1839,12.0442],[75.2011,12.0091],[75.204,12.0053],[75.2074,12.0076],[75.2095,12.0114],[75.2151,12.0102],[75.2211,12.0123],[75.2238,12.02],[75.2291,12.0226],[75.2337,12.0206],[75.2428,12.0145],[75.2503,12.0082],[75.255,12.0012],[75.273,11.9777],[75.2885,11.9554],[75.2949,11.9457],[75.2958,11.9477],[75.3008,11.9473],[75.2983,11.941],[75.3067,11.9328],[75.3139,11.922],[75.3206,11.9131],[75.3184,11.909],[75.3195,11.9046],[75.3232,11.9038],[75.3342,11.8926],[75.3441,11.881],[75.3527,11.8695],[75.3557,11.8598],[75.3618,11.8567],[75.3681,11.8513],[75.3715,11.8533],[75.3742,11.858],[75.381,11.8586],[75.3851,11.8565],[75.3946,11.8439],[75.3992,11.8394],[75.4024,11.8386],[75.4059,11.8355],[75.4078,11.8317],[75.4168,11.8218],[75.4177,11.8197],[75.4256,11.8109],[75.4303,11.8083],[75.4324,11.8089],[75.4361,11.8054],[75.445,11.7911],[75.4463,11.7884],[75.4464,11.7824],[75.4505,11.7812],[75.4542,11.7775],[75.4528,11.7714],[75.4606,11.7655],[75.4655,11.7672],[75.4681,11.7646],[75.4727,11.7643],[75.4756,11.7594],[75.4836,11.7534],[75.4853,11.7481],[75.4903,11.7449],[75.4955,11.7389],[75.4975,11.735],[75.5044,11.7348],[75.509,11.7311],[75.5147,11.7218],[75.5172,11.7146],[75.5197,11.7157],[75.5245,11.7079],[75.53,11.7036],[75.533,11.7058],[75.5343,11.709],[75.5393,11.709],[75.5442,11.7045],[75.55,11.7047],[75.5532,11.7034],[75.5568,11.6984],[75.5636,11.6943],[75.564,11.6926],[75.5616,11.6835],[75.5627,11.6805],[75.5662,11.68],[75.57,11.6751],[75.5791,11.6798],[75.5872,11.6873],[75.594,11.6884],[75.6011,11.687],[75.6039,11.6905],[75.6011,11.6963],[75.5949,11.6964],[75.5924,11.6997],[75.5939,11.7053],[75.5932,11.7084],[75.5875,11.7113],[75.589,11.7133],[75.5932,11.7125],[75.5961,11.7137],[75.5994,11.7192],[75.6031,11.7188],[75.6062,11.7226],[75.6086,11.7211],[75.611,11.7252],[75.6149,11.7244],[75.6242,11.7322],[75.6238,11.7353],[75.6297,11.7388],[75.6336,11.7365],[75.6393,11.7401],[75.6413,11.7442],[75.6435,11.7434],[75.6485,11.7468],[75.6484,11.7498],[75.6581,11.7554],[75.6593,11.7583],[75.6655,11.7585],[75.6676,11.7632],[75.667,11.766],[75.669,11.7702],[75.683,11.7746],[75.6857,11.7788],[75.6881,11.7888],[75.6914,11.7943],[75.6915,11.7995],[75.6991,11.7994],[75.7132,11.7961],[75.7166,11.7968],[75.723,11.7924],[75.7268,11.7874],[75.7289,11.7806],[75.7361,11.7815],[75.7372,11.7868],[75.7459,11.7866],[75.7501,11.7821],[75.7576,11.7891],[75.7534,11.7923],[75.7532,11.7949],[75.747,11.798],[75.7499,11.8039],[75.7573,11.8059],[75.7629,11.8039],[75.772,11.8027],[75.7761,11.8037],[75.7808,11.8071],[75.7815,11.8102],[75.7952,11.8166],[75.7988,11.8194],[75.7977,11.8273],[75.793,11.8308],[75.7899,11.8359],[75.7899,11.8405],[75.7935,11.8459],[75.8007,11.8453],[75.8052,11.8483],[75.8054,11.8539],[75.8094,11.8568],[75.8175,11.8563],[75.8201,11.8587],[75.8229,11.8535],[75.8276,11.8514],[75.8311,11.8514],[75.8375,11.8533],[75.841,11.856],[75.847,11.8549],[75.8476,11.8514],[75.854,11.8478],[75.8613,11.8499],[75.8719,11.8489],[75.8795,11.847],[75.882,11.8451],[75.8878,11.8467],[75.8917,11.8426],[75.8978,11.8426],[75.9121,11.8456],[75.9178,11.8446],[75.9254,11.8482],[75.9293,11.8578],[75.9281,11.8627],[75.9256,11.8636],[75.9194,11.8707],[75.9143,11.8731],[75.9126,11.8761],[75.9191,11.8802],[75.925,11.8802],[75.9298,11.882],[75.9363,11.8907],[75.9365,11.9006],[75.9373,11.9048],[75.9353,11.9118],[75.9315,11.914],[75.9303,11.9166],[75.9253,11.9196],[75.9262,11.9246],[75.9252,11.9294],[75.9266,11.9333],[75.9306,11.9352],[75.936,11.9345],[75.9396,11.941]],[[75.5377,11.7628],[75.5414,11.7594],[75.5441,11.7591],[75.5464,11.756],[75.5447,11.7535],[75.5445,11.7465],[75.5421,11.7372],[75.5447,11.7327],[75.5515,11.7304],[75.5556,11.7276],[75.5553,11.7215],[75.5474,11.7155],[75.5458,11.7175],[75.5409,11.7156],[75.5376,11.7161],[75.5365,11.7193],[75.5325,11.7162],[75.5359,11.7113],[75.5306,11.7104],[75.5316,11.7159],[75.5291,11.7168],[75.5271,11.7206],[75.5266,11.7261],[75.5308,11.731],[75.5317,11.7347],[75.5401,11.7349],[75.5417,11.7429],[75.5403,11.7485],[75.5357,11.7512],[75.5324,11.7597],[75.5377,11.7628]]]},"properties":{"c":557,"n":"Kannur"}},
{"type":"Feature","geometry":{"type":"Polygon","coordinates":[[[75.4137,12.2924],[75.4204,12.2961],[75.4245,12.2999],[75.4249,12.3033],[75.4278,12.3041],[75.4272,12.3107],[75.4236,12.3139],[75.4203,12.319],[75.4186,12.3292],[75.4162,12.3299],[75.4154,12.3401],[75.4109,12.346],[75.4117,12.3491],[75.4154,12.3496],[75.4196,12.3569],[75.4219,12.3677],[75.4215,12.3736],[75.4131,12.3803],[75.4062,12.379],[75.4015,12.3825],[75.3986,12.3814],[75.3923,12.39],[75.3861,12.3924],[75.3839,12.3909],[75.3797,12.394],[75.3771,12.399],[75.3724,12.4008],[75.3709,12.4088],[75.3669,12.4125],[75.367,12.4171],[75.37,12.4264],[75.3691,12.4295],[75.3713,12.4389],[75.3688,12.4428],[75.3703,12.4489],[75.3656,12.4567],[75.3705,12.4566],[75.375,12.4596],[75.3812,12.4568],[75.3869,12.4581],[75.3927,12.4546],[75.3934,12.4514],[75.3996,12.4549],[75.404,12.4549],[75.4133,12.4586],[75.4156,12.4622],[75.4157,12.466],[75.4233,12.4668],[75.4249,12.4689],[75.4246,12.4748],[75.4203,12.4798],[75.4206,12.4885],[75.4173,12.4934],[75.4184,12.4949],[75.4161,12.5],[75.4115,12.5019],[75.4081,12.4986],[75.403,12.4977],[75.398,12.5037],[75.3946,12.5028],[75.3917,12.4994],[75.3874,12.5019],[75.3821,12.5006],[75.3778,12.4951],[75.3685,12.4918],[75.369,12.487],[75.3717,12.4866],[75.373,12.4805],[75.371,12.4748],[75.3668,12.4727],[75.3585,12.464],[75.3517,12.4649],[75.3461,12.463],[75.3366,12.4641],[75.3415,12.4691],[75.3387,12.4716],[75.336,12.4779],[75.3374,12.4885],[75.3335,12.492],[75.3344,12.4961],[75.3323,12.4991],[75.3245,12.4967],[75.3215,12.4978],[75.315,12.4971],[75.314,12.5032],[75.307,12.5033],[75.3039,12.5047],[75.3047,12.5077],[75.3032,12.5143],[75.3041,12.5233],[75.2965,12.5232],[75.2913,12.5268],[75.2799,12.526],[75.2786,12.5315],[75.274,12.5356],[75.2745,12.5402],[75.2706,12.5483],[75.2722,12.5548],[75.2701,12.5584],[75.2729,12.569],[75.2785,12.5716],[75.2847,12.5696],[75.2905,12.5826],[75.2998,12.5812],[75.3117,12.5766],[75.3126,12.5739],[75.3162,12.573],[75.3187,12.5775],[75.3264,12.5814],[75.328,12.5843],[75.328,12.591],[75.3142,12.591],[75.3122,12.5897],[75.3071,12.596],[75.3056,12.6011],[75.3019,12.6054],[75.2991,12.6059],[75.2916,12.6019],[75.2896,12.6104],[75.286,12.6112],[75.2817,12.6164],[75.2763,12.6185],[75.2726,12.6156],[75.2674,12.6146],[75.2651,12.6112],[75.266,12.6072],[75.2635,12.6045],[75.2613,12.5982],[75.2571,12.5967],[75.2555,12.5916],[75.2523,12.5895],[75.2497,12.5846],[75.2416,12.58],[75.2387,12.5807],[75.2375,12.5698],[75.2301,12.5686],[75.2239,12.5704],[75.2203,12.5691],[75.2178,12.5764],[75.2126,12.5782],[75.208,12.591],[75.2011,12.5877],[75.2017,12.5934],[75.2079,12.5957],[75.21,12.6002],[75.2078,12.6027],[75.2067,12.608],[75.2009,12.6096],[75.1988,12.6144],[75.201,12.6196],[75.2028,12.6276],[75.2017,12.63],[75.1937,12.6303],[75.1882,12.6331],[75.1829,12.6328],[75.1801,12.6312],[75.17,12.6223],[75.1642,12.6241],[75.1607,12.6221],[75.1539,12.625],[75.1444,12.6405],[75.1385,12.6434],[75.1429,12.6465],[75.1504,12.6497],[75.1521,12.6561],[75.1549,12.6589],[75.162,12.672],[75.1499,12.6733],[75.149,12.6762],[75.152,12.6832],[75.1464,12.6822],[75.144,12.6787],[75.1398,12.6806],[75.1382,12.6772],[75.1343,12.6779],[75.1325,12.6761],[75.1284,12.6769],[75.1249,12.6815],[75.1221,12.6789],[75.1192,12.6808],[75.1115,12.6818],[75.1126,12.6852],[75.1106,12.6906],[75.1076,12.693],[75.1058,12.6971],[75.1002,12.6997],[75.0923,12.6998],[75.086,12.704],[75.0809,12.6991],[75.0851,12.6954],[75.0831,12.6933],[75.0856,12.6902],[75.0855,12.6825],[75.0874,12.6792],[75.0864,12.6761],[75.0733,12.6717],[75.0702,12.6655],[75.0652,12.6648],[75.0635,12.6678],[75.0583,12.6703],[75.049,12.6689],[75.0433,12.6717],[75.0415,12.6787],[75.043,12.6815],[75.0405,12.685],[75.0427,12.6881],[75.0434,12.6922],[75.0485,12.694],[75.0527,12.6925],[75.0556,12.6935],[75.0504,12.7034],[75.0539,12.7111],[75.0507,12.7152],[75.0525,12.7201],[75.0479,12.7206],[75.0443,12.7231],[75.0427,12.7208],[75.0391,12.7238],[75.0336,12.7235],[75.0312,12.7209],[75.0266,12.7193],[75.0186,12.7211],[75.015,12.7142],[75.001,12.7164],[75.001,12.7196],[75.0049,12.7203],[75.0134,12.728],[75.0054,12.7309],[75,12.7321],[74.9925,12.7399],[74.99,12.7361],[74.9833,12.7372],[74.9842,12.7425],[74.9867,12.7414],[74.9926,12.7469],[74.9968,12.7524],[74.9987,12.757],[75.0031,12.7592],[75.0061,12.7661],[75.0094,12.7675],[75.0062,12.7708],[75.0034,12.778],[75.003,12.7844],[75.0051,12.7903],[75.0032,12.7917],[74.9957,12.7896],[74.9912,12.7955],[74.9874,12.7936],[74.9921,12.7882],[74.9873,12.783],[74.9819,12.7796],[74.9759,12.7791],[74.9684,12.7764],[74.9663,12.7808],[74.96,12.7789],[74.9582,12.7847],[74.9507,12.7843],[74.9417,12.78],[74.9354,12.7809],[74.9275,12.7787],[74.9163,12.772],[74.9127,12.7715],[74.9029,12.766],[74.9003,12.7629],[74.893,12.7624],[74.8823,12.754],[74.8796,12.7553],[74.8741,12.7549],[74.8722,12.7611],[74.8646,12.7602],[74.8645,12.7588],[74.8711,12.7406],[74.8747,12.7348],[74.8765,12.7282],[74.8843,12.7082],[74.8867,12.7071],[74.8999,12.6778],[74.9053,12.6647],[74.9101,12.6552],[74.916,12.6418],[74.9219,12.6256],[74.9271,12.6129],[74.9282,12.607],[74.9316,12.603],[74.9352,12.5951],[74.9501,12.5596],[74.9635,12.5257],[74.9738,12.5004],[74.9769,12.4956],[74.984,12.4799],[74.9922,12.4646],[74.9981,12.4502],[75.001,12.4465],[75.0046,12.4397],[75.0127,12.4224],[75.0144,12.417],[75.0188,12.4163],[75.0238,12.4068],[75.0274,12.3987],[75.0323,12.3903],[75.0361,12.3917],[75.0388,12.3907],[75.0436,12.3826],[75.0475,12.3721],[75.0587,12.35],[75.0609,12.343],[75.0659,12.3311],[75.0687,12.3266],[75.0728,12.3175],[75.0739,12.3133],[75.0781,12.3051],[75.0921,12.2721],[75.0932,12.2678],[75.0967,12.2613],[75.1004,12.2494],[75.1132,12.2183],[75.1143,12.2134],[75.1189,12.2036],[75.1234,12.2036],[75.1222,12.196],[75.1247,12.1882],[75.1293,12.178],[75.1414,12.1489],[75.1586,12.1027],[75.1696,12.0796],[75.1839,12.0442],[75.1859,12.0455],[75.1817,12.0584],[75.1765,12.0698],[75.1755,12.0783],[75.174,12.0818],[75.1693,12.0879],[75.1681,12.0919],[75.1746,12.1004],[75.1791,12.0996],[75.182,12.096],[75.1895,12.0964],[75.1931,12.104],[75.191,12.1149],[75.1938,12.119],[75.1882,12.13],[75.1908,12.1346],[75.1952,12.1362],[75.1965,12.1404],[75.194,12.143],[75.1934,12.1466],[75.1908,12.149],[75.1904,12.1557],[75.1877,12.166],[75.1815,12.1762],[75.1797,12.1765],[75.1743,12.1874],[75.1798,12.1915],[75.1821,12.1908],[75.1878,12.1927],[75.1941,12.1933],[75.1999,12.191],[75.2039,12.1914],[75.2086,12.1991],[75.2154,12.2026],[75.2207,12.2079],[75.2231,12.2137],[75.2279,12.2175],[75.2316,12.222],[75.2371,12.2181],[75.246,12.2188],[75.2506,12.2207],[75.2582,12.2221],[75.2611,12.2253],[75.2648,12.2248],[75.2723,12.2279],[75.2759,12.2317],[75.2818,12.2331],[75.2872,12.2331],[75.2906,12.2359],[75.2913,12.2431],[75.2871,12.2567],[75.2871,12.2605],[75.3002,12.2701],[75.3078,12.2716],[75.3131,12.271],[75.3191,12.2743],[75.3272,12.2708],[75.3292,12.2665],[75.3327,12.2666],[75.3395,12.2692],[75.3455,12.2672],[75.3606,12.2765],[75.3653,12.2778],[75.3687,12.2843],[75.3718,12.2857],[75.3764,12.2833],[75.382,12.2854],[75.3862,12.2906],[75.3869,12.2948],[75.3908,12.2967],[75.3911,12.2913],[75.3929,12.2902],[75.3964,12.2937],[75.407,12.2938],[75.4095,12.2952],[75.4137,12.2924]]]},"properties":{"c":558,"n":"Kasaragod"}},
{"type":"Feature","geometry":{"type":"Polygon","coordinates":[[[76.4634,9.1352],[76.4629,9.1342],[76.4669,9.1265],[76.4717,9.1153],[76.488,9.082],[76.4914,9.074],[76.4991,9.0582],[76.5016,9.0497],[76.5068,9.0383],[76.5154,9.0171],[76.5198,9.0015],[76.5212,8.9986],[76.5228,8.9888],[76.5295,8.9621],[76.5344,8.9505],[76.5373,8.9378],[76.5398,8.9389],[76.5418,8.9339],[76.5388,8.9307],[76.5412,8.9262],[76.5423,8.9131],[76.5477,8.9024],[76.5533,8.895],[76.56,8.8894],[76.5653,8.8801],[76.5718,8.8831],[76.5794,8.8812],[76.5877,8.8771],[76.5946,8.8727],[76.6101,8.8594],[76.618,8.8515],[76.6207,8.8476],[76.6314,8.8365],[76.6412,8.8243],[76.6477,8.8146],[76.6506,8.8088],[76.6528,8.8071],[76.6606,8.796],[76.6638,8.7934],[76.6729,8.7817],[76.6783,8.7858],[76.68,8.7811],[76.6845,8.7792],[76.6902,8.7793],[76.6922,8.7871],[76.692,8.7907],[76.7097,8.7915],[76.7094,8.7952],[76.714,8.7964],[76.7209,8.8036],[76.7236,8.8034],[76.7276,8.8003],[76.7385,8.7982],[76.7406,8.796],[76.7479,8.7964],[76.7584,8.7954],[76.7617,8.7936],[76.7613,8.8003],[76.7688,8.7987],[76.771,8.7999],[76.7683,8.804],[76.7719,8.8061],[76.7712,8.8112],[76.7771,8.8097],[76.7885,8.8119],[76.7904,8.8136],[76.7895,8.8183],[76.783,8.8194],[76.7873,8.8227],[76.7913,8.822],[76.7944,8.8281],[76.7907,8.8312],[76.7886,8.835],[76.7851,8.8358],[76.7818,8.8427],[76.7754,8.8439],[76.7783,8.8487],[76.7822,8.8525],[76.7842,8.8593],[76.7895,8.8535],[76.796,8.8555],[76.7993,8.8505],[76.802,8.8489],[76.8084,8.8569],[76.8102,8.8549],[76.8148,8.8565],[76.8167,8.8595],[76.8203,8.854],[76.8239,8.8512],[76.8238,8.8451],[76.8272,8.8425],[76.8293,8.8447],[76.8394,8.8407],[76.8405,8.8384],[76.8482,8.8343],[76.8459,8.8278],[76.8492,8.8264],[76.8518,8.8222],[76.851,8.819],[76.8554,8.816],[76.8571,8.8186],[76.8625,8.8145],[76.8703,8.8111],[76.8763,8.8102],[76.8828,8.8055],[76.8904,8.8115],[76.8933,8.8101],[76.8982,8.8118],[76.9069,8.8049],[76.9074,8.8013],[76.913,8.7985],[76.9149,8.7941],[76.9211,8.7867],[76.9153,8.782],[76.9152,8.7768],[76.9181,8.7738],[76.9222,8.7721],[76.9298,8.7662],[76.9309,8.7637],[76.9346,8.7624],[76.9419,8.7658],[76.9465,8.7712],[76.9504,8.7724],[76.9573,8.7711],[76.9636,8.7711],[76.9728,8.7754],[76.9741,8.7828],[76.9793,8.7892],[76.9833,8.7901],[76.9914,8.7879],[76.9977,8.7832],[77.001,8.7725],[77.0028,8.7713],[77.0151,8.772],[77.0249,8.7754],[77.0214,8.7803],[77.0199,8.7844],[77.016,8.7887],[77.0158,8.7916],[77.0112,8.7966],[77.01,8.8023],[77.0111,8.8075],[77.0088,8.8128],[77.0113,8.816],[77.0155,8.8177],[77.0191,8.8162],[77.0213,8.8179],[77.0197,8.8214],[77.0201,8.8284],[77.025,8.8338],[77.0291,8.8344],[77.0326,8.8428],[77.0429,8.8456],[77.0509,8.8464],[77.0563,8.8438],[77.0686,8.8406],[77.0715,8.8413],[77.0831,8.8398],[77.0883,8.8343],[77.0928,8.8332],[77.0996,8.8297],[77.103,8.829],[77.1074,8.8302],[77.1078,8.8267],[77.1118,8.8253],[77.1128,8.823],[77.1188,8.8221],[77.1228,8.8182],[77.1275,8.8105],[77.1337,8.8083],[77.1369,8.8059],[77.1407,8.8065],[77.1457,8.8036],[77.1476,8.8003],[77.1511,8.7991],[77.1538,8.7956],[77.1565,8.7967],[77.1591,8.7927],[77.1631,8.7902],[77.1686,8.7884],[77.1774,8.7813],[77.1839,8.7785],[77.1916,8.7727],[77.1997,8.7718],[77.1997,8.7698],[77.2064,8.7684],[77.2099,8.7653],[77.2156,8.7682],[77.2184,8.771],[77.2145,8.7749],[77.2147,8.7797],[77.22,8.779],[77.2243,8.7836],[77.2297,8.7846],[77.2313,8.7908],[77.2305,8.7978],[77.2325,8.8004],[77.232,8.8077],[77.2356,8.8077],[77.2425,8.8098],[77.248,8.8169],[77.2466,8.8221],[77.251,8.8267],[77.2531,8.8323],[77.2576,8.8352],[77.2588,8.8386],[77.2628,8.8425],[77.2585,8.8503],[77.2617,8.8526],[77.2615,8.8565],[77.2557,8.8607],[77.2583,8.8647],[77.2566,8.8776],[77.2546,8.8796],[77.246,8.8797],[77.2377,8.8857],[77.2384,8.8921],[77.2402,8.8945],[77.2385,8.8977],[77.2279,8.9036],[77.2212,8.9039],[77.2182,8.9187],[77.2142,8.9173],[77.21,8.9185],[77.201,8.9246],[77.1947,8.9241],[77.1925,8.9285],[77.1968,8.934],[77.197,8.9364],[77.1939,8.9438],[77.197,8.9517],[77.1947,8.9574],[77.1915,8.9592],[77.1907,8.9656],[77.1856,8.9702],[77.1782,8.9691],[77.1757,8.9773],[77.1756,8.9824],[77.1734,8.9915],[77.1617,8.995],[77.1562,9.0038],[77.1569,9.0075],[77.1528,9.0072],[77.1493,9.0096],[77.1508,9.0144],[77.1466,9.0218],[77.1548,9.023],[77.1613,9.0296],[77.1621,9.0328],[77.1604,9.0358],[77.1634,9.0377],[77.1675,9.0453],[77.1743,9.0473],[77.1845,9.0468],[77.1876,9.0431],[77.1929,9.0441],[77.1975,9.047],[77.1953,9.0493],[77.1971,9.0572],[77.2055,9.0662],[77.2081,9.0729],[77.2049,9.0717],[77.1907,9.0764],[77.1793,9.0763],[77.1722,9.0792],[77.1699,9.0776],[77.1563,9.082],[77.1554,9.0858],[77.1456,9.0834],[77.1419,9.0856],[77.1306,9.0882],[77.128,9.0907],[77.1206,9.0947],[77.1111,9.0932],[77.1074,9.0945],[77.1046,9.0981],[77.0983,9.1003],[77.0896,9.1059],[77.0806,9.1097],[77.0785,9.1135],[77.071,9.1129],[77.067,9.1146],[77.0648,9.1194],[77.0599,9.1186],[77.0562,9.1201],[77.0553,9.126],[77.0517,9.1277],[77.0454,9.1232],[77.0404,9.124],[77.0321,9.127],[77.0287,9.1292],[77.0265,9.1281],[77.0182,9.1309],[77.0164,9.1364],[77.0133,9.1371],[77.0095,9.1403],[77.0047,9.1376],[76.9979,9.1402],[76.9942,9.1399],[76.9886,9.1455],[76.9832,9.1466],[76.9792,9.1489],[76.9716,9.1501],[76.9596,9.1536],[76.9449,9.1635],[76.9395,9.169],[76.9354,9.1701],[76.9303,9.1738],[76.9282,9.1688],[76.9284,9.165],[76.9262,9.1544],[76.9274,9.1463],[76.9264,9.1386],[76.9328,9.1378],[76.9363,9.1358],[76.9396,9.1387],[76.9456,9.1353],[76.9483,9.1313],[76.9602,9.13],[76.9557,9.124],[76.9483,9.1172],[76.9439,9.1186],[76.938,9.1172],[76.9309,9.1188],[76.9251,9.1187],[76.9239,9.1226],[76.9102,9.1257],[76.9016,9.1258],[76.897,9.1272],[76.8926,9.1228],[76.884,9.122],[76.8837,9.1258],[76.8756,9.1309],[76.8747,9.1283],[76.8678,9.1217],[76.866,9.1158],[76.8623,9.1155],[76.8594,9.1173],[76.8509,9.1104],[76.8517,9.105],[76.8463,9.0988],[76.8456,9.0948],[76.8421,9.0921],[76.8329,9.0943],[76.8277,9.0924],[76.8227,9.0934],[76.8139,9.1049],[76.8093,9.1084],[76.7994,9.1091],[76.7967,9.1105],[76.7933,9.1091],[76.7866,9.114],[76.7824,9.1135],[76.7811,9.1095],[76.7774,9.1093],[76.7764,9.1056],[76.7737,9.1022],[76.7696,9.1011],[76.7656,9.0945],[76.7709,9.0821],[76.7701,9.0779],[76.7714,9.0748],[76.7653,9.0749],[76.7593,9.0721],[76.7577,9.074],[76.7578,9.0859],[76.7531,9.0882],[76.7503,9.0838],[76.745,9.0801],[76.7372,9.0863],[76.7334,9.0811],[76.7266,9.084],[76.722,9.0818],[76.7106,9.0869],[76.7066,9.0867],[76.6999,9.0893],[76.6932,9.0898],[76.6902,9.0916],[76.6862,9.0887],[76.6839,9.0809],[76.6787,9.0817],[76.6787,9.0781],[76.6742,9.0791],[76.6717,9.0824],[76.6747,9.0849],[76.6774,9.092],[76.6745,9.1009],[76.6747,9.1055],[76.6722,9.1137],[76.6696,9.1168],[76.6643,9.1141],[76.6541,9.1145],[76.6514,9.1169],[76.6475,9.1166],[76.6445,9.1223],[76.6377,9.1221],[76.6337,9.123],[76.6363,9.1286],[76.6363,9.1362],[76.6353,9.1408],[76.6328,9.1381],[76.6264,9.1372],[76.6246,9.1388],[76.6146,9.131],[76.6018,9.1304],[76.5955,9.1324],[76.5913,9.1316],[76.5888,9.1279],[76.5884,9.1232],[76.5851,9.1218],[76.5836,9.1182],[76.5795,9.1152],[76.5763,9.1175],[76.5725,9.1164],[76.5686,9.1118],[76.5579,9.1098],[76.5512,9.1107],[76.5497,9.1136],[76.5463,9.1261],[76.5432,9.1261],[76.5416,9.1351],[76.5286,9.1349],[76.5262,9.136],[76.515,9.1375],[76.5086,9.1367],[76.5031,9.135],[76.5057,9.1265],[76.4939,9.1254],[76.4851,9.1261],[76.4789,9.1281],[76.4733,9.1273],[76.4703,9.1315],[76.4664,9.1305],[76.4634,9.1352]]]},"properties":{"c":559,"n":"Kollam"}},
{"type":"Feature","geometry":{"type":"Polygon","coordinates":[[[76.5133,9.4007],[76.5164,9.4006],[76.5159,9.4076],[76.5175,9.4089],[76.5256,9.4088],[76.5262,9.4126],[76.5308,9.413],[76.5311,9.4168],[76.5402,9.4183],[76.5434,9.4231],[76.5486,9.4222],[76.5538,9.425],[76.5553,9.4133],[76.5594,9.4114],[76.5647,9.4108],[76.5704,9.4158],[76.5747,9.418],[76.5791,9.4223],[76.5871,9.4205],[76.591,9.4183],[76.5934,9.4129],[76.5967,9.4214],[76.5923,9.4237],[76.5916,9.4276],[76.5931,9.436],[76.5914,9.4411],[76.5908,9.4468],[76.5941,9.447],[76.5972,9.4505],[76.6043,9.4504],[76.6029,9.4578],[76.6096,9.4559],[76.6091,9.46],[76.6165,9.4614],[76.6202,9.4598],[76.626,9.4618],[76.627,9.4715],[76.6311,9.4723],[76.636,9.4632],[76.6411,9.4684],[76.6416,9.4762],[76.644,9.4793],[76.6483,9.4783],[76.651,9.4814],[76.6603,9.4827],[76.6672,9.4825],[76.6746,9.4802],[76.6748,9.4823],[76.6817,9.4811],[76.6891,9.4773],[76.6957,9.4783],[76.7004,9.4769],[76.7009,9.4726],[76.7047,9.4631],[76.7067,9.4607],[76.7086,9.4546],[76.7134,9.4571],[76.718,9.4621],[76.7318,9.4669],[76.7298,9.4695],[76.7317,9.4739],[76.7349,9.476],[76.7457,9.4748],[76.7487,9.469],[76.7489,9.4629],[76.7521,9.4583],[76.7513,9.4551],[76.7544,9.4539],[76.7616,9.4449],[76.7614,9.4421],[76.7652,9.4367],[76.7684,9.4415],[76.7788,9.446],[76.7829,9.4487],[76.7876,9.4489],[76.7927,9.4467],[76.7919,9.451],[76.7941,9.4539],[76.7985,9.4513],[76.8009,9.4573],[76.804,9.455],[76.8162,9.4561],[76.8187,9.4553],[76.8234,9.4458],[76.8262,9.4466],[76.829,9.4524],[76.8329,9.4524],[76.8347,9.45],[76.8411,9.4504],[76.8452,9.4495],[76.848,9.4457],[76.857,9.4537],[76.861,9.4532],[76.8692,9.4484],[76.8763,9.4467],[76.8853,9.4431],[76.8984,9.4341],[76.9047,9.4313],[76.9098,9.4268],[76.9113,9.4235],[76.9144,9.4254],[76.9201,9.4257],[76.9243,9.4222],[76.9226,9.4165],[76.9271,9.4158],[76.9326,9.4183],[76.9362,9.4213],[76.9423,9.4194],[76.9473,9.4193],[76.9508,9.4207],[76.959,9.4205],[76.96,9.4227],[76.9645,9.4232],[76.968,9.4252],[76.9713,9.4245],[76.9714,9.4315],[76.9663,9.4331],[76.9638,9.4271],[76.9603,9.4275],[76.9539,9.4303],[76.955,9.4338],[76.9502,9.4353],[76.9475,9.4343],[76.9437,9.4285],[76.9411,9.4328],[76.9448,9.4352],[76.9418,9.4396],[76.94,9.4452],[76.9477,9.4476],[76.9518,9.4503],[76.9555,9.4578],[76.9586,9.4583],[76.959,9.462],[76.9631,9.4648],[76.9689,9.4646],[76.9717,9.4672],[76.9748,9.4663],[76.982,9.467],[76.9846,9.4706],[76.984,9.4803],[76.9818,9.4834],[76.9841,9.4863],[76.9831,9.4901],[76.978,9.498],[76.9743,9.5016],[76.9697,9.5011],[76.9693,9.5043],[76.9646,9.5085],[76.9567,9.5028],[76.9589,9.5006],[76.9564,9.4982],[76.9548,9.4919],[76.9501,9.49],[76.938,9.5027],[76.9358,9.5045],[76.9298,9.5018],[76.9279,9.5049],[76.9244,9.5051],[76.9192,9.5111],[76.9097,9.5171],[76.9043,9.5214],[76.9059,9.5237],[76.9029,9.5274],[76.9029,9.5365],[76.8993,9.5375],[76.8877,9.5377],[76.8907,9.5454],[76.8882,9.5508],[76.8889,9.5541],[76.8854,9.5627],[76.887,9.5648],[76.8852,9.5759],[76.883,9.5809],[76.8843,9.5833],[76.8951,9.5888],[76.8918,9.5999],[76.8921,9.6048],[76.8898,9.6057],[76.8876,9.6108],[76.8911,9.616],[76.8868,9.6199],[76.8924,9.622],[76.8912,9.6295],[76.8946,9.6333],[76.9034,9.6338],[76.9097,9.6266],[76.9138,9.6249],[76.9174,9.6213],[76.9257,9.618],[76.9283,9.6153],[76.9347,9.6205],[76.9316,9.6281],[76.9225,9.6362],[76.9183,9.6432],[76.9195,9.6472],[76.9222,9.6499],[76.9252,9.6496],[76.9273,9.6528],[76.9251,9.6564],[76.9146,9.6636],[76.9122,9.6661],[76.9121,9.6699],[76.9081,9.6718],[76.903,9.6763],[76.9039,9.6833],[76.902,9.6888],[76.8974,9.697],[76.897,9.7009],[76.8905,9.7103],[76.8899,9.7157],[76.8853,9.7202],[76.8815,9.7205],[76.8741,9.7246],[76.8678,9.73],[76.8672,9.7359],[76.8605,9.7305],[76.8487,9.7404],[76.8451,9.7461],[76.8431,9.7517],[76.839,9.7561],[76.8274,9.7639],[76.8277,9.7701],[76.8147,9.7802],[76.8081,9.7896],[76.7949,9.7983],[76.7786,9.8083],[76.77,9.8096],[76.7575,9.8155],[76.7544,9.8176],[76.7497,9.8146],[76.7505,9.8063],[76.7422,9.8037],[76.7389,9.8069],[76.734,9.8086],[76.73,9.8124],[76.7279,9.8112],[76.7206,9.814],[76.7155,9.8182],[76.7103,9.8198],[76.7103,9.8221],[76.699,9.8256],[76.6956,9.8338],[76.6907,9.8346],[76.6849,9.8334],[76.6824,9.8392],[76.6761,9.8392],[76.6747,9.8428],[76.6679,9.8439],[76.6632,9.8392],[76.6613,9.8403],[76.6502,9.8412],[76.6462,9.8408],[76.6387,9.8451],[76.6336,9.8461],[76.6285,9.8486],[76.6271,9.8509],[76.6289,9.8556],[76.6249,9.8572],[76.6191,9.8562],[76.6156,9.8521],[76.6122,9.8529],[76.6091,9.8492],[76.6157,9.8405],[76.6157,9.8382],[76.6049,9.8407],[76.6036,9.845],[76.5989,9.8464],[76.5942,9.8463],[76.5912,9.8423],[76.5869,9.8419],[76.5802,9.8431],[76.5821,9.8368],[76.5809,9.8359],[76.582,9.8271],[76.5807,9.8224],[76.5754,9.8201],[76.567,9.8252],[76.5646,9.8235],[76.5634,9.8194],[76.5594,9.8161],[76.5589,9.8099],[76.5557,9.8025],[76.5445,9.8009],[76.5426,9.8095],[76.5447,9.8131],[76.539,9.814],[76.539,9.8231],[76.5308,9.8256],[76.5272,9.8251],[76.5243,9.827],[76.5199,9.8242],[76.5176,9.8332],[76.5195,9.8345],[76.518,9.8387],[76.5143,9.844],[76.5146,9.849],[76.5096,9.8511],[76.5024,9.8499],[76.4991,9.8514],[76.4859,9.846],[76.4829,9.8428],[76.4778,9.844],[76.4744,9.8421],[76.4603,9.847],[76.4589,9.849],[76.454,9.8414],[76.4496,9.8409],[76.4476,9.8358],[76.4358,9.8297],[76.4289,9.8252],[76.4143,9.8223],[76.4113,9.8281],[76.4082,9.8274],[76.4065,9.8301],[76.3959,9.8298],[76.3941,9.8313],[76.3888,9.8438],[76.3869,9.8446],[76.3804,9.843],[76.3754,9.8379],[76.3728,9.8367],[76.3777,9.832],[76.3812,9.8217],[76.3812,9.8173],[76.3673,9.8],[76.365,9.7923],[76.3665,9.7865],[76.3709,9.7772],[76.3718,9.7704],[76.3766,9.7622],[76.3807,9.7514],[76.3802,9.7278],[76.3775,9.7125],[76.3757,9.6974],[76.3958,9.6883],[76.4026,9.6859],[76.4014,9.6777],[76.3989,9.6717],[76.3965,9.6527],[76.3996,9.6398],[76.3931,9.5626],[76.3922,9.5477],[76.4046,9.5539],[76.4044,9.5595],[76.4141,9.5633],[76.4153,9.5584],[76.4227,9.5558],[76.4265,9.5496],[76.4384,9.5527],[76.4385,9.5542],[76.4486,9.5575],[76.4662,9.5617],[76.4655,9.5422],[76.4794,9.5376],[76.4803,9.5074],[76.4817,9.5087],[76.4954,9.5071],[76.4981,9.5037],[76.5082,9.5043],[76.5108,9.4999],[76.509,9.4987],[76.5084,9.4899],[76.5072,9.4851],[76.5092,9.4785],[76.5059,9.4762],[76.5058,9.4679],[76.4974,9.4529],[76.4979,9.449],[76.4952,9.4446],[76.4979,9.4403],[76.5028,9.4385],[76.5084,9.4384],[76.5114,9.4367],[76.5075,9.4321],[76.5055,9.4255],[76.5097,9.4185],[76.506,9.4124],[76.5073,9.408],[76.506,9.4048],[76.5133,9.4007]]]},"properties":{"c":560,"n":"Kottayam"}},
{"type":"Feature","geometry":{"type":"Polygon","coordinates":[[[75.5442,11.7045],[75.5423,11.7021],[75.5415,11.6968],[75.5362,11.6935],[75.542,11.6832],[75.5606,11.6429],[75.5633,11.6351],[75.5667,11.6281],[75.5677,11.6238],[75.5755,11.6043],[75.5845,11.5788],[75.5877,11.5709],[75.5898,11.5625],[75.5942,11.5525],[75.5988,11.5383],[75.6106,11.5063],[75.6126,11.5031],[75.6175,11.4887],[75.6193,11.4806],[75.6169,11.4763],[75.6264,11.4731],[75.6299,11.4696],[75.6334,11.4615],[75.6374,11.4644],[75.6441,11.4662],[75.6452,11.4682],[75.6521,11.4665],[75.6601,11.4618],[75.6637,11.4625],[75.6745,11.4519],[75.6789,11.4511],[75.6844,11.4462],[75.6977,11.4249],[75.7107,11.3984],[75.7143,11.3935],[75.7196,11.3826],[75.7238,11.3726],[75.7318,11.3558],[75.7353,11.346],[75.7346,11.343],[75.7358,11.3376],[75.7324,11.335],[75.7353,11.3326],[75.7368,11.3246],[75.7431,11.3208],[75.745,11.3215],[75.7475,11.3171],[75.7527,11.3028],[75.7542,11.2973],[75.7573,11.2913],[75.764,11.2718],[75.7699,11.2513],[75.7723,11.2481],[75.7754,11.2371],[75.7796,11.228],[75.7798,11.2241],[75.7856,11.2091],[75.7876,11.2016],[75.7926,11.1892],[75.8008,11.1653],[75.8042,11.1624],[75.8026,11.1604],[75.8095,11.1512],[75.8129,11.1498],[75.8166,11.1434],[75.8245,11.1245],[75.8256,11.1238],[75.8305,11.1258],[75.8335,11.1317],[75.8423,11.1402],[75.8461,11.1429],[75.8514,11.1425],[75.8572,11.1379],[75.8575,11.1463],[75.8522,11.1534],[75.8539,11.156],[75.8589,11.158],[75.8607,11.1609],[75.8607,11.1665],[75.865,11.1698],[75.8705,11.1724],[75.8707,11.1694],[75.8779,11.1663],[75.8817,11.171],[75.8875,11.1735],[75.8859,11.1826],[75.8759,11.1824],[75.8746,11.1863],[75.872,11.1877],[75.865,11.1879],[75.8622,11.1898],[75.86,11.195],[75.8598,11.2004],[75.8556,11.2016],[75.8596,11.205],[75.8682,11.2064],[75.8715,11.2097],[75.8759,11.2174],[75.8778,11.2231],[75.8888,11.2292],[75.8972,11.23],[75.8994,11.2349],[75.899,11.2392],[75.903,11.2426],[75.9117,11.2369],[75.917,11.2362],[75.9194,11.2372],[75.9252,11.2452],[75.9391,11.2491],[75.9519,11.25],[75.958,11.2524],[75.9603,11.2544],[75.9641,11.2608],[75.9699,11.2663],[75.9757,11.269],[75.9817,11.2635],[75.9866,11.2616],[75.9955,11.2541],[76,11.2588],[76.0092,11.2597],[76.0137,11.268],[76.0178,11.2676],[76.0239,11.2689],[76.0327,11.2661],[76.0362,11.268],[76.0411,11.2669],[76.0491,11.2674],[76.0515,11.2715],[76.0584,11.2772],[76.0612,11.2824],[76.0726,11.2876],[76.0695,11.2941],[76.0779,11.2994],[76.0845,11.3047],[76.0835,11.3074],[76.087,11.31],[76.0921,11.3114],[76.1036,11.3112],[76.107,11.3152],[76.1138,11.3145],[76.1187,11.3201],[76.119,11.3247],[76.1151,11.3295],[76.1176,11.3372],[76.1113,11.3375],[76.1044,11.3394],[76.0987,11.3423],[76.0945,11.3473],[76.0921,11.3526],[76.0959,11.3632],[76.1021,11.3684],[76.0992,11.3727],[76.0975,11.3829],[76.0998,11.3887],[76.0994,11.3959],[76.1065,11.403],[76.1054,11.4101],[76.113,11.411],[76.1161,11.4086],[76.1211,11.4107],[76.1225,11.4158],[76.1249,11.4165],[76.1292,11.4214],[76.1311,11.427],[76.1386,11.4202],[76.1418,11.4214],[76.146,11.4299],[76.1402,11.4379],[76.1398,11.4432],[76.1428,11.4516],[76.1356,11.46],[76.1321,11.4611],[76.1307,11.4645],[76.1279,11.4649],[76.124,11.4685],[76.1229,11.4738],[76.1154,11.4763],[76.1117,11.4761],[76.1058,11.4825],[76.102,11.4832],[76.0917,11.4827],[76.087,11.4874],[76.0876,11.4904],[76.093,11.4936],[76.0887,11.5061],[76.0905,11.5101],[76.0895,11.5125],[76.083,11.5144],[76.0792,11.5211],[76.0738,11.5229],[76.0676,11.5176],[76.0629,11.5103],[76.057,11.5087],[76.0562,11.5059],[76.0486,11.5037],[76.0452,11.507],[76.0436,11.5046],[76.0379,11.5027],[76.0357,11.5086],[76.0274,11.5134],[76.018,11.5146],[76.017,11.5171],[76,11.5268],[75.9976,11.5318],[75.9901,11.5368],[75.9816,11.5397],[75.9696,11.5511],[75.964,11.5576],[75.9578,11.5607],[75.9581,11.5684],[75.9564,11.5733],[75.9575,11.575],[75.9521,11.5809],[75.9465,11.5809],[75.9394,11.5843],[75.9366,11.5909],[75.9282,11.5905],[75.9254,11.594],[75.9177,11.5959],[75.9144,11.6005],[75.9092,11.6008],[75.9074,11.6042],[75.9056,11.6121],[75.9018,11.6156],[75.9014,11.619],[75.898,11.6229],[75.8997,11.6296],[75.8998,11.637],[75.897,11.6428],[75.8992,11.6447],[75.9034,11.6517],[75.9027,11.657],[75.9053,11.6615],[75.9029,11.6715],[75.9001,11.676],[75.9053,11.6795],[75.9073,11.6832],[75.9112,11.6841],[75.9152,11.6877],[75.9154,11.6905],[75.9043,11.6955],[75.9002,11.6992],[75.8823,11.6991],[75.8753,11.7043],[75.8727,11.7014],[75.868,11.7021],[75.8627,11.7043],[75.8567,11.7029],[75.8511,11.7028],[75.8459,11.7065],[75.8456,11.7142],[75.8373,11.7191],[75.8313,11.7209],[75.8291,11.7251],[75.8242,11.7274],[75.8215,11.7334],[75.8192,11.7341],[75.8143,11.7399],[75.8101,11.7429],[75.8024,11.7435],[75.7968,11.7428],[75.7969,11.7464],[75.7996,11.75],[75.7991,11.7534],[75.7941,11.7536],[75.7833,11.7607],[75.7839,11.7635],[75.7881,11.7651],[75.7898,11.7721],[75.787,11.7752],[75.7917,11.7786],[75.7938,11.7849],[75.7931,11.7911],[75.781,11.7983],[75.7767,11.802],[75.772,11.8027],[75.7629,11.8039],[75.7573,11.8059],[75.7499,11.8039],[75.747,11.798],[75.7532,11.7949],[75.7534,11.7923],[75.7576,11.7891],[75.7501,11.7821],[75.7459,11.7866],[75.7372,11.7868],[75.7361,11.7815],[75.7289,11.7806],[75.7268,11.7874],[75.723,11.7924],[75.7166,11.7968],[75.7132,11.7961],[75.6991,11.7994],[75.6915,11.7995],[75.6914,11.7943],[75.6881,11.7888],[75.6857,11.7788],[75.683,11.7746],[75.669,11.7702],[75.667,11.766],[75.6676,11.7632],[75.6655,11.7585],[75.6593,11.7583],[75.6581,11.7554],[75.6484,11.7498],[75.6485,11.7468],[75.6435,11.7434],[75.6413,11.7442],[75.6393,11.7401],[75.6336,11.7365],[75.6297,11.7388],[75.6238,11.7353],[75.6242,11.7322],[75.6149,11.7244],[75.611,11.7252],[75.6086,11.7211],[75.6062,11.7226],[75.6031,11.7188],[75.5994,11.7192],[75.5961,11.7137],[75.5932,11.7125],[75.589,11.7133],[75.5875,11.7113],[75.5932,11.7084],[75.5939,11.7053],[75.5924,11.6997],[75.5949,11.6964],[75.6011,11.6963],[75.6039,11.6905],[75.6011,11.687],[75.594,11.6884],[75.5872,11.6873],[75.5791,11.6798],[75.57,11.6751],[75.5662,11.68],[75.5627,11.6805],[75.5616,11.6835],[75.564,11.6926],[75.5636,11.6943],[75.5568,11.6984],[75.5532,11.7034],[75.55,11.7047],[75.5442,11.7045]]]},"properties":{"c":561,"n":"Kozhikode"}},
{"type":"Feature","geometry":{"type":"Polygon","coordinates":[[[75.8256,11.1238],[75.8296,11.1155],[75.835,11.0975],[75.8426,11.0749],[75.8453,11.0643],[75.8481,11.0571],[75.8515,11.0376],[75.853,11.0356],[75.8545,11.0284],[75.8575,11.0205],[75.8624,11.0014],[75.8628,10.9945],[75.8666,10.9791],[75.8724,10.9572],[75.8746,10.945],[75.8764,10.942],[75.8797,10.9283],[75.8908,10.879],[75.896,10.8532],[75.8963,10.8503],[75.9033,10.8178],[75.9098,10.7895],[75.9101,10.7861],[75.9133,10.7846],[75.9132,10.7808],[75.9174,10.7739],[75.9209,10.7625],[75.9281,10.7467],[75.9337,10.7333],[75.9401,10.7208],[75.945,10.7094],[75.9562,10.6854],[75.9635,10.6893],[75.9679,10.694],[75.9714,10.691],[75.9745,10.6935],[75.9797,10.6947],[75.9831,10.6889],[75.9863,10.691],[75.9933,10.6919],[76.0012,10.6943],[76.0073,10.6896],[76.0122,10.6905],[76.0199,10.6973],[76.0244,10.6976],[76.0303,10.7001],[76.0343,10.7006],[76.0341,10.7035],[76.0366,10.7071],[76.0482,10.7068],[76.0516,10.7044],[76.0526,10.7105],[76.0564,10.7165],[76.0611,10.7197],[76.0611,10.7241],[76.0593,10.7276],[76.066,10.726],[76.0656,10.7293],[76.0692,10.73],[76.0687,10.7379],[76.0669,10.7385],[76.0638,10.7435],[76.0542,10.7404],[76.0472,10.7429],[76.0472,10.7517],[76.0399,10.7555],[76.041,10.763],[76.04,10.7696],[76.0404,10.7764],[76.0422,10.7857],[76.0427,10.796],[76.0491,10.797],[76.0493,10.8003],[76.044,10.8043],[76.0382,10.805],[76.0356,10.809],[76.0367,10.8158],[76.0328,10.817],[76.0273,10.8227],[76.0307,10.8266],[76.034,10.8275],[76.032,10.8316],[76.0377,10.8381],[76.04,10.8458],[76.0446,10.8488],[76.0538,10.8458],[76.0597,10.8399],[76.0692,10.8381],[76.0816,10.8402],[76.0904,10.8397],[76.1002,10.8435],[76.1028,10.8474],[76.1025,10.8589],[76.1035,10.8613],[76.1021,10.8684],[76.1039,10.872],[76.1108,10.867],[76.1134,10.8691],[76.1136,10.8769],[76.1166,10.8822],[76.1302,10.8784],[76.1315,10.8813],[76.1304,10.8858],[76.1308,10.8965],[76.1378,10.8954],[76.1445,10.8897],[76.1508,10.8903],[76.1583,10.9009],[76.1588,10.9082],[76.1619,10.9124],[76.1686,10.9148],[76.1714,10.9144],[76.1728,10.9076],[76.1776,10.9064],[76.1829,10.9099],[76.1892,10.909],[76.1867,10.9011],[76.1891,10.8983],[76.1932,10.8974],[76.2062,10.8987],[76.2072,10.9031],[76.2115,10.9085],[76.2125,10.913],[76.2155,10.9149],[76.2174,10.9127],[76.2177,10.9083],[76.2209,10.9048],[76.223,10.9002],[76.2271,10.8952],[76.2296,10.8879],[76.2327,10.8862],[76.2439,10.8876],[76.2513,10.8856],[76.2535,10.8876],[76.2573,10.8964],[76.2608,10.9005],[76.2652,10.9084],[76.2664,10.9138],[76.2688,10.9155],[76.2727,10.9146],[76.279,10.9163],[76.2858,10.9135],[76.2924,10.9167],[76.2945,10.9196],[76.2991,10.9183],[76.3007,10.9153],[76.3066,10.9111],[76.3136,10.9127],[76.321,10.9109],[76.3206,10.9075],[76.3232,10.9055],[76.3284,10.9044],[76.336,10.9059],[76.3353,10.9112],[76.3322,10.9138],[76.3322,10.9206],[76.3338,10.9233],[76.3218,10.9335],[76.3199,10.942],[76.3207,10.9539],[76.328,10.9646],[76.3256,10.9672],[76.3287,10.9734],[76.3279,10.979],[76.3326,10.9817],[76.3355,10.9811],[76.3371,10.9762],[76.3415,10.9772],[76.3463,10.9753],[76.3586,10.9764],[76.3612,10.9732],[76.3634,10.975],[76.367,10.9869],[76.3691,10.989],[76.3679,10.9926],[76.3711,10.9972],[76.3649,10.9989],[76.358,10.9987],[76.3523,10.9996],[76.3514,10.9958],[76.3445,10.997],[76.3418,10.9992],[76.3347,10.9985],[76.3312,11.0016],[76.3242,11.0049],[76.3243,11.0134],[76.3278,11.0202],[76.3215,11.027],[76.3171,11.0294],[76.3054,11.0273],[76.2984,11.0284],[76.2959,11.0247],[76.292,11.0255],[76.2884,11.0214],[76.2843,11.0243],[76.2861,11.03],[76.2849,11.0338],[76.2885,11.0402],[76.2926,11.0405],[76.2935,11.0452],[76.2966,11.05],[76.3045,11.0486],[76.3091,11.0467],[76.3114,11.0506],[76.3199,11.0518],[76.3249,11.0502],[76.3303,11.0545],[76.3308,11.0571],[76.3344,11.0602],[76.3333,11.0664],[76.3306,11.0691],[76.331,11.0726],[76.3395,11.0777],[76.3441,11.088],[76.3477,11.0884],[76.351,11.0923],[76.3577,11.0933],[76.3605,11.0979],[76.367,11.0974],[76.3689,11.0986],[76.3755,11.097],[76.3822,11.1003],[76.3875,11.0987],[76.3894,11.1033],[76.3854,11.1086],[76.3859,11.1115],[76.3991,11.1137],[76.4085,11.1185],[76.4082,11.1302],[76.4107,11.1393],[76.4135,11.1416],[76.4103,11.1453],[76.4103,11.1487],[76.407,11.1513],[76.4065,11.1561],[76.4085,11.1569],[76.4113,11.1619],[76.4137,11.1709],[76.4098,11.1767],[76.4071,11.1786],[76.4057,11.1839],[76.4028,11.1864],[76.4063,11.1933],[76.4044,11.2011],[76.4047,11.2096],[76.4082,11.2084],[76.4137,11.2111],[76.4182,11.2088],[76.4246,11.2093],[76.4285,11.2075],[76.4307,11.2029],[76.4356,11.2021],[76.4394,11.203],[76.449,11.2055],[76.4531,11.2394],[76.4663,11.2451],[76.4871,11.2583],[76.5084,11.2669],[76.5222,11.2713],[76.5263,11.2883],[76.5382,11.2949],[76.5458,11.3003],[76.5394,11.3046],[76.5373,11.314],[76.5429,11.322],[76.55,11.331],[76.5474,11.3455],[76.5479,11.3589],[76.5082,11.3541],[76.5151,11.3597],[76.5177,11.3713],[76.4991,11.3773],[76.4752,11.3835],[76.4621,11.3875],[76.4479,11.3983],[76.4151,11.4226],[76.4187,11.4418],[76.398,11.4349],[76.3928,11.438],[76.3786,11.4492],[76.3726,11.451],[76.3705,11.4546],[76.3463,11.4641],[76.3422,11.4676],[76.3388,11.4634],[76.3284,11.4564],[76.3255,11.4533],[76.3187,11.4585],[76.3052,11.4678],[76.2965,11.4656],[76.2935,11.4657],[76.2905,11.4696],[76.2942,11.4729],[76.2844,11.4829],[76.2816,11.4792],[76.2753,11.4769],[76.2704,11.4772],[76.2682,11.4801],[76.2641,11.4807],[76.2476,11.4685],[76.2498,11.4983],[76.2523,11.5],[76.2485,11.5065],[76.249,11.5131],[76.2482,11.5165],[76.2451,11.5168],[76.2427,11.5211],[76.2384,11.5248],[76.2385,11.5265],[76.2336,11.5285],[76.2278,11.521],[76.2262,11.5132],[76.2168,11.5097],[76.2138,11.51],[76.206,11.5072],[76.1995,11.5067],[76.1959,11.5018],[76.1913,11.4984],[76.1894,11.4924],[76.1848,11.4884],[76.1827,11.4817],[76.1868,11.479],[76.1857,11.4745],[76.1786,11.4694],[76.1678,11.4647],[76.1648,11.4589],[76.1586,11.4571],[76.153,11.453],[76.1479,11.4536],[76.1428,11.4516],[76.1398,11.4432],[76.1402,11.4379],[76.146,11.4299],[76.1418,11.4214],[76.1386,11.4202],[76.1311,11.427],[76.1292,11.4214],[76.1249,11.4165],[76.1225,11.4158],[76.1211,11.4107],[76.1161,11.4086],[76.113,11.411],[76.1054,11.4101],[76.1065,11.403],[76.0994,11.3959],[76.0998,11.3887],[76.0975,11.3829],[76.0992,11.3727],[76.1021,11.3684],[76.0959,11.3632],[76.0921,11.3526],[76.0945,11.3473],[76.0987,11.3423],[76.1044,11.3394],[76.1113,11.3375],[76.1176,11.3372],[76.1151,11.3295],[76.119,11.3247],[76.1187,11.3201],[76.1138,11.3145],[76.107,11.3152],[76.1036,11.3112],[76.0921,11.3114],[76.087,11.31],[76.0835,11.3074],[76.0845,11.3047],[76.0779,11.2994],[76.0695,11.2941],[76.0726,11.2876],[76.0612,11.2824],[76.0584,11.2772],[76.0515,11.2715],[76.0491,11.2674],[76.0411,11.2669],[76.0362,11.268],[76.0327,11.2661],[76.0239,11.2689],[76.0178,11.2676],[76.0137,11.268],[76.0092,11.2597],[76,11.2588],[75.9955,11.2541],[75.9866,11.2616],[75.9817,11.2635],[75.9757,11.269],[75.9699,11.2663],[75.9641,11.2608],[75.9603,11.2544],[75.958,11.2524],[75.9519,11.25],[75.9391,11.2491],[75.9252,11.2452],[75.9194,11.2372],[75.917,11.2362],[75.9117,11.2369],[75.903,11.2426],[75.899,11.2392],[75.8994,11.2349],[75.8972,11.23],[75.8888,11.2292],[75.8778,11.2231],[75.8759,11.2174],[75.8715,11.2097],[75.8682,11.2064],[75.8596,11.205],[75.8556,11.2016],[75.8598,11.2004],[75.86,11.195],[75.8622,11.1898],[75.865,11.1879],[75.872,11.1877],[75.8746,11.1863],[75.8759,11.1824],[75.8859,11.1826],[75.8875,11.1735],[75.8817,11.171],[75.8779,11.1663],[75.8707,11.1694],[75.8705,11.1724],[75.865,11.1698],[75.8607,11.1665],[75.8607,11.1609],[75.8589,11.158],[75.8539,11.156],[75.8522,11.1534],[75.8575,11.1463],[75.8572,11.1379],[75.8514,11.1425],[75.8461,11.1429],[75.8423,11.1402],[75.8335,11.1317],[75.8305,11.1258],[75.8256,11.1238]]]},"properties":{"c":562,"n":"Malappuram"}},
{"type":"Feature","geometry":{"type":"Polygon","coordinates":[[[76.0692,10.73],[76.0734,10.7298],[76.0759,10.7276],[76.0854,10.7278],[76.09,10.727],[76.0953,10.7282],[76.1226,10.7104],[76.1301,10.7163],[76.1329,10.7224],[76.1361,10.7196],[76.1448,10.7198],[76.152,10.714],[76.1569,10.718],[76.1613,10.7069],[76.1639,10.7079],[76.1653,10.7114],[76.1718,10.7135],[76.1723,10.7181],[76.1769,10.724],[76.1787,10.7284],[76.1813,10.7296],[76.181,10.7342],[76.1861,10.7381],[76.1908,10.7446],[76.1918,10.7501],[76.2,10.753],[76.2026,10.752],[76.2034,10.7624],[76.2055,10.7683],[76.1976,10.7748],[76.1914,10.7769],[76.1882,10.7799],[76.1879,10.7827],[76.1966,10.7824],[76.2047,10.7783],[76.21,10.7777],[76.2192,10.7822],[76.2238,10.7798],[76.2295,10.7729],[76.2417,10.7736],[76.2443,10.7713],[76.2466,10.766],[76.2473,10.7614],[76.2454,10.7566],[76.2458,10.7491],[76.253,10.7467],[76.2607,10.75],[76.2654,10.753],[76.2698,10.7537],[76.2811,10.7522],[76.2879,10.7554],[76.3075,10.7509],[76.319,10.7466],[76.3293,10.7454],[76.3347,10.7487],[76.342,10.7485],[76.3518,10.7434],[76.3566,10.744],[76.359,10.7482],[76.3617,10.7581],[76.3649,10.7631],[76.3692,10.7652],[76.3792,10.7676],[76.3851,10.7676],[76.3884,10.7651],[76.3901,10.7611],[76.3938,10.7486],[76.397,10.7463],[76.4033,10.7465],[76.4089,10.7492],[76.4205,10.7492],[76.4329,10.7512],[76.4431,10.7496],[76.449,10.7508],[76.469,10.7524],[76.4732,10.7489],[76.4706,10.7432],[76.4712,10.7402],[76.4797,10.7342],[76.4781,10.7304],[76.4679,10.7248],[76.4637,10.7206],[76.4617,10.7082],[76.4566,10.7012],[76.4511,10.7015],[76.4401,10.6965],[76.4447,10.6917],[76.4478,10.6865],[76.4514,10.6756],[76.4503,10.6697],[76.451,10.6658],[76.4471,10.6611],[76.4446,10.6637],[76.4415,10.6632],[76.4395,10.6594],[76.4358,10.6558],[76.4342,10.65],[76.4252,10.6492],[76.4218,10.6472],[76.4239,10.6438],[76.4199,10.6383],[76.4197,10.633],[76.4175,10.6304],[76.4256,10.6274],[76.4281,10.6135],[76.4219,10.6062],[76.4133,10.6056],[76.415,10.5998],[76.4132,10.5945],[76.4095,10.5968],[76.4048,10.6018],[76.4012,10.596],[76.4025,10.5912],[76.4077,10.5841],[76.4085,10.5801],[76.4131,10.5784],[76.4203,10.5787],[76.4206,10.5725],[76.4254,10.5715],[76.4258,10.5663],[76.4291,10.5651],[76.4318,10.5583],[76.4383,10.5537],[76.435,10.5483],[76.4316,10.5373],[76.4327,10.5338],[76.4367,10.5301],[76.4396,10.53],[76.4413,10.5227],[76.4506,10.5217],[76.4521,10.5192],[76.4598,10.5107],[76.4592,10.508],[76.4675,10.5026],[76.4669,10.4987],[76.4717,10.4965],[76.474,10.4871],[76.4805,10.4856],[76.4872,10.4863],[76.4894,10.4793],[76.4933,10.4782],[76.4991,10.4794],[76.5026,10.4779],[76.5061,10.4735],[76.5155,10.472],[76.5253,10.467],[76.5272,10.4623],[76.5321,10.4592],[76.5363,10.4483],[76.5526,10.446],[76.5574,10.4435],[76.5564,10.4367],[76.5586,10.4341],[76.567,10.4372],[76.5705,10.4364],[76.5848,10.4367],[76.5886,10.4347],[76.5916,10.4292],[76.5954,10.4245],[76.5953,10.4217],[76.6014,10.4182],[76.6051,10.4108],[76.6038,10.4078],[76.6071,10.4046],[76.6065,10.4],[76.6094,10.3989],[76.6153,10.391],[76.6183,10.3897],[76.6186,10.3853],[76.6219,10.38],[76.6249,10.379],[76.6274,10.3829],[76.6293,10.3768],[76.6326,10.3765],[76.6357,10.3804],[76.6409,10.3805],[76.6467,10.3827],[76.6518,10.3802],[76.6545,10.3768],[76.6575,10.3795],[76.6572,10.3826],[76.6614,10.3856],[76.668,10.3782],[76.6694,10.3742],[76.6791,10.3679],[76.6839,10.3671],[76.6865,10.3634],[76.6955,10.3621],[76.7031,10.3631],[76.7044,10.3682],[76.7077,10.3711],[76.7131,10.3729],[76.7223,10.3724],[76.7312,10.3684],[76.7491,10.3662],[76.7535,10.3621],[76.7564,10.3613],[76.7639,10.3618],[76.7648,10.3563],[76.7589,10.3491],[76.7526,10.3476],[76.7538,10.3441],[76.7516,10.3384],[76.7545,10.3362],[76.7602,10.3368],[76.7718,10.3342],[76.7765,10.3418],[76.7781,10.3418],[76.7849,10.3371],[76.7916,10.3357],[76.7986,10.3379],[76.8045,10.3369],[76.8057,10.344],[76.816,10.3489],[76.8177,10.3483],[76.828,10.3373],[76.8335,10.3367],[76.8377,10.3378],[76.8361,10.3404],[76.8363,10.346],[76.8462,10.3584],[76.8455,10.3637],[76.8485,10.3689],[76.8445,10.375],[76.8439,10.3775],[76.8371,10.3827],[76.8343,10.3833],[76.8305,10.3897],[76.8237,10.3951],[76.834,10.4033],[76.8329,10.4079],[76.8304,10.4113],[76.8258,10.4096],[76.8225,10.4146],[76.8232,10.417],[76.8164,10.4235],[76.8283,10.4502],[76.8296,10.4778],[76.831,10.5],[76.8419,10.5357],[76.8421,10.5408],[76.8354,10.5449],[76.8357,10.5579],[76.8391,10.5613],[76.8392,10.5648],[76.8342,10.5706],[76.8336,10.5739],[76.8348,10.5782],[76.8375,10.5819],[76.8369,10.5845],[76.8384,10.596],[76.8372,10.5985],[76.8319,10.5991],[76.826,10.5961],[76.8173,10.6032],[76.8158,10.6085],[76.8184,10.6105],[76.8165,10.6162],[76.811,10.621],[76.8116,10.6249],[76.815,10.6296],[76.8143,10.6355],[76.8211,10.6344],[76.8312,10.6375],[76.8393,10.6343],[76.8444,10.6358],[76.8533,10.6349],[76.8588,10.6323],[76.8675,10.6332],[76.8735,10.6378],[76.8822,10.6395],[76.8838,10.6477],[76.8829,10.6529],[76.8809,10.6565],[76.8816,10.66],[76.8781,10.6678],[76.8786,10.6738],[76.8775,10.6767],[76.8696,10.6768],[76.8675,10.6791],[76.866,10.6853],[76.8708,10.6929],[76.8676,10.6948],[76.8714,10.6993],[76.8752,10.7065],[76.8822,10.7173],[76.8863,10.7186],[76.8903,10.7169],[76.8929,10.7214],[76.8886,10.7283],[76.8893,10.7358],[76.8962,10.7453],[76.8966,10.7524],[76.9025,10.7584],[76.9038,10.7622],[76.9034,10.7717],[76.9075,10.778],[76.9056,10.7882],[76.9008,10.8002],[76.9009,10.8072],[76.8987,10.8083],[76.889,10.8096],[76.8855,10.8085],[76.8773,10.8089],[76.8701,10.8083],[76.8653,10.8129],[76.864,10.8173],[76.8482,10.8188],[76.8478,10.8221],[76.845,10.8253],[76.8512,10.83],[76.8539,10.8346],[76.8538,10.839],[76.8482,10.8495],[76.8407,10.8527],[76.8393,10.8561],[76.8339,10.8582],[76.8307,10.8642],[76.8308,10.8699],[76.8188,10.8735],[76.8156,10.8732],[76.8115,10.8779],[76.8081,10.8768],[76.8012,10.8801],[76.7912,10.8818],[76.791,10.8843],[76.7814,10.8904],[76.7746,10.8901],[76.7679,10.887],[76.7608,10.8937],[76.7553,10.8932],[76.7524,10.8951],[76.75,10.8922],[76.7455,10.8927],[76.7408,10.891],[76.7392,10.8945],[76.7317,10.8976],[76.7236,10.9034],[76.7178,10.9055],[76.7149,10.9086],[76.7126,10.9076],[76.7081,10.9101],[76.6952,10.9102],[76.6856,10.9147],[76.6768,10.9181],[76.6687,10.9232],[76.6621,10.9296],[76.6591,10.9305],[76.6558,10.939],[76.6594,10.9418],[76.6647,10.9435],[76.6658,10.9476],[76.6636,10.9507],[76.6674,10.9593],[76.6668,10.9681],[76.6739,10.9744],[76.6751,10.9772],[76.686,10.9891],[76.6855,10.9938],[76.6882,11.0007],[76.6906,11.0133],[76.6927,11.0162],[76.6942,11.0216],[76.7008,11.0276],[76.7062,11.0303],[76.7103,11.0344],[76.7109,11.0387],[76.7144,11.0409],[76.7227,11.0404],[76.7262,11.0411],[76.7324,11.0384],[76.7376,11.0397],[76.7419,11.0384],[76.7541,11.0325],[76.7635,11.0308],[76.7666,11.0291],[76.7736,11.0335],[76.7819,11.0344],[76.7918,11.0374],[76.7931,11.0434],[76.7973,11.0475],[76.8009,11.054],[76.7986,11.0564],[76.7932,11.053],[76.7918,11.0486],[76.7876,11.0446],[76.7782,11.0421],[76.7689,11.0434],[76.762,11.048],[76.761,11.052],[76.7508,11.0553],[76.7461,11.0548],[76.7442,11.0569],[76.7457,11.06],[76.7427,11.0628],[76.7411,11.0697],[76.7452,11.0753],[76.7483,11.0747],[76.7505,11.079],[76.7547,11.079],[76.7545,11.0842],[76.7529,11.0867],[76.7512,11.0936],[76.7468,11.0923],[76.7433,11.0997],[76.739,11.1038],[76.7427,11.1082],[76.7474,11.1112],[76.7475,11.123],[76.7453,11.1302],[76.747,11.1307],[76.7483,11.1358],[76.7464,11.1378],[76.7425,11.1332],[76.7354,11.1364],[76.7318,11.1316],[76.723,11.14],[76.7197,11.1413],[76.7161,11.1491],[76.71,11.148],[76.7093,11.1457],[76.7113,11.1416],[76.7066,11.1416],[76.7003,11.1465],[76.6955,11.1518],[76.6953,11.1556],[76.6926,11.1562],[76.6896,11.1596],[76.692,11.1639],[76.693,11.1724],[76.6958,11.175],[76.7005,11.1757],[76.6996,11.1811],[76.7017,11.1819],[76.7066,11.1794],[76.7098,11.1833],[76.71,11.1871],[76.7142,11.1882],[76.7198,11.1869],[76.7222,11.1917],[76.7287,11.1938],[76.7224,11.2033],[76.7264,11.2102],[76.7289,11.2113],[76.7314,11.2156],[76.7257,11.2193],[76.7258,11.225],[76.7212,11.2254],[76.7149,11.2313],[76.7105,11.2327],[76.7071,11.2384],[76.6983,11.2396],[76.6929,11.2368],[76.6846,11.2339],[76.6848,11.2277],[76.6782,11.2211],[76.6719,11.2188],[76.656,11.2102],[76.6534,11.2101],[76.6297,11.1942],[76.6249,11.1956],[76.6007,11.2066],[76.5677,11.2016],[76.5338,11.1968],[76.5161,11.2043],[76.5105,11.2116],[76.4828,11.2107],[76.4724,11.2088],[76.4735,11.1949],[76.4666,11.1933],[76.4584,11.1877],[76.4519,11.1992],[76.4386,11.199],[76.4394,11.203],[76.4356,11.2021],[76.4307,11.2029],[76.4285,11.2075],[76.4246,11.2093],[76.4182,11.2088],[76.4137,11.2111],[76.4082,11.2084],[76.4047,11.2096],[76.4044,11.2011],[76.4063,11.1933],[76.4028,11.1864],[76.4057,11.1839],[76.4071,11.1786],[76.4098,11.1767],[76.4137,11.1709],[76.4113,11.1619],[76.4085,11.1569],[76.4065,11.1561],[76.407,11.1513],[76.4103,11.1487],[76.4103,11.1453],[76.4135,11.1416],[76.4107,11.1393],[76.4082,11.1302],[76.4085,11.1185],[76.3991,11.1137],[76.3859,11.1115],[76.3854,11.1086],[76.3894,11.1033],[76.3875,11.0987],[76.3822,11.1003],[76.3755,11.097],[76.3689,11.0986],[76.367,11.0974],[76.3605,11.0979],[76.3577,11.0933],[76.351,11.0923],[76.3477,11.0884],[76.3441,11.088],[76.3395,11.0777],[76.331,11.0726],[76.3306,11.0691],[76.3333,11.0664],[76.3344,11.0602],[76.3308,11.0571],[76.3303,11.0545],[76.3249,11.0502],[76.3199,11.0518],[76.3114,11.0506],[76.3091,11.0467],[76.3045,11.0486],[76.2966,11.05],[76.2935,11.0452],[76.2926,11.0405],[76.2885,11.0402],[76.2849,11.0338],[76.2861,11.03],[76.2843,11.0243],[76.2884,11.0214],[76.292,11.0255],[76.2959,11.0247],[76.2984,11.0284],[76.3054,11.0273],[76.3171,11.0294],[76.3215,11.027],[76.3278,11.0202],[76.3243,11.0134],[76.3242,11.0049],[76.3312,11.0016],[76.3347,10.9985],[76.3418,10.9992],[76.3445,10.997],[76.3514,10.9958],[76.3523,10.9996],[76.358,10.9987],[76.3649,10.9989],[76.3711,10.9972],[76.3679,10.9926],[76.3691,10.989],[76.367,10.9869],[76.3634,10.975],[76.3612,10.9732],[76.3586,10.9764],[76.3463,10.9753],[76.3415,10.9772],[76.3371,10.9762],[76.3355,10.9811],[76.3326,10.9817],[76.3279,10.979],[76.3287,10.9734],[76.3256,10.9672],[76.328,10.9646],[76.3207,10.9539],[76.3199,10.942],[76.3218,10.9335],[76.3338,10.9233],[76.3322,10.9206],[76.3322,10.9138],[76.3353,10.9112],[76.336,10.9059],[76.3284,10.9044],[76.3232,10.9055],[76.3206,10.9075],[76.321,10.9109],[76.3136,10.9127],[76.3066,10.9111],[76.3007,10.9153],[76.2991,10.9183],[76.2945,10.9196],[76.2924,10.9167],[76.2858,10.9135],[76.279,10.9163],[76.2727,10.9146],[76.2688,10.9155],[76.2664,10.9138],[76.2652,10.9084],[76.2608,10.9005],[76.2573,10.8964],[76.2535,10.8876],[76.2513,10.8856],[76.2439,10.8876],[76.2327,10.8862],[76.2296,10.8879],[76.2271,10.8952],[76.223,10.9002],[76.2209,10.9048],[76.2177,10.9083],[76.2174,10.9127],[76.2155,10.9149],[76.2125,10.913],[76.2115,10.9085],[76.2072,10.9031],[76.2062,10.8987],[76.1932,10.8974],[76.1891,10.8983],[76.1867,10.9011],[76.1892,10.909],[76.1829,10.9099],[76.1776,10.9064],[76.1728,10.9076],[76.1714,10.9144],[76.1686,10.9148],[76.1619,10.9124],[76.1588,10.9082],[76.1583,10.9009],[76.1508,10.8903],[76.1445,10.8897],[76.1378,10.8954],[76.1308,10.8965],[76.1304,10.8858],[76.1315,10.8813],[76.1302,10.8784],[76.1166,10.8822],[76.1136,10.8769],[76.1134,10.8691],[76.1108,10.867],[76.1039,10.872],[76.1021,10.8684],[76.1035,10.8613],[76.1025,10.8589],[76.1028,10.8474],[76.1002,10.8435],[76.0904,10.8397],[76.0816,10.8402],[76.0692,10.8381],[76.0597,10.8399],[76.0538,10.8458],[76.0446,10.8488],[76.04,10.8458],[76.0377,10.8381],[76.032,10.8316],[76.034,10.8275],[76.0307,10.8266],[76.0273,10.8227],[76.0328,10.817],[76.0367,10.8158],[76.0356,10.809],[76.0382,10.805],[76.044,10.8043],[76.0493,10.8003],[76.0491,10.797],[76.0427,10.796],[76.0422,10.7857],[76.0404,10.7764],[76.04,10.7696],[76.041,10.763],[76.0399,10.7555],[76.0472,10.7517],[76.0472,10.7429],[76.0542,10.7404],[76.0638,10.7435],[76.0669,10.7385],[76.0687,10.7379],[76.0692,10.73]]]},"properties":{"c":563,"n":"Palakkad"}},
{"type":"Feature","geometry":{"type":"Polygon","coordinates":[[[76.6353,9.1408],[76.6363,9.1362],[76.6363,9.1286],[76.6337,9.123],[76.6377,9.1221],[76.6445,9.1223],[76.6475,9.1166],[76.6514,9.1169],[76.6541,9.1145],[76.6643,9.1141],[76.6696,9.1168],[76.6722,9.1137],[76.6747,9.1055],[76.6745,9.1009],[76.6774,9.092],[76.6747,9.0849],[76.6717,9.0824],[76.6742,9.0791],[76.6787,9.0781],[76.6787,9.0817],[76.6839,9.0809],[76.6862,9.0887],[76.6902,9.0916],[76.6932,9.0898],[76.6999,9.0893],[76.7066,9.0867],[76.7106,9.0869],[76.722,9.0818],[76.7266,9.084],[76.7334,9.0811],[76.7372,9.0863],[76.745,9.0801],[76.7503,9.0838],[76.7531,9.0882],[76.7578,9.0859],[76.7577,9.074],[76.7593,9.0721],[76.7653,9.0749],[76.7714,9.0748],[76.7701,9.0779],[76.7709,9.0821],[76.7656,9.0945],[76.7696,9.1011],[76.7737,9.1022],[76.7764,9.1056],[76.7774,9.1093],[76.7811,9.1095],[76.7824,9.1135],[76.7866,9.114],[76.7933,9.1091],[76.7967,9.1105],[76.7994,9.1091],[76.8093,9.1084],[76.8139,9.1049],[76.8227,9.0934],[76.8277,9.0924],[76.8329,9.0943],[76.8421,9.0921],[76.8456,9.0948],[76.8463,9.0988],[76.8517,9.105],[76.8509,9.1104],[76.8594,9.1173],[76.8623,9.1155],[76.866,9.1158],[76.8678,9.1217],[76.8747,9.1283],[76.8756,9.1309],[76.8837,9.1258],[76.884,9.122],[76.8926,9.1228],[76.897,9.1272],[76.9016,9.1258],[76.9102,9.1257],[76.9239,9.1226],[76.9251,9.1187],[76.9309,9.1188],[76.938,9.1172],[76.9439,9.1186],[76.9483,9.1172],[76.9557,9.124],[76.9602,9.13],[76.9483,9.1313],[76.9456,9.1353],[76.9396,9.1387],[76.9363,9.1358],[76.9328,9.1378],[76.9264,9.1386],[76.9274,9.1463],[76.9262,9.1544],[76.9284,9.165],[76.9282,9.1688],[76.9303,9.1738],[76.9354,9.1701],[76.9395,9.169],[76.9449,9.1635],[76.9596,9.1536],[76.9716,9.1501],[76.9792,9.1489],[76.9832,9.1466],[76.9886,9.1455],[76.9942,9.1399],[76.9979,9.1402],[77.0047,9.1376],[77.0095,9.1403],[77.0133,9.1371],[77.0164,9.1364],[77.0182,9.1309],[77.0265,9.1281],[77.0287,9.1292],[77.0321,9.127],[77.0404,9.124],[77.0454,9.1232],[77.0517,9.1277],[77.0553,9.126],[77.0562,9.1201],[77.0599,9.1186],[77.0648,9.1194],[77.067,9.1146],[77.071,9.1129],[77.0785,9.1135],[77.0806,9.1097],[77.0896,9.1059],[77.0983,9.1003],[77.1046,9.0981],[77.1074,9.0945],[77.1111,9.0932],[77.1206,9.0947],[77.128,9.0907],[77.1306,9.0882],[77.1419,9.0856],[77.1456,9.0834],[77.1554,9.0858],[77.1563,9.082],[77.1699,9.0776],[77.1722,9.0792],[77.1793,9.0763],[77.1907,9.0764],[77.2049,9.0717],[77.2081,9.0729],[77.2057,9.085],[77.2092,9.09],[77.2103,9.0965],[77.2124,9.1005],[77.2192,9.1017],[77.2204,9.1051],[77.2253,9.107],[77.2284,9.1169],[77.2313,9.1174],[77.2419,9.1249],[77.2473,9.1246],[77.2515,9.1341],[77.2526,9.1389],[77.2602,9.1441],[77.2605,9.1484],[77.2665,9.1519],[77.2653,9.1631],[77.2671,9.169],[77.2671,9.1743],[77.2639,9.1841],[77.2609,9.1831],[77.2516,9.1894],[77.2564,9.196],[77.2561,9.1992],[77.2639,9.1984],[77.2664,9.2004],[77.2701,9.2005],[77.2707,9.2053],[77.2804,9.2162],[77.2798,9.2217],[77.2758,9.229],[77.2741,9.2358],[77.2783,9.2384],[77.2796,9.2438],[77.2774,9.2471],[77.2791,9.2519],[77.2825,9.256],[77.2817,9.2633],[77.2835,9.2673],[77.282,9.2728],[77.276,9.2754],[77.2733,9.2788],[77.2651,9.2813],[77.2614,9.2814],[77.2578,9.2854],[77.2522,9.2872],[77.2488,9.2898],[77.2446,9.2901],[77.2429,9.2836],[77.2372,9.2851],[77.2353,9.2934],[77.2286,9.2975],[77.2246,9.2959],[77.2261,9.305],[77.2246,9.3117],[77.228,9.3182],[77.2351,9.3242],[77.2348,9.3275],[77.2313,9.3293],[77.2322,9.3339],[77.2379,9.3396],[77.2348,9.3502],[77.2383,9.3579],[77.2412,9.3607],[77.241,9.3676],[77.2436,9.3734],[77.2472,9.3789],[77.2452,9.3893],[77.2428,9.3906],[77.239,9.3989],[77.2316,9.4037],[77.2316,9.406],[77.2282,9.4109],[77.23,9.4173],[77.2288,9.4197],[77.2236,9.4197],[77.2206,9.4216],[77.221,9.4255],[77.2239,9.4335],[77.2226,9.4354],[77.2154,9.4376],[77.2121,9.4436],[77.2079,9.4417],[77.2093,9.4484],[77.2032,9.4515],[77.2003,9.4496],[77.1974,9.452],[77.1919,9.4497],[77.1879,9.4562],[77.1834,9.4544],[77.1824,9.4565],[77.1845,9.4633],[77.1822,9.4664],[77.182,9.4727],[77.1766,9.469],[77.1725,9.4634],[77.1663,9.4651],[77.1664,9.4697],[77.1626,9.4691],[77.1553,9.4711],[77.1434,9.4615],[77.1343,9.4588],[77.1295,9.4593],[77.1261,9.462],[77.1175,9.4636],[77.1156,9.4656],[77.1084,9.4688],[77.1044,9.4692],[77.0997,9.4645],[77.0949,9.4643],[77.0805,9.4572],[77.0685,9.4543],[77.0675,9.4522],[77.0609,9.448],[77.0582,9.4423],[77.0599,9.4396],[77.0589,9.4349],[77.0615,9.4268],[77.0658,9.42],[77.0664,9.4169],[77.0602,9.4161],[77.0533,9.4181],[77.0469,9.4141],[77.0368,9.4124],[77.0351,9.4093],[77.0321,9.4093],[77.0282,9.407],[77.0249,9.4091],[77.0215,9.4061],[77.0124,9.409],[77.0102,9.4138],[77.012,9.4185],[77.0092,9.4203],[77.0084,9.428],[77.012,9.4303],[77.0181,9.4303],[77.0188,9.4348],[77.0159,9.4427],[77.0069,9.4451],[77.001,9.4478],[77.0001,9.4466],[76.9939,9.4471],[76.99,9.4508],[76.9865,9.4518],[76.9801,9.4572],[76.9739,9.46],[76.9689,9.4646],[76.9631,9.4648],[76.959,9.462],[76.9586,9.4583],[76.9555,9.4578],[76.9518,9.4503],[76.9477,9.4476],[76.94,9.4452],[76.9418,9.4396],[76.9448,9.4352],[76.9411,9.4328],[76.9437,9.4285],[76.9475,9.4343],[76.9502,9.4353],[76.955,9.4338],[76.9539,9.4303],[76.9603,9.4275],[76.9638,9.4271],[76.9663,9.4331],[76.9714,9.4315],[76.9713,9.4245],[76.968,9.4252],[76.9645,9.4232],[76.96,9.4227],[76.959,9.4205],[76.9508,9.4207],[76.9473,9.4193],[76.9423,9.4194],[76.9362,9.4213],[76.9326,9.4183],[76.9271,9.4158],[76.9226,9.4165],[76.9243,9.4222],[76.9201,9.4257],[76.9144,9.4254],[76.9113,9.4235],[76.9098,9.4268],[76.9047,9.4313],[76.8984,9.4341],[76.8853,9.4431],[76.8763,9.4467],[76.8692,9.4484],[76.861,9.4532],[76.857,9.4537],[76.848,9.4457],[76.8452,9.4495],[76.8411,9.4504],[76.8347,9.45],[76.8329,9.4524],[76.829,9.4524],[76.8262,9.4466],[76.8234,9.4458],[76.8187,9.4553],[76.8162,9.4561],[76.804,9.455],[76.8009,9.4573],[76.7985,9.4513],[76.7941,9.4539],[76.7919,9.451],[76.7927,9.4467],[76.7876,9.4489],[76.7829,9.4487],[76.7788,9.446],[76.7684,9.4415],[76.7652,9.4367],[76.7614,9.4421],[76.7616,9.4449],[76.7544,9.4539],[76.7513,9.4551],[76.7521,9.4583],[76.7489,9.4629],[76.7487,9.469],[76.7457,9.4748],[76.7349,9.476],[76.7317,9.4739],[76.7298,9.4695],[76.7318,9.4669],[76.718,9.4621],[76.7134,9.4571],[76.7086,9.4546],[76.7067,9.4607],[76.7047,9.4631],[76.7009,9.4726],[76.7004,9.4769],[76.6957,9.4783],[76.6891,9.4773],[76.6817,9.4811],[76.6748,9.4823],[76.6746,9.4802],[76.6672,9.4825],[76.6603,9.4827],[76.651,9.4814],[76.6483,9.4783],[76.644,9.4793],[76.6416,9.4762],[76.6411,9.4684],[76.636,9.4632],[76.6311,9.4723],[76.627,9.4715],[76.626,9.4618],[76.6202,9.4598],[76.6165,9.4614],[76.6091,9.46],[76.6096,9.4559],[76.6029,9.4578],[76.6043,9.4504],[76.5972,9.4505],[76.5941,9.447],[76.5908,9.4468],[76.5914,9.4411],[76.5931,9.436],[76.5916,9.4276],[76.5923,9.4237],[76.5967,9.4214],[76.5934,9.4129],[76.591,9.4183],[76.5871,9.4205],[76.5791,9.4223],[76.5747,9.418],[76.5704,9.4158],[76.5647,9.4108],[76.5594,9.4114],[76.5553,9.4133],[76.5538,9.425],[76.5486,9.4222],[76.5434,9.4231],[76.5402,9.4183],[76.5311,9.4168],[76.5308,9.413],[76.5262,9.4126],[76.5256,9.4088],[76.5175,9.4089],[76.5159,9.4076],[76.5164,9.4006],[76.5133,9.4007],[76.5113,9.3917],[76.514,9.3891],[76.5104,9.3823],[76.5093,9.3772],[76.5141,9.37],[76.5236,9.3679],[76.5212,9.3655],[76.5174,9.3662],[76.5135,9.3624],[76.5134,9.3548],[76.5089,9.355],[76.5056,9.3518],[76.5009,9.3506],[76.4957,9.3472],[76.4888,9.3476],[76.4825,9.3458],[76.4735,9.3329],[76.4745,9.3281],[76.4877,9.3287],[76.4933,9.3265],[76.4978,9.3234],[76.5021,9.3237],[76.5182,9.3273],[76.5267,9.3259],[76.5311,9.3296],[76.533,9.3253],[76.5368,9.3221],[76.5403,9.3223],[76.5462,9.3255],[76.5503,9.3247],[76.5535,9.3314],[76.5531,9.3349],[76.5598,9.3434],[76.5515,9.3472],[76.5497,9.3497],[76.5525,9.3524],[76.5552,9.3505],[76.56,9.3512],[76.5669,9.3561],[76.5724,9.3558],[76.5741,9.3539],[76.5796,9.3535],[76.5792,9.3509],[76.5851,9.3484],[76.5872,9.3518],[76.5909,9.3512],[76.5961,9.3522],[76.5978,9.3465],[76.6002,9.3472],[76.603,9.3443],[76.6069,9.3449],[76.6097,9.342],[76.6133,9.3432],[76.6201,9.3394],[76.6282,9.3373],[76.6281,9.3418],[76.6304,9.3426],[76.6414,9.3411],[76.6405,9.3369],[76.6421,9.3334],[76.6396,9.3296],[76.6397,9.3255],[76.6415,9.3234],[76.6421,9.3169],[76.6442,9.3153],[76.6457,9.3096],[76.6511,9.3079],[76.6514,9.2897],[76.6558,9.2899],[76.6624,9.2875],[76.6643,9.2889],[76.6757,9.2894],[76.6751,9.2856],[76.677,9.2832],[76.6722,9.28],[76.6706,9.2773],[76.666,9.275],[76.6678,9.27],[76.6632,9.2697],[76.6644,9.266],[76.6569,9.2643],[76.6549,9.2604],[76.6581,9.2578],[76.6579,9.244],[76.6538,9.2404],[76.654,9.2378],[76.6494,9.2361],[76.6473,9.2377],[76.6438,9.235],[76.6393,9.2338],[76.6417,9.2282],[76.6451,9.2233],[76.6462,9.2171],[76.6454,9.215],[76.647,9.208],[76.6518,9.2041],[76.6572,9.2044],[76.6608,9.2013],[76.6682,9.2001],[76.6713,9.1953],[76.6771,9.1939],[76.6756,9.1892],[76.6767,9.1829],[76.6809,9.1823],[76.6907,9.177],[76.6878,9.169],[76.6787,9.1725],[76.6748,9.17],[76.6716,9.1643],[76.6742,9.1544],[76.6708,9.1526],[76.661,9.1495],[76.6488,9.1496],[76.646,9.1467],[76.6381,9.1483],[76.6353,9.1408]]]},"properties":{"c":564,"n":"Pathanamthitta"}},
{"type":"Feature","geometry":{"type":"Polygon","coordinates":[[[76.6729,8.7817],[76.6754,8.7772],[76.6909,8.7542],[76.6926,8.7489],[76.6973,8.7422],[76.6987,8.738],[76.7014,8.7361],[76.7082,8.7283],[76.7122,8.7225],[76.7293,8.703],[76.7398,8.6894],[76.7556,8.6714],[76.7797,8.6414],[76.7927,8.6245],[76.8095,8.604],[76.8209,8.5891],[76.8738,8.5239],[76.8956,8.4959],[76.9062,8.4836],[76.9382,8.447],[76.9553,8.425],[76.9613,8.4181],[76.967,8.4087],[76.9723,8.3969],[76.9714,8.3916],[76.9793,8.3839],[76.9794,8.3816],[76.9839,8.3799],[76.9861,8.3758],[76.992,8.3775],[76.9974,8.3742],[77.0034,8.3671],[77.0048,8.3642],[77.0089,8.3602],[77.0113,8.3547],[77.0165,8.3547],[77.0276,8.3477],[77.0424,8.3359],[77.06,8.3205],[77.0699,8.3131],[77.0772,8.3069],[77.096,8.293],[77.0989,8.299],[77.1006,8.2994],[77.1018,8.3065],[77.1055,8.3069],[77.1134,8.3044],[77.1164,8.3101],[77.1228,8.309],[77.1245,8.3121],[77.1197,8.3157],[77.1192,8.3211],[77.129,8.3222],[77.129,8.3253],[77.1391,8.3279],[77.1394,8.3297],[77.1453,8.3296],[77.1472,8.332],[77.1536,8.328],[77.1673,8.3317],[77.1703,8.33],[77.1699,8.3255],[77.1722,8.321],[77.1758,8.3203],[77.1782,8.3233],[77.1774,8.3264],[77.1719,8.3336],[77.1669,8.3427],[77.171,8.3477],[77.1755,8.3499],[77.1743,8.3586],[77.1707,8.3603],[77.1642,8.361],[77.1595,8.3592],[77.153,8.3551],[77.1535,8.3613],[77.156,8.3659],[77.1603,8.3687],[77.1613,8.3736],[77.16,8.3812],[77.1559,8.3826],[77.152,8.3818],[77.1513,8.3849],[77.1537,8.3877],[77.161,8.3902],[77.1695,8.3864],[77.1783,8.3941],[77.1817,8.3958],[77.1829,8.3992],[77.1826,8.4048],[77.186,8.4068],[77.1975,8.4199],[77.1966,8.4292],[77.2006,8.432],[77.2066,8.4447],[77.2113,8.4455],[77.2249,8.4462],[77.2281,8.4473],[77.229,8.4506],[77.2273,8.4529],[77.2274,8.4585],[77.2209,8.4658],[77.2141,8.4697],[77.2133,8.4753],[77.2116,8.4771],[77.2117,8.484],[77.2138,8.4855],[77.2119,8.4921],[77.2045,8.497],[77.2024,8.5012],[77.211,8.5076],[77.2143,8.5128],[77.2223,8.5124],[77.2318,8.5073],[77.2401,8.4971],[77.2442,8.4976],[77.2463,8.5024],[77.2513,8.5054],[77.2566,8.5053],[77.2622,8.5065],[77.2653,8.512],[77.2669,8.5199],[77.2718,8.5309],[77.2743,8.5337],[77.2752,8.5384],[77.2838,8.5467],[77.2824,8.5505],[77.2778,8.5546],[77.2743,8.5596],[77.275,8.5656],[77.2704,8.5725],[77.269,8.5789],[77.2665,8.5808],[77.267,8.5839],[77.2636,8.5886],[77.2617,8.588],[77.257,8.5909],[77.2569,8.5947],[77.2545,8.5978],[77.2503,8.5991],[77.2464,8.6035],[77.2453,8.6089],[77.2457,8.6163],[77.2441,8.6218],[77.2347,8.6268],[77.2322,8.6356],[77.2289,8.6403],[77.2248,8.6391],[77.2201,8.6449],[77.2143,8.6491],[77.2117,8.6548],[77.2121,8.6572],[77.2078,8.6608],[77.2083,8.6637],[77.2007,8.6691],[77.2073,8.6807],[77.2061,8.6855],[77.2026,8.6893],[77.2016,8.6931],[77.1956,8.7021],[77.195,8.7078],[77.19,8.7124],[77.1862,8.7126],[77.1843,8.7164],[77.1808,8.7183],[77.1806,8.7211],[77.1768,8.7263],[77.1791,8.7306],[77.1746,8.7374],[77.17,8.7418],[77.1698,8.7474],[77.1716,8.7497],[77.177,8.7454],[77.1827,8.7428],[77.1861,8.7441],[77.1925,8.7444],[77.1969,8.7498],[77.2001,8.7627],[77.1969,8.7682],[77.1997,8.7698],[77.1997,8.7718],[77.1916,8.7727],[77.1839,8.7785],[77.1774,8.7813],[77.1686,8.7884],[77.1631,8.7902],[77.1591,8.7927],[77.1565,8.7967],[77.1538,8.7956],[77.1511,8.7991],[77.1476,8.8003],[77.1457,8.8036],[77.1407,8.8065],[77.1369,8.8059],[77.1337,8.8083],[77.1275,8.8105],[77.1228,8.8182],[77.1188,8.8221],[77.1128,8.823],[77.1118,8.8253],[77.1078,8.8267],[77.1074,8.8302],[77.103,8.829],[77.0996,8.8297],[77.0928,8.8332],[77.0883,8.8343],[77.0831,8.8398],[77.0715,8.8413],[77.0686,8.8406],[77.0563,8.8438],[77.0509,8.8464],[77.0429,8.8456],[77.0326,8.8428],[77.0291,8.8344],[77.025,8.8338],[77.0201,8.8284],[77.0197,8.8214],[77.0213,8.8179],[77.0191,8.8162],[77.0155,8.8177],[77.0113,8.816],[77.0088,8.8128],[77.0111,8.8075],[77.01,8.8023],[77.0112,8.7966],[77.0158,8.7916],[77.016,8.7887],[77.0199,8.7844],[77.0214,8.7803],[77.0249,8.7754],[77.0151,8.772],[77.0028,8.7713],[77.001,8.7725],[76.9977,8.7832],[76.9914,8.7879],[76.9833,8.7901],[76.9793,8.7892],[76.9741,8.7828],[76.9728,8.7754],[76.9636,8.7711],[76.9573,8.7711],[76.9504,8.7724],[76.9465,8.7712],[76.9419,8.7658],[76.9346,8.7624],[76.9309,8.7637],[76.9298,8.7662],[76.9222,8.7721],[76.9181,8.7738],[76.9152,8.7768],[76.9153,8.782],[76.9211,8.7867],[76.9149,8.7941],[76.913,8.7985],[76.9074,8.8013],[76.9069,8.8049],[76.8982,8.8118],[76.8933,8.8101],[76.8904,8.8115],[76.8828,8.8055],[76.8763,8.8102],[76.8703,8.8111],[76.8625,8.8145],[76.8571,8.8186],[76.8554,8.816],[76.851,8.819],[76.8518,8.8222],[76.8492,8.8264],[76.8459,8.8278],[76.8482,8.8343],[76.8405,8.8384],[76.8394,8.8407],[76.8293,8.8447],[76.8272,8.8425],[76.8238,8.8451],[76.8239,8.8512],[76.8203,8.854],[76.8167,8.8595],[76.8148,8.8565],[76.8102,8.8549],[76.8084,8.8569],[76.802,8.8489],[76.7993,8.8505],[76.796,8.8555],[76.7895,8.8535],[76.7842,8.8593],[76.7822,8.8525],[76.7783,8.8487],[76.7754,8.8439],[76.7818,8.8427],[76.7851,8.8358],[76.7886,8.835],[76.7907,8.8312],[76.7944,8.8281],[76.7913,8.822],[76.7873,8.8227],[76.783,8.8194],[76.7895,8.8183],[76.7904,8.8136],[76.7885,8.8119],[76.7771,8.8097],[76.7712,8.8112],[76.7719,8.8061],[76.7683,8.804],[76.771,8.7999],[76.7688,8.7987],[76.7613,8.8003],[76.7617,8.7936],[76.7584,8.7954],[76.7479,8.7964],[76.7406,8.796],[76.7385,8.7982],[76.7276,8.8003],[76.7236,8.8034],[76.7209,8.8036],[76.714,8.7964],[76.7094,8.7952],[76.7097,8.7915],[76.692,8.7907],[76.6922,8.7871],[76.6902,8.7793],[76.6845,8.7792],[76.68,8.7811],[76.6783,8.7858],[76.6729,8.7817]]]},"properties":{"c":565,"n":"Thiruvananthapuram"}},
{"type":"Feature","geometry":{"type":"Polygon","coordinates":[[[76.9012,10.2518],[76.8991,10.2587],[76.8967,10.2629],[76.8914,10.2631],[76.8841,10.2709],[76.8734,10.2763],[76.8732,10.2817],[76.8745,10.2943],[76.8733,10.2982],[76.8705,10.2989],[76.8679,10.2958],[76.8641,10.2951],[76.8631,10.2926],[76.8559,10.2933],[76.8514,10.2902],[76.8519,10.2849],[76.8447,10.2886],[76.842,10.2919],[76.8446,10.2942],[76.8407,10.2997],[76.8373,10.3021],[76.8303,10.3036],[76.8296,10.3073],[76.8306,10.3145],[76.8326,10.3171],[76.8357,10.3321],[76.8377,10.3378],[76.8335,10.3367],[76.828,10.3373],[76.8177,10.3483],[76.816,10.3489],[76.8057,10.344],[76.8045,10.3369],[76.7986,10.3379],[76.7916,10.3357],[76.7849,10.3371],[76.7781,10.3418],[76.7765,10.3418],[76.7718,10.3342],[76.7602,10.3368],[76.7545,10.3362],[76.7516,10.3384],[76.7538,10.3441],[76.7526,10.3476],[76.7589,10.3491],[76.7648,10.3563],[76.7639,10.3618],[76.7564,10.3613],[76.7535,10.3621],[76.7491,10.3662],[76.7312,10.3684],[76.7223,10.3724],[76.7131,10.3729],[76.7077,10.3711],[76.7044,10.3682],[76.7031,10.3631],[76.6955,10.3621],[76.6865,10.3634],[76.6839,10.3671],[76.6791,10.3679],[76.6694,10.3742],[76.668,10.3782],[76.6614,10.3856],[76.6572,10.3826],[76.6575,10.3795],[76.6545,10.3768],[76.6518,10.3802],[76.6467,10.3827],[76.6409,10.3805],[76.6357,10.3804],[76.6326,10.3765],[76.6293,10.3768],[76.6274,10.3829],[76.6249,10.379],[76.6219,10.38],[76.6186,10.3853],[76.6183,10.3897],[76.6153,10.391],[76.6094,10.3989],[76.6065,10.4],[76.6071,10.4046],[76.6038,10.4078],[76.6051,10.4108],[76.6014,10.4182],[76.5953,10.4217],[76.5954,10.4245],[76.5916,10.4292],[76.5886,10.4347],[76.5848,10.4367],[76.5705,10.4364],[76.567,10.4372],[76.5586,10.4341],[76.5564,10.4367],[76.5574,10.4435],[76.5526,10.446],[76.5363,10.4483],[76.5321,10.4592],[76.5272,10.4623],[76.5253,10.467],[76.5155,10.472],[76.5061,10.4735],[76.5026,10.4779],[76.4991,10.4794],[76.4933,10.4782],[76.4894,10.4793],[76.4872,10.4863],[76.4805,10.4856],[76.474,10.4871],[76.4717,10.4965],[76.4669,10.4987],[76.4675,10.5026],[76.4592,10.508],[76.4598,10.5107],[76.4521,10.5192],[76.4506,10.5217],[76.4413,10.5227],[76.4396,10.53],[76.4367,10.5301],[76.4327,10.5338],[76.4316,10.5373],[76.435,10.5483],[76.4383,10.5537],[76.4318,10.5583],[76.4291,10.5651],[76.4258,10.5663],[76.4254,10.5715],[76.4206,10.5725],[76.4203,10.5787],[76.4131,10.5784],[76.4085,10.5801],[76.4077,10.5841],[76.4025,10.5912],[76.4012,10.596],[76.4048,10.6018],[76.4095,10.5968],[76.4132,10.5945],[76.415,10.5998],[76.4133,10.6056],[76.4219,10.6062],[76.4281,10.6135],[76.4256,10.6274],[76.4175,10.6304],[76.4197,10.633],[76.4199,10.6383],[76.4239,10.6438],[76.4218,10.6472],[76.4252,10.6492],[76.4342,10.65],[76.4358,10.6558],[76.4395,10.6594],[76.4415,10.6632],[76.4446,10.6637],[76.4471,10.6611],[76.451,10.6658],[76.4503,10.6697],[76.4514,10.6756],[76.4478,10.6865],[76.4447,10.6917],[76.4401,10.6965],[76.4511,10.7015],[76.4566,10.7012],[76.4617,10.7082],[76.4637,10.7206],[76.4679,10.7248],[76.4781,10.7304],[76.4797,10.7342],[76.4712,10.7402],[76.4706,10.7432],[76.4732,10.7489],[76.469,10.7524],[76.449,10.7508],[76.4431,10.7496],[76.4329,10.7512],[76.4205,10.7492],[76.4089,10.7492],[76.4033,10.7465],[76.397,10.7463],[76.3938,10.7486],[76.3901,10.7611],[76.3884,10.7651],[76.3851,10.7676],[76.3792,10.7676],[76.3692,10.7652],[76.3649,10.7631],[76.3617,10.7581],[76.359,10.7482],[76.3566,10.744],[76.3518,10.7434],[76.342,10.7485],[76.3347,10.7487],[76.3293,10.7454],[76.319,10.7466],[76.3075,10.7509],[76.2879,10.7554],[76.2811,10.7522],[76.2698,10.7537],[76.2654,10.753],[76.2607,10.75],[76.253,10.7467],[76.2458,10.7491],[76.2454,10.7566],[76.2473,10.7614],[76.2466,10.766],[76.2443,10.7713],[76.2417,10.7736],[76.2295,10.7729],[76.2238,10.7798],[76.2192,10.7822],[76.21,10.7777],[76.2047,10.7783],[76.1966,10.7824],[76.1879,10.7827],[76.1882,10.7799],[76.1914,10.7769],[76.1976,10.7748],[76.2055,10.7683],[76.2034,10.7624],[76.2026,10.752],[76.2,10.753],[76.1918,10.7501],[76.1908,10.7446],[76.1861,10.7381],[76.181,10.7342],[76.1813,10.7296],[76.1787,10.7284],[76.1769,10.724],[76.1723,10.7181],[76.1718,10.7135],[76.1653,10.7114],[76.1639,10.7079],[76.1613,10.7069],[76.1569,10.718],[76.152,10.714],[76.1448,10.7198],[76.1361,10.7196],[76.1329,10.7224],[76.1301,10.7163],[76.1226,10.7104],[76.0953,10.7282],[76.09,10.727],[76.0854,10.7278],[76.0759,10.7276],[76.0734,10.7298],[76.0692,10.73],[76.0656,10.7293],[76.066,10.726],[76.0593,10.7276],[76.0611,10.7241],[76.0611,10.7197],[76.0564,10.7165],[76.0526,10.7105],[76.0516,10.7044],[76.0482,10.7068],[76.0366,10.7071],[76.0341,10.7035],[76.0343,10.7006],[76.0303,10.7001],[76.0244,10.6976],[76.0199,10.6973],[76.0122,10.6905],[76.0073,10.6896],[76.0012,10.6943],[75.9933,10.6919],[75.9863,10.691],[75.9831,10.6889],[75.9797,10.6947],[75.9745,10.6935],[75.9714,10.691],[75.9679,10.694],[75.9635,10.6893],[75.9562,10.6854],[75.9696,10.6572],[75.9834,10.6259],[75.9903,10.6118],[76,10.5901],[76.0095,10.5668],[76.014,10.5688],[76.0156,10.5712],[76.0229,10.574],[76.0254,10.5693],[76.0224,10.566],[76.0246,10.5636],[76.0304,10.5658],[76.0284,10.5603],[76.0294,10.5541],[76.0334,10.5507],[76.038,10.5496],[76.0367,10.5454],[76.0404,10.5398],[76.0405,10.5368],[76.0354,10.536],[76.0307,10.5296],[76.0305,10.5262],[76.037,10.5164],[76.0392,10.5116],[76.0395,10.5049],[76.0456,10.4947],[76.0629,10.4619],[76.0687,10.4502],[76.0817,10.4216],[76.1001,10.3769],[76.1018,10.3736],[76.1098,10.3497],[76.1157,10.3338],[76.1224,10.3113],[76.1294,10.2837],[76.1356,10.2626],[76.1427,10.241],[76.1541,10.2048],[76.1615,10.1839],[76.1648,10.1798],[76.1691,10.1849],[76.1767,10.1867],[76.1852,10.1909],[76.1906,10.1922],[76.1981,10.1926],[76.2041,10.1947],[76.2137,10.1942],[76.2116,10.2009],[76.2133,10.2013],[76.2197,10.207],[76.2327,10.2042],[76.2373,10.2045],[76.2498,10.2008],[76.2543,10.2027],[76.2603,10.2022],[76.264,10.1988],[76.2617,10.1951],[76.2613,10.1899],[76.2669,10.1857],[76.2712,10.1848],[76.2721,10.1807],[76.2751,10.1755],[76.2802,10.1747],[76.286,10.1779],[76.2895,10.1779],[76.2952,10.1759],[76.2979,10.1771],[76.3019,10.1854],[76.312,10.1824],[76.3117,10.1938],[76.3107,10.199],[76.3107,10.2055],[76.3137,10.2068],[76.325,10.2076],[76.3312,10.2095],[76.3325,10.2127],[76.3352,10.2134],[76.3381,10.226],[76.3407,10.2264],[76.3409,10.2307],[76.3462,10.2333],[76.3722,10.2411],[76.3758,10.2441],[76.3794,10.2451],[76.3775,10.25],[76.3778,10.2548],[76.3914,10.2554],[76.3901,10.264],[76.3925,10.2666],[76.397,10.2676],[76.4014,10.276],[76.4134,10.2811],[76.4116,10.2876],[76.4172,10.2888],[76.4154,10.2943],[76.4235,10.292],[76.4278,10.2895],[76.4313,10.29],[76.4369,10.2944],[76.4428,10.2934],[76.4477,10.2969],[76.4592,10.2966],[76.4675,10.2941],[76.4724,10.2917],[76.4783,10.2931],[76.483,10.292],[76.4884,10.2942],[76.4942,10.2923],[76.4975,10.2879],[76.5,10.2875],[76.5061,10.2891],[76.5167,10.2876],[76.5218,10.2847],[76.5254,10.2845],[76.5331,10.2877],[76.5421,10.2895],[76.5469,10.289],[76.553,10.283],[76.5672,10.2851],[76.5714,10.2841],[76.5728,10.2867],[76.5662,10.2926],[76.5671,10.2945],[76.5765,10.3025],[76.5818,10.301],[76.5856,10.2981],[76.5898,10.2989],[76.59,10.2924],[76.5996,10.2846],[76.6033,10.2802],[76.6188,10.2803],[76.6213,10.2735],[76.6271,10.2727],[76.6356,10.273],[76.6411,10.2745],[76.6459,10.2803],[76.6619,10.28],[76.662,10.2769],[76.6698,10.2714],[76.6839,10.2681],[76.6957,10.2639],[76.7046,10.2668],[76.7062,10.2697],[76.7178,10.2692],[76.7288,10.2703],[76.7353,10.2719],[76.7389,10.2744],[76.751,10.2782],[76.7535,10.2742],[76.76,10.2694],[76.7693,10.2692],[76.7744,10.2712],[76.7742,10.2752],[76.7764,10.2767],[76.7889,10.2779],[76.7929,10.2802],[76.7951,10.2776],[76.7987,10.2784],[76.8042,10.2852],[76.8098,10.2861],[76.8262,10.281],[76.8288,10.2754],[76.8325,10.2761],[76.836,10.2837],[76.8402,10.2833],[76.8424,10.2804],[76.8476,10.2808],[76.8525,10.2771],[76.8546,10.2771],[76.8606,10.2731],[76.8654,10.273],[76.8688,10.2694],[76.8713,10.2716],[76.8789,10.2695],[76.8799,10.2671],[76.8779,10.2604],[76.8821,10.2602],[76.8888,10.2576],[76.8956,10.2586],[76.8963,10.2538],[76.9012,10.2518]]]},"properties":{"c":566,"n":"Thrissur"}},
{"type":"Feature","geometry":{"type":"Polygon","coordinates":[[[75.772,11.8027],[75.7767,11.802],[75.781,11.7983],[75.7931,11.7911],[75.7938,11.7849],[75.7917,11.7786],[75.787,11.7752],[75.7898,11.7721],[75.7881,11.7651],[75.7839,11.7635],[75.7833,11.7607],[75.7941,11.7536],[75.7991,11.7534],[75.7996,11.75],[75.7969,11.7464],[75.7968,11.7428],[75.8024,11.7435],[75.8101,11.7429],[75.8143,11.7399],[75.8192,11.7341],[75.8215,11.7334],[75.8242,11.7274],[75.8291,11.7251],[75.8313,11.7209],[75.8373,11.7191],[75.8456,11.7142],[75.8459,11.7065],[75.8511,11.7028],[75.8567,11.7029],[75.8627,11.7043],[75.868,11.7021],[75.8727,11.7014],[75.8753,11.7043],[75.8823,11.6991],[75.9002,11.6992],[75.9043,11.6955],[75.9154,11.6905],[75.9152,11.6877],[75.9112,11.6841],[75.9073,11.6832],[75.9053,11.6795],[75.9001,11.676],[75.9029,11.6715],[75.9053,11.6615],[75.9027,11.657],[75.9034,11.6517],[75.8992,11.6447],[75.897,11.6428],[75.8998,11.637],[75.8997,11.6296],[75.898,11.6229],[75.9014,11.619],[75.9018,11.6156],[75.9056,11.6121],[75.9074,11.6042],[75.9092,11.6008],[75.9144,11.6005],[75.9177,11.5959],[75.9254,11.594],[75.9282,11.5905],[75.9366,11.5909],[75.9394,11.5843],[75.9465,11.5809],[75.9521,11.5809],[75.9575,11.575],[75.9564,11.5733],[75.9581,11.5684],[75.9578,11.5607],[75.964,11.5576],[75.9696,11.5511],[75.9816,11.5397],[75.9901,11.5368],[75.9976,11.5318],[76,11.5268],[76.017,11.5171],[76.018,11.5146],[76.0274,11.5134],[76.0357,11.5086],[76.0379,11.5027],[76.0436,11.5046],[76.0452,11.507],[76.0486,11.5037],[76.0562,11.5059],[76.057,11.5087],[76.0629,11.5103],[76.0676,11.5176],[76.0738,11.5229],[76.0792,11.5211],[76.083,11.5144],[76.0895,11.5125],[76.0905,11.5101],[76.0887,11.5061],[76.093,11.4936],[76.0876,11.4904],[76.087,11.4874],[76.0917,11.4827],[76.102,11.4832],[76.1058,11.4825],[76.1117,11.4761],[76.1154,11.4763],[76.1229,11.4738],[76.124,11.4685],[76.1279,11.4649],[76.1307,11.4645],[76.1321,11.4611],[76.1356,11.46],[76.1428,11.4516],[76.1479,11.4536],[76.153,11.453],[76.1586,11.4571],[76.1648,11.4589],[76.1678,11.4647],[76.1786,11.4694],[76.1857,11.4745],[76.1868,11.479],[76.1827,11.4817],[76.1848,11.4884],[76.1894,11.4924],[76.1913,11.4984],[76.1959,11.5018],[76.1995,11.5067],[76.206,11.5072],[76.2138,11.51],[76.2168,11.5097],[76.2262,11.5132],[76.2278,11.521],[76.2336,11.5285],[76.2385,11.5265],[76.2402,11.5278],[76.2449,11.5262],[76.2505,11.5276],[76.2498,11.5373],[76.2445,11.543],[76.2463,11.5459],[76.2427,11.5493],[76.244,11.5544],[76.2388,11.5586],[76.2354,11.5667],[76.2331,11.5691],[76.2343,11.5719],[76.2438,11.5785],[76.2492,11.5801],[76.2562,11.587],[76.2646,11.5909],[76.2649,11.5939],[76.2743,11.5937],[76.2756,11.5974],[76.2789,11.6009],[76.2861,11.5902],[76.2959,11.5904],[76.2989,11.5836],[76.2997,11.576],[76.3024,11.5712],[76.3105,11.5774],[76.3159,11.5766],[76.3178,11.5816],[76.3223,11.5872],[76.3359,11.5957],[76.34,11.5931],[76.3404,11.5872],[76.3462,11.589],[76.3546,11.5893],[76.359,11.5933],[76.3671,11.5983],[76.3743,11.6],[76.378,11.6019],[76.3783,11.6085],[76.3839,11.612],[76.3831,11.6167],[76.3833,11.624],[76.3881,11.6297],[76.4069,11.6343],[76.4176,11.6334],[76.4262,11.6336],[76.4301,11.6308],[76.4325,11.6313],[76.4345,11.6358],[76.4402,11.6398],[76.4434,11.6436],[76.4432,11.6496],[76.4364,11.6535],[76.4342,11.6574],[76.4314,11.6664],[76.4261,11.6711],[76.4195,11.6709],[76.4165,11.6722],[76.4126,11.6828],[76.4132,11.6857],[76.4085,11.6895],[76.412,11.6947],[76.4089,11.7064],[76.4035,11.7078],[76.408,11.7148],[76.4118,11.7158],[76.4136,11.711],[76.4161,11.713],[76.4168,11.7178],[76.4247,11.7209],[76.4274,11.726],[76.4221,11.7383],[76.4182,11.7426],[76.4133,11.7402],[76.4123,11.7518],[76.4148,11.755],[76.4142,11.7588],[76.4106,11.7589],[76.4052,11.7564],[76.3991,11.7509],[76.3934,11.755],[76.3902,11.7543],[76.3839,11.7472],[76.377,11.7445],[76.3685,11.7481],[76.3625,11.7481],[76.3525,11.7383],[76.3503,11.7402],[76.3397,11.739],[76.3353,11.7441],[76.3291,11.7483],[76.3189,11.7508],[76.3145,11.7569],[76.3136,11.7636],[76.3107,11.7673],[76.3101,11.773],[76.3083,11.7782],[76.3077,11.7842],[76.3056,11.7859],[76.3015,11.7855],[76.294,11.7918],[76.2902,11.7928],[76.2861,11.7981],[76.2806,11.8111],[76.2769,11.8124],[76.2745,11.8109],[76.2569,11.8078],[76.25,11.8034],[76.2456,11.8029],[76.2416,11.8042],[76.2382,11.8035],[76.227,11.8062],[76.2237,11.8082],[76.2186,11.8139],[76.2184,11.8193],[76.2154,11.8236],[76.2099,11.8282],[76.2104,11.8346],[76.2131,11.8426],[76.2095,11.8491],[76.2097,11.8526],[76.2069,11.862],[76.202,11.8624],[76.1984,11.8666],[76.1904,11.8712],[76.1853,11.8717],[76.18,11.8702],[76.1735,11.8712],[76.1648,11.8676],[76.1575,11.8705],[76.1494,11.8664],[76.1461,11.867],[76.1392,11.8598],[76.1353,11.8576],[76.1309,11.8533],[76.1263,11.853],[76.1199,11.8505],[76.117,11.8548],[76.1173,11.8578],[76.1129,11.8587],[76.1149,11.8668],[76.1125,11.8806],[76.1118,11.8877],[76.1134,11.8948],[76.1133,11.9179],[76.1126,11.9312],[76.1123,11.9603],[76.1125,11.9785],[76.1048,11.9757],[76.0947,11.9689],[76.0894,11.9673],[76.0797,11.9688],[76.0701,11.9671],[76.0678,11.9636],[76.0583,11.958],[76.052,11.9516],[76.0448,11.9505],[76.0423,11.946],[76.0387,11.9448],[76.0337,11.9403],[76.0282,11.9409],[76.026,11.9433],[76.0224,11.944],[76.0153,11.9411],[76.0131,11.9417],[76.0074,11.939],[76.0032,11.9314],[75.9939,11.9323],[75.9904,11.9347],[75.9835,11.9327],[75.9793,11.9348],[75.9764,11.9337],[75.9707,11.9365],[75.9626,11.939],[75.9564,11.9419],[75.9517,11.9406],[75.9474,11.9418],[75.9396,11.941],[75.936,11.9345],[75.9306,11.9352],[75.9266,11.9333],[75.9252,11.9294],[75.9262,11.9246],[75.9253,11.9196],[75.9303,11.9166],[75.9315,11.914],[75.9353,11.9118],[75.9373,11.9048],[75.9365,11.9006],[75.9363,11.8907],[75.9298,11.882],[75.925,11.8802],[75.9191,11.8802],[75.9126,11.8761],[75.9143,11.8731],[75.9194,11.8707],[75.9256,11.8636],[75.9281,11.8627],[75.9293,11.8578],[75.9254,11.8482],[75.9178,11.8446],[75.9121,11.8456],[75.8978,11.8426],[75.8917,11.8426],[75.8878,11.8467],[75.882,11.8451],[75.8795,11.847],[75.8719,11.8489],[75.8613,11.8499],[75.854,11.8478],[75.8476,11.8514],[75.847,11.8549],[75.841,11.856],[75.8375,11.8533],[75.8311,11.8514],[75.8276,11.8514],[75.8229,11.8535],[75.8201,11.8587],[75.8175,11.8563],[75.8094,11.8568],[75.8054,11.8539],[75.8052,11.8483],[75.8007,11.8453],[75.7935,11.8459],[75.7899,11.8405],[75.7899,11.8359],[75.793,11.8308],[75.7977,11.8273],[75.7988,11.8194],[75.7952,11.8166],[75.7815,11.8102],[75.7808,11.8071],[75.7761,11.8037],[75.772,11.8027]]]},"properties":{"c":567,"n":"Wayanad"}}
]}