State,District,District Code,Mandal,Mandal Code,Village,Village (Native),Native Source,Village Code,Pincode,Category,Status
Telangana,Jogulamba Gadwal,695,Undavelly,6299,A.Burdipad,ఎ. బుర్దిపాద్,authoritative,576407,509153,,
Telangana,Nalgonda,514,Thipparthy,4645,A.Duppala Palle,అ.దుప్పల పల్లె,transliterated,577063,508247,,
Telangana,Mancherial,684,Tandur,4332,Abbapur,అబ్బాపూర్,authoritative,569945,504272,,
Telangana,Jagitial,681,Gollapalli,4412,Abbapur,అబ్బాపూర్,authoritative,572040,505532,,
Telangana,Nizamabad,516,Navipet,4358,Abbapur (B),అబ్బాపూర్ (బి),authoritative,570709,503245,,
Telangana,Nizamabad,516,Navipet,4358,Abbapur (M),అబ్బాపూర్ (మండలం),authoritative,570725,503245,,
Telangana,Peddapalli,682,Julapalli,4409,Abbapuram,అబ్బపురం,authoritative,572031,505525,,
Telangana,Mulugu,720,Mulug,4689,Abbapuram,అబ్బపురం,authoritative,578043,506343,,
Telangana,Suryapet,696,Garidepally,4666,Abbireddygudem,అబ్బిరెద్ద్య్గూడెం,transliterated,909913,508201,,
Telangana,Bhadradri Kothagudem,690,Annapureddypalli,6268,Abbugudem,అబ్బుగూడెం,transliterated,579490,507316,,
Telangana,Yadadri Bhuvanagiri,697,B Pochampally,4630,Abdulla Nagar,అబ్దుల్లా నగర్,authoritative,576810,508284,,
Telangana,Kamareddy,685,Tadwai,4389,Abdullanagar,అబ్దుల్లానగర్,transliterated,571530,503111,,
Telangana,Nirmal,680,Lokeswaram,4342,Abdullapur,అబ్దుల్లాపూర్,authoritative,570294,504101,,
Telangana,Ranga Reddy,518,Abdullapurmet,6319,Abdullapur,అబ్దుల్లాపూర్,authoritative,574196,501505,,
Telangana,Jangoan,689,Tharigoppula,6257,Abdulnagaram,అబ్దుల్నగరం,transliterated,577677,506145,,
Telangana,Sangareddy,691,Narayankhed,4452,Abenda,అబెంద,transliterated,572793,502286,,
Telangana,Nalgonda,514,Madugulapally,6305,Abhanga Puram,అభంగ పురం,transliterated,577461,508217,,
Telangana,Nizamabad,516,Navipet,4358,Abhangapatnam,అభంగపట్నం,transliterated,570723,503245,,
Telangana,Narayanpet,721,Narayanpet,4570,Abhangapur,అభంగపూర్,transliterated,575458,509210,,
Telangana,Medak,513,Papannapet,4455,Ablapur,అబ్లాపూర్,transliterated,572877,502331,,
Telangana,Kamareddy,685,Nagireddypet,4387,Achaipalle,అచైపల్లె,transliterated,571475,503122,,
Telangana,Siddipet,692,Mulug,4486,Achaipalle,అచ్చైపల్లె,transliterated,573701,502279,,
Telangana,Mancherial,684,Tandur,4332,Achalapur,అచలపూర్,transliterated,569954,504273,,
Telangana,Kumuram Bheem Asifabad,699,Sirpur (T),4315,Achalli,అచల్లి,transliterated,569358,504299,,
Telangana,Nizamabad,516,Bodhan,4370,Achampalle (R),అచ్చంపల్లె (ర్),transliterated,570994,503180,,
Telangana,Karimnagar,508,Gangadhara,4422,Achampalli,అచ్చంపల్లి,transliterated,572218,505445,,
Telangana,Kamareddy,685,Nizamsagar,4385,Achampet,అచంపేట,authoritative,571440,503302,,
Telangana,Nalgonda,514,Chandampeta,4652,Achampet (P) Chandampet,అచంపెత్ (ప్) చందంపెత్,transliterated,577210,508258,,
Telangana,Medak,513,Tekmal,4469,Achannapalle,అచన్నపల్లె,transliterated,573206,502302,,
Telangana,Suryapet,696,Chilkur,4667,Acharlagudem,ఆచార్లగూడెం,transliterated,909917,508204,,
Telangana,Mahabubnagar,512,Koilkonda,4569,Acharyapur,అచర్యపూర్,transliterated,575433,509371,,
Telangana,Wanaparthy,693,Wanaparthy,4595,Achutapur,అచ్చుతాపూర్,transliterated,576042,509106,,
Telangana,Vikarabad,698,Yelal,4536,Achuthapur,అచ్చుతాపూర్,transliterated,574514,501144,,
Telangana,Bhadradri Kothagudem,690,Aswaraopeta,4749,Achuthapuram,అచ్యుతాపురం,authoritative,579535,507301,,
Telangana,Bhadradri Kothagudem,690,Dummugudem,4729,Achyuthapuram,అచ్యుతపురం,transliterated,578967,507137,,
Telangana,Adilabad,501,Jainath,4307,Ada,అద,transliterated,569064,504309,,
Telangana,Kumuram Bheem Asifabad,699,Asifabad,4319,Ada,అద,transliterated,569480,504293,,
Telangana,Kumuram Bheem Asifabad,699,Asifabad,4319,Ada - Dasnapur,అద - దస్నాపూర్,transliterated,569522,504293,,
Telangana,Nirmal,680,Mamada,4346,Adarsanagar (R.C) Kothur @ Edudur,ఆదర్శనగర్ (ర్.సీ) కోతూర్ @ ఏడుదూర్,transliterated,570421,504310,,
Telangana,Khammam,509,Vemsoor,4768,Adasarlapadu,అడసర్లపాడు,transliterated,579897,507164,,
Telangana,Nalgonda,514,Nakrekal,4636,Adavi Bollaram,అడవి బొల్లారం,transliterated,576921,508211,,
Telangana,Bhadradri Kothagudem,690,Dummugudem,4729,Adavi Ramavaram,అడవి రామవరం,transliterated,578975,507137,,
Telangana,Bhadradri Kothagudem,690,Allapalli,6267,Adavi Ramavaram,అడవి రామవరం,transliterated,579407,507126,,
Telangana,Warangal,522,Duggondi,4693,Adavi Rangapur,అడవి రంగాపూర్,transliterated,578116,506331,,
Telangana,Jangoan,689,Jangoan,4699,Adavikeshvapur,అదవికెశ్వపూర్,transliterated,578226,506175,,
Telangana,Jagitial,681,Mallapur,4394,Adavimadhapur,అడవిమధాపూర్,transliterated,571634,505327,,
Telangana,Rajanna Sircilla,683,Veernapalli,6220,Adavipadira,అదవిపదిర,transliterated,572391,505305,,
Telangana,Mulugu,720,Venkatapur,4684,Adavirangapur,అడవిరంగాపూర్,transliterated,577853,506168,,
Telangana,Jogulamba Gadwal,695,Maldakal,4604,Adaviravalcheruvu,అడవిరవాల్‌చెరువు,authoritative,576241,509132,,
Telangana,Peddapalli,682,Manthani,4401,Adavisomanpalle,అడవిసోమన్పల్లె,transliterated,571804,505184,,
Telangana,Peddapalli,682,Mutharam (Manthani),4406,Adavisrirampur,అడవిశ్రీరాంపూర్,transliterated,571959,505184,,
Telangana,Yadadri Bhuvanagiri,697,Adda Guduru,6310,Addagudoor,అడ్డగుదూర్,transliterated,576687,508277,,
Telangana,Mahabubnagar,512,Addakal,4586,Addakal,అడ్డకల్,authoritative,955990,509382,,
Telangana,Kumuram Bheem Asifabad,699,Jainoor,4320,Addesar,అద్దెసర్,transliterated,569544,504313,,
Telangana,Adilabad,501,Ichoda,4322,Adegaon (Buzurg),అడెగాన్ (బుజుర్గ్),transliterated,569612,504307,,
Telangana,Adilabad,501,Ichoda,4322,Adegaon (Khurd),అడెగాన్ (ఖుర్ద్),transliterated,569597,504307,,
Telangana,Nirmal,680,Sarangapur,4336,Adelli,అదెల్లి,transliterated,570078,504110,,
Telangana,Adilabad,501,Gadiguda,6225,Ademeyon,అదేమెయోన్,transliterated,569213,504311,,
Telangana,Kumuram Bheem Asifabad,699,Chintalamanepally,6314,Adepally,ఆడేపల్లి,transliterated,569365,504299,,
Telangana,Vikarabad,698,Yelal,4536,Adhalipur,అధలీపూర్,transliterated,574510,501144,,
Telangana,Mulugu,720,Tadvai,4687,Adhervai,అధేర్వై,transliterated,577957,506347,,
Telangana,Ranga Reddy,518,Ibrahimpatnam,4546,Adibatla,అడిబట్ల,transliterated,574827,501510,,
Telangana,Adilabad,501,Adilabad Urban,4306,Adilabad,ఆదిలాబాద్,authoritative,956068,504001,,
Telangana,Jayashankar Bhupalapally,687,Kataram,4402,Adivarampet,ఆదివారంపేట,transliterated,571832,505503,,
Telangana,Peddapalli,682,Ramagiri,6216,Adivarampet,ఆదివారంపేట,transliterated,571942,505212,,
Telangana,Mahabubabad,688,Gudur,4711,Adivarampet,అదివరంపెత్,transliterated,578461,506134,,
Telangana,Suryapet,696,Jajireddygudem,4623,Adivemula,అదివేముల,transliterated,576654,508224,,
Telangana,Narayanpet,721,Maganoor,4590,Adivikhanapur,ఆదివిఖానాపూర్,transliterated,575919,509352,,
Telangana,Mancherial,684,Chennur,4356,Adiwarpet,ఆదివార్పేట,transliterated,570655,504201,,
Telangana,Nizamabad,516,Kotagiri,4371,Adkas Palle,అడ్కాస్ పల్లె,transliterated,571044,503207,,
Telangana,Vikarabad,698,Peddemul,4533,Adkicherla,అడ్కిచర్ల,transliterated,574405,501142,,
Telangana,Kamareddy,685,Kamareddy,4390,Adloor,అడ్లూర్,transliterated,571545,503111,,
Telangana,Kamareddy,685,Sadashivanagar,4381,Adloor Yellareddy,అద్లూర్ యెల్లరెద్ద్య్,transliterated,571322,503145,,
Telangana,Suryapet,696,Chinthalapalem,6303,Adlur,అడ్లూర్,transliterated,577602,508246,,
Telangana,Medak,513,Narsapur,4488,Admapur,అద్మపూర్,transliterated,573751,502316,,
Telangana,Medchal Malkajgiri,700,Muduchinthalapally,6671,Adraspally,అద్రాస్పల్లి,transliterated,574131,500101,,
Telangana,Peddapalli,682,Manthani,4401,Adrial,అద్రిఅల్,transliterated,571788,505212,,
Telangana,Kamareddy,685,Yellareddy,4386,Advilingal,అడ్విలింగల్,transliterated,571446,503122,,
Telangana,Nirmal,680,Khanapur,4347,Advisarangapur,అద్విసరంగాపూర్,transliterated,570443,504203,,
Telangana,Nalgonda,514,Madugulapally,6305,Agamothkur,అగమోత్కూర్,transliterated,577040,508234,,
Telangana,Ranga Reddy,518,Manchal,4547,Agapalle,ఆగపల్లె,transliterated,574866,501506,,
Telangana,Wanaparthy,693,Ghanpur,4585,Agaram,అగరం,authoritative,575775,509380,,
Telangana,Jagitial,681,Gollapalli,4412,Aggimalla,అగ్గిమల్ల,transliterated,572049,505532,,
Telangana,Ranga Reddy,518,Kondurg,4558,Agiryal,అగిర్యాల్,transliterated,575175,509207,,
Telangana,Vikarabad,698,Yelal,4536,Agnoor,అగ్నూర్,transliterated,574504,501144,,
Telangana,Mahabubnagar,512,Rajapur,6261,Agraharam Potlapalle,అగ్రహరమ్ పొత్లపల్లె,transliterated,575123,509202,,
Telangana,Hanumakonda,686,Athmakur,4694,Agrampahad,అగ్రంపహాడ్,transliterated,578135,506342,,
Telangana,Siddipet,692,Mulug,4486,Agraram,అగ్రారామ్,transliterated,916323,502336,,
Telangana,Siddipet,692,Gajwel,4483,Ahmadipur,అహ్మదీపూర్,transliterated,573620,502278,,
Telangana,Medak,513,Narsapur,4488,Ahmednagar,అహ్మద్నగర్,transliterated,573749,502316,,
Telangana,Nizamabad,516,Nandipet,4359,Ailapur,ఐలపూర్,transliterated,570748,503212,,
Telangana,Jagitial,681,Korutla,4416,Ailapur,ఐలపూర్,transliterated,572113,505330,,
Telangana,Suryapet,696,Chivemla,4639,Ailapur,ఐలపూర్,transliterated,576963,508214,,
Telangana,Vikarabad,698,Vikarabad,4530,Ainapur,ఐనాపూర్,transliterated,574336,501101,,
Telangana,Vikarabad,698,Doma,4537,Ainapur,ఐనాపూర్,transliterated,574563,501502,,
Telangana,Narayanpet,721,Krishna,6264,Ainapur,ఐనపూర్,transliterated,575907,509352,,
Telangana,Siddipet,692,Komuravelli,6284,Ainapur,ఐనాపూర్,transliterated,577617,506355,,
Telangana,Warangal,522,Khanapur,4709,Ainepalle,ఐనేపల్లె,transliterated,578379,506132,,
Telangana,Suryapet,696,Atmakur (S),4622,Aipoor,ఐపూర్,transliterated,576629,508221,,
Telangana,Jagitial,681,Pegadapalli,4421,Aithupalli,ఐతుపల్లి,transliterated,572195,505531,,
Telangana,Nalgonda,514,Kattangur,4635,Aiti Pamula,ఐటి పాముల,transliterated,576912,508205,,
Telangana,Mahabubnagar,512,Devarakadra,4573,Ajilapur,అజిలపూర్,transliterated,575513,509204,,
Telangana,Ranga Reddy,518,Maheshwaram,4544,Akanpalle,ఆకన్పల్లె,transliterated,574779,509325,,
Telangana,Siddipet,692,Dubbak,4458,Akaram,ఆకారం,transliterated,572950,502108,,
Telangana,Nalgonda,514,Shaligouraram,4624,Akaram,అకరమ్,transliterated,576662,508210,,
Telangana,Nizamabad,516,Rudrur,6240,Akbar Nagar,అక్బర్ నాగర్,transliterated,571193,503188,,
Telangana,Ranga Reddy,518,Abdullapurmet,6319,Akbarja,అక్బర్జా,transliterated,574185,501505,,
Telangana,Ranga Reddy,518,Kandukur,4545,Akberja,అక్బెర్జా,transliterated,574818,501359,,
Telangana,Peddapalli,682,Anthergaon,6214,Akenpalli,ఆకేన్పల్లి,transliterated,571746,505514,,
Telangana,Jayashankar Bhupalapally,687,Mogullapally,4680,Akinepalle,అకినేపల్లె,transliterated,577773,506366,,
Telangana,Mulugu,720,Mangapet,4686,Akinepalle Mallaram,అకినెపల్లె మల్లరమ్,transliterated,577947,506172,,
Telangana,Bhadradri Kothagudem,690,Dammapeta,4750,Akinepalli,అకినేపల్లి,transliterated,579559,507306,,
Telangana,Warangal,522,Chennaraopet,4712,Akkalchedu,అక్కల్చేడు,transliterated,578483,506332,,
Telangana,Kamareddy,685,Nagireddypet,4387,Akkampalle,అక్కంపల్లె,transliterated,571487,503108,,
Telangana,Siddipet,692,Nangnoor,4461,Akkanepalle,అక్కనెపల్లె,transliterated,573040,502280,,
Telangana,Siddipet,692,Akkannapet,6285,Akkannapeta,అక్కన్నపేట,transliterated,572624,505466,,
Telangana,Rajanna Sircilla,683,Yellareddipet,4432,Akkapalli,అక్కపల్లి,transliterated,572400,505303,,
Telangana,Nirmal,680,Nirmal Rural,6210,Akkapur,అక్కాపూర్,transliterated,570357,504106,,
Telangana,Kamareddy,685,Machareddy,4380,Akkapur,అక్కపూర్,transliterated,571284,503144,,
Telangana,Siddipet,692,Gajwel,4483,Akkaram,అక్కరం,transliterated,573636,502311,,
Telangana,Nalgonda,514,Narketpally,4634,Akkene Palle,అక్కేనే పల్లె,transliterated,576880,508254,,
Telangana,Peddapalli,682,Manthani,4401,Akkepalle,అక్కేపల్లె,transliterated,571791,505212,,
Telangana,Jangoan,689,Tharigoppula,6257,Akkerajepalle,అక్కెరజెపల్లె,transliterated,577675,506224,,
Telangana,Mahabubabad,688,Narsimhulapet,4719,Akkirala,అక్కిరల,transliterated,578618,506324,,
Telangana,Nizamabad,516,Vailpoor,4365,Aklur,అక్లూర్,transliterated,570882,503311,,
Telangana,Adilabad,501,Bhoraj,7529,Akoli,అకోలి,transliterated,569024,504309,,
Telangana,Sangareddy,691,Andole,4479,Aksanpalle,అక్సన్పల్లె,transliterated,573512,502270,,
Telangana,Mulugu,720,Eturunagaram,4685,Akulavari Ghanpur,ఆకులవారి ఘన్పూర్,transliterated,577906,506169,,
Telangana,Nagarkurnool,694,Tadoor,4582,Akunellikuduru,ఆకునెల్లికుదురు,transliterated,575705,509209,,
Telangana,Siddipet,692,Cherial,4672,Akunoor,అకునూర్,transliterated,577609,506223,,
Telangana,Karimnagar,508,V.Saidapur,4445,Akunur,అకునూర్,transliterated,572638,505472,,
Telangana,Suryapet,696,Munagala,4642,Akupamula,ఆకుపముల,transliterated,577021,508233,,
Telangana,Adilabad,501,Jainath,4307,Akurla,ఆకుర్ల,transliterated,569047,504309,,
Telangana,Ranga Reddy,518,Amangal,4563,Akuthotapalle,అకుతోటపల్లె,transliterated,575285,509321,,
Telangana,Sangareddy,691,Hathnoora,4489,Akwanchaguda,అక్వాంచగూడ,transliterated,573816,502313,,
Telangana,Nalgonda,514,Miryalaguda,4664,Alagadapa,అలగదప,transliterated,577514,508208,,
Telangana,Nagarkurnool,694,Telkapally,4581,Alair,అలైర్,transliterated,575695,509412,,
Telangana,Yadadri Bhuvanagiri,697,Alair,4617,Alair,అలైర్,transliterated,576537,508101,,
Telangana,Warangal,522,Nekkonda,4713,Alamkhanipet,ఆలంఖానిపేట,transliterated,578505,506112,,
Telangana,Vikarabad,698,Vikarabad,4530,Alampalle,ఆలంపల్లె,transliterated,956022,501101,,
Telangana,Jogulamba Gadwal,695,Alampur,4612,Alampur,అలంపూర్,authoritative,576440,509152,,
Telangana,Mahabubabad,688,Nellikudur,4716,Aleru,ఆలేరు,authoritative,578557,506102,,
Telangana,Sangareddy,691,Zahirabad,4474,Algole,ఆల్గోల్,transliterated,573349,502318,,
Telangana,Hyderabad,507,Bandlaguda,4509,Ali Samunder,అలి సముందెర్,transliterated,927809,500068,,
Telangana,Sangareddy,691,Kondapur,4491,Aliabad,అలియాబాద్,transliterated,573847,502306,,
Telangana,Medchal Malkajgiri,700,Shamirpet,4520,Aliabad,అలిఅబద్,transliterated,574120,500101,,
Telangana,Siddipet,692,Mulug,4486,Aliabad @ Adivimasjid,అలిఅబద్ @ అదివిమస్జిద్,transliterated,573718,502279,,
Telangana,Ranga Reddy,518,Ibrahimpatnam,4546,Alimiyakunta,అలిమియకుంట,transliterated,574842,501506,,
Telangana,Jangoan,689,Bachannapet,4674,Alimpur,అలింపూర్,transliterated,577658,506221,,
Telangana,Yadadri Bhuvanagiri,697,B Pochampally,4630,Alinagar,అలీనగర్,transliterated,576803,508284,,
Telangana,Siddipet,692,Jagdevpur,4484,Alirajapet,అలిరజపెత్,transliterated,573658,502281,,
Telangana,Jangoan,689,Zaffergadh,4696,Aliyabad,అలియాబాద్,transliterated,578182,506316,,
Telangana,Ranga Reddy,518,Gandipet,6320,Alizapur (Og),అలిజాపూర్ (ఒగ్),transliterated,574245,500089,,
Telangana,Medak,513,Alladurg,4470,Alladurg,అల్లదుర్గ్,transliterated,573220,502269,,
Telangana,Bhadradri Kothagudem,690,Pinapaka,4725,Allampalli,అల్లంపల్లి,transliterated,578833,507117,,
Telangana,Nirmal,680,Kaddam Peddur,4335,Allampally,అల్లంపల్లి,transliterated,570036,504205,,
Telangana,Mulugu,720,Eturunagaram,4685,Allamvari Ghanapuram,అల్లంవారి ఘనపురం,transliterated,577890,506165,,
Telangana,Khammam,509,Bonakal,4765,Allapadu,అల్లపదు,transliterated,579845,507204,,
Telangana,Bhadradri Kothagudem,690,Allapalli,6267,Allapalli,అల్లపల్లి,transliterated,579411,507124,,
Telangana,Kamareddy,685,Pitlam,4384,Allapur,అల్లాపూర్,transliterated,571397,503310,,
Telangana,Sangareddy,691,Narayankhed,4452,Allapur,అల్లాపూర్,transliterated,572791,502286,,
Telangana,Sangareddy,691,Raikode,4472,Allapur,అల్లాపూర్,transliterated,573278,502257,,
Telangana,Sangareddy,691,Munipally,4477,Allapur,అల్లాపూర్,transliterated,573448,502345,,
Telangana,Medak,513,Toopran,4482,Allapur,అల్లాపూర్,transliterated,573601,502334,,
Telangana,Vikarabad,698,Marpalle,4512,Allapur,అల్లాపూర్,transliterated,573982,501202,,
Telangana,Vikarabad,698,Dharur,4531,Allapur,అల్లాపూర్,transliterated,574351,501121,,
Telangana,Vikarabad,698,Kulkacharla,4539,Allapur,అల్లాపూర్,transliterated,574603,501502,,
Telangana,Nagarkurnool,694,Tadoor,4582,Allapur,అల్లాపూర్,transliterated,575719,509209,,
Telangana,Medchal Malkajgiri,700,Kukatpally,6327,Allapur,అల్లాపూర్,transliterated,931509,500085,,
Telangana,Vikarabad,698,Basheerabad,4535,Allapur (Basheerabad),అల్లాపూర్ (బషీరాబాద్),transliterated,574484,501143,,
Telangana,Vikarabad,698,Tandur,4534,Allapur .S.,అల్లాపూర్ .స్.,transliterated,574457,501141,,
Telangana,Ranga Reddy,518,Chevella,4529,Allawada,అల్లవాడ,transliterated,574307,501503,,
Telangana,Mulugu,720,Tadvai,4687,Alligudem,అల్లిగూడెం,authoritative,578007,506347,,
Telangana,Ranga Reddy,518,Kandukur,4545,Allikhanpalle,అల్లిఖాన్పల్లె,transliterated,574820,500113,,
Telangana,Mancherial,684,Dandepally,4348,Allipur,అల్లిపుర్,authoritative,570460,504206,,
Telangana,Jagitial,681,Raikal,4395,Allipur,అల్లిపుర్,authoritative,571662,505460,,
Telangana,Siddipet,692,Chinnakodur,4460,Allipur,అల్లిపుర్,authoritative,573004,502310,,
Telangana,Medak,513,Shivampet,4487,Allipur,అల్లిపుర్,authoritative,573723,502313,,
Telangana,Vikarabad,698,Dharur,4531,Allipur,అల్లిపుర్,authoritative,574356,501121,,
Telangana,Mahabubnagar,512,Chinnachintakunta,4587,Allipur,అల్లిపుర్,authoritative,575832,509110,,
Telangana,Warangal,522,Khila Warangal,6246,Allipur,అల్లిపుర్,authoritative,578154,506005,,
Telangana,Sangareddy,691,Zahirabad,4474,Allipur (Ct),అల్లిపూర్ (సీటీ),transliterated,573373,502318,,
Telangana,Suryapet,696,Mattampally,4670,Allipuram,అల్లీపురం,authoritative,577584,508204,,
Telangana,Ranga Reddy,518,Farooqnagar,4559,Allisabguda,అల్లిసబ్గూడ,transliterated,575180,509216,,
Telangana,Peddapalli,682,Ramagundam,4399,Allur,అల్లూరు,authoritative,956023,505208,,
Telangana,Sangareddy,691,Andole,4479,Almaipet,అల్మాయిపేట,transliterated,573523,502273,,
Telangana,Ranga Reddy,518,Maheshwaram,4544,Almasguda,అల్మాస్గూడ,transliterated,574786,500112,,
Telangana,Ranga Reddy,518,Saroornagar,4526,Almasguda (Og),అల్మాస్గూడ (ఒగ్),transliterated,574218,500112,,
Telangana,Vikarabad,698,Kulkacharla,4539,Almaskhanpet,అల్మాస్ఖాన్పేట,transliterated,574609,509335,,
Telangana,Rajanna Sircilla,683,Yellareddipet,4432,Almaspur,అల్మస్పూర్,transliterated,572399,505305,,
Telangana,Siddipet,692,Akberpet-Bhoompally,7524,Almaspur,అల్మాస్పూర్,transliterated,573096,502102,,
Telangana,Nirmal,680,Sarangapur,4336,Aloor,అలూర్,authoritative,570095,504110,,
Telangana,Nizamabad,516,Aloor,7528,Aloor,అలూర్,authoritative,570772,503223,,
Telangana,Mahabubnagar,512,Jadcherla,4567,Aloor,అలూర్,authoritative,575378,509302,,
Telangana,Jogulamba Gadwal,695,Ghattu,4605,Aloor,అలూర్,authoritative,576262,509132,,
Telangana,Ranga Reddy,518,Chevella,4529,Aloor I,అలూర్ ఇ,transliterated,574280,501503,,
Telangana,Ranga Reddy,518,Chevella,4529,Aloor II,అలూర్ ఐఐ,transliterated,574281,501503,,
Telangana,Ranga Reddy,518,Chevella,4529,Aloor III,అలూర్ ఐఐఐ,transliterated,574282,501503,,
Telangana,Mulugu,720,Venkatapuram,4724,Alubaka [G],అలుబాక [గ్],transliterated,578801,507133,,
Telangana,Mulugu,720,Venkatapuram,4724,Alubaka [Z],అలుబక [జ్],transliterated,578800,507133,,
Telangana,Mulugu,720,Eturunagaram,4685,Alugubelle,అలుగుబెల్లె,transliterated,577912,506165,,
Telangana,Karimnagar,508,Thimmapur LMD,4438,Alugunur (Og),అలుగునూర్ (ఒగ్),transliterated,572527,505527,,
Telangana,Jagitial,681,Raikal,4395,Alur,ఆలూరు,authoritative,571653,505460,,
Telangana,Siddipet,692,Mirdoddi,4464,Alwal,అల్వాల్,transliterated,573090,502247,,
Telangana,Ranga Reddy,518,Keshampet,4561,Alwal,అల్వాల్,transliterated,575234,509408,,
Telangana,Wanaparthy,693,Peddamandadi,4594,Alwal,అల్వాల్,transliterated,576031,509106,,
Telangana,Medchal Malkajgiri,700,Alwal,6328,Alwal,అల్వాల్,transliterated,931491,500010,,
Telangana,Nalgonda,514,Tirumalagiri Sagar,6306,Alwala,అల్వాల,authoritative,577425,508377,,
Telangana,Jogulamba Gadwal,695,Dharoor,4591,Alwalpad,అల్వాల్‌పాడ్,authoritative,575950,509133,,
Telangana,Mahabubnagar,512,Jadcherla,4567,Alwanpalle,అల్వంపల్లె,transliterated,575383,509302,,
Telangana,Nizamabad,516,Navipet,4358,Alzapur,అల్జాపూర్,transliterated,570697,503245,,
Telangana,Wanaparthy,693,Kothakota,4593,Amadabakula,అమడబాకుల,transliterated,576010,509381,,
Telangana,Ranga Reddy,518,Amangal,4563,Amangal,అమంగల్,authoritative,575289,509321,,
Telangana,Nalgonda,514,Vemulapally,4644,Amangal,అమంగల్,authoritative,577043,508374,,
Telangana,Nagarkurnool,694,Kollapur,4609,Amaragiri,అమరగిరి,transliterated,576372,509102,,
Telangana,Nagarkurnool,694,Kollapur,4609,Amaragiri,అమరగిరి,transliterated,912771,509102,,
Telangana,Jogulamba Gadwal,695,Manopad,4611,Amaravai,అమరవై,transliterated,576406,509128,,
Telangana,Suryapet,696,Huzurnagar,4669,Amaravaram,అమరవరం,authoritative,577577,508204,,
Telangana,Wanaparthy,693,Kothakota,4593,Amaravathinagar,అమరావతినగర్,transliterated,576002,509381,,
Telangana,Wanaparthy,693,Amarchintha,6290,Amarchinta,అమర్చింత,transliterated,575970,509130,,
Telangana,Kumuram Bheem Asifabad,699,Dahegoan,4329,Amargonda,అమరగొండ,transliterated,569875,504219,,
Telangana,Kamareddy,685,Sadashivanagar,4381,Amarlabanda,అమర్లబండ,transliterated,571320,503145,,
Telangana,Jogulamba Gadwal,695,Maldakal,4604,Amarvai,అమర్వై,transliterated,909676,509132,,
Telangana,Nirmal,680,Kuntala,4337,Ambagaon,అంబగాన్,transliterated,570103,504109,,
Telangana,Nagarkurnool,694,Balmoor,4597,Ambagiri,అంబగిరి,transliterated,576099,509401,,
Telangana,Medak,513,Shankarampet (R),4467,Ambajipet,అంబాజీపేట,transliterated,573172,502255,,
Telangana,Nirmal,680,Kuntala,4337,Ambakanti,అంబకంటి,transliterated,570112,504109,,
Telangana,Hanumakonda,686,Kamalapur,4447,Ambala,అంబాలా,transliterated,572667,505102,,
Telangana,Yadadri Bhuvanagiri,697,Gundala,4618,Ambala,అంబాలా,transliterated,576559,508277,,
Telangana,Karimnagar,508,Shankarapatnam,4441,Ambalpur,అంబల్పూర్,transliterated,572571,505474,,
Telangana,Nizamabad,516,Yedapally,4369,Ambam,అంబం,transliterated,570956,503235,,
Telangana,Nizamabad,516,Rudrur,6240,Ambam,అంబం,transliterated,571209,503188,,
Telangana,Jagitial,681,Endapalli,7539,Ambaripet,అంబారిపేట,transliterated,571722,505526,,
Telangana,Jagitial,681,Kathlapur,4418,Ambaripet,అంబారిపేట,transliterated,572156,505306,,
Telangana,Nalgonda,514,Shaligouraram,4624,Ambaripet,అంబారిపేట,transliterated,909708,508210,,
Telangana,Kamareddy,685,Domakonda,4392,Ambarpet,అంబర్పేట,transliterated,571591,503123,,
Telangana,Khammam,509,Madhira,4766,Ambarupeta,అంబరుపేట,transliterated,579861,507203,,
Telangana,Mahabubnagar,512,Jadcherla,4567,Ambatapur,అంబటాపూర్,transliterated,575358,509302,,
Telangana,Jayashankar Bhupalapally,687,Mahadevpur,4403,Ambatpalle,అంబత్పల్లె,transliterated,571879,505504,,
Telangana,Siddipet,692,Wargal,4485,Amberpet,అంబెర్పేట్,transliterated,573688,502336,,
Telangana,Vikarabad,698,Yelal,4536,Amberpet,అంబెర్పేట్,transliterated,574523,501144,,
Telangana,Hyderabad,507,Amberpet,4502,Amberpet,అంబెర్పేట్,transliterated,927773,500013,,
Telangana,Hyderabad,507,Amberpet,4502,Amberpet Sarfekhas,అంబెర్పేట్ సర్ఫేఖాస్,transliterated,927775,500013,,
Telangana,Adilabad,501,Tamsi,4305,Ambugaon,అంబుగాన్,transliterated,568963,504312,,
Telangana,Nizamabad,516,Armoor,4360,Amdapur,అందాపూర్,transliterated,570762,503223,,
Telangana,Nizamabad,516,Bodhan,4370,Amdapur,అందపూర్,transliterated,570993,503180,,
Telangana,Ranga Reddy,518,Moinabad,4528,Amdapur,అందాపూర్,transliterated,574273,501504,,
Telangana,Sangareddy,691,Jinnaram,4493,Amdoor,అందూర్,transliterated,573912,502296,,
Telangana,Warangal,522,Nekkonda,4713,Ameenabad,అమీనాబాద్,transliterated,578489,506122,,
Telangana,Nizamabad,516,Vailpoor,4365,Ameenapur,అమీన్పూర్,authoritative,570876,503311,,
Telangana,Sangareddy,691,Ameenpur,6276,Ameenapur (Ct),అమీనపూర్ (చ్త్),transliterated,573948,502032,,
Telangana,Sangareddy,691,Nyalkal,4473,Ameerabad,అమీరబద్,transliterated,573304,502256,,
Telangana,Ranga Reddy,518,Maheshwaram,4544,Ameerpet,అమీరపేట్,authoritative,574770,509325,,
Telangana,Hyderabad,507,Ameerpet,4497,Ameerpet,అమీరపేట్,authoritative,927758,500038,,
Telangana,Bhadradri Kothagudem,690,Aswapuram,4728,Amerdha,అమెర్ధా,transliterated,578922,507116,,
Telangana,Mancherial,684,Mandamarri,4352,Amerwadi,అమెర్వాడి,transliterated,570564,504301,,
Telangana,Narayanpet,721,Utkoor,4571,Aminpur,అమీన్పూర్,transliterated,575482,509210,,
Telangana,Mahabubnagar,512,Bhoothpur,4574,Amistapur,అమిస్తాపుర్,authoritative,575542,509382,,
Telangana,Hyderabad,507,Bandlaguda,4509,Amjaduddowla,అంజదుద్దౌల,transliterated,927808,500053,,
Telangana,Nalgonda,514,Gurrampode,4657,Amlur,అమ్లూర్,transliterated,577340,508256,,
Telangana,Peddapalli,682,Manthani,4401,Ammagaripalle,అమ్మగారిపల్లె,authoritative,571798,505184,,
Telangana,Bhadradri Kothagudem,690,Aswapuram,4728,Ammagaripalli,అమ్మగారిపల్లి,transliterated,578921,507116,,
Telangana,Nalgonda,514,Nalgonda,4646,Ammaguda,అమ్మగూడ,transliterated,577084,508255,,
Telangana,Wanaparthy,693,Chinnambavi,6287,Ammaipalle,అమ్మైపల్లె,transliterated,576333,509104,,
Telangana,Jagitial,681,Ibrahimpatnam,4393,Ammakkapet,అమ్మక్కపెత్,transliterated,571617,505450,,
Telangana,Nalgonda,514,Narketpally,4634,Ammanabole,అమ్మనబొలె,transliterated,576881,508254,,
Telangana,Yadadri Bhuvanagiri,697,Motakonduru,6309,Ammanabolu,అమ్మనబోలు,transliterated,576544,508101,,
Telangana,Karimnagar,508,V.Saidapur,4445,Ammanagurthi,అమ్మనగుర్థి,transliterated,572642,505480,,
Telangana,Mahabubabad,688,Mahabubabad,4718,Ammangal,అమ్మంగల్,transliterated,578593,506102,,
Telangana,Mahabubabad,688,Dornakal,4722,Ammapalem,అమ్మపాలెం,authoritative,578678,506368,,
Telangana,Khammam,509,Konijerla,4761,Ammapalem,అమ్మపాలెం,authoritative,579755,507305,,
Telangana,Khammam,509,Vemsoor,4768,Ammapalem,అమ్మపాలెం,authoritative,579906,507164,,
Telangana,Ranga Reddy,518,Shamshabad,4543,Ammapalle,అమ్మపల్లె,transliterated,574732,501218,,
Telangana,Mahabubnagar,512,Jadcherla,4567,Ammapalle,అమ్మపల్లె,transliterated,575368,509406,,
Telangana,Nagarkurnool,694,Thimmajipet,4575,Ammapally,అమ్మపల్లి,transliterated,909619,509406,,
Telangana,Khammam,509,Mudigonda,4758,Ammapeta,అమ్మపేట,authoritative,579699,507158,,
Telangana,Mahabubnagar,512,Hanwada,4555,Ammapur,అమ్మాపూర్,transliterated,575062,509334,,
Telangana,Mahabubnagar,512,Nawabpet,4556,Ammapur,అమ్మాపూర్,transliterated,575078,509340,,
Telangana,Mahabubnagar,512,Chinnachintakunta,4587,Ammapur,అమ్మాపూర్,transliterated,575829,509110,,
Telangana,Jangoan,689,Narmetta,4675,Ammapur,అమ్మపూర్,transliterated,577680,506224,,
Telangana,Mahabubabad,688,Thorrur,4715,Ammapur,అమ్మాపూర్,transliterated,578528,506163,,
Telangana,Hanumakonda,686,Khazipet,6247,Ammavaripet,అమ్మవారిపేట్,authoritative,578153,506003,,
Telangana,Narayanpet,721,Narayanpet,4570,Ammireddipalle,అమ్మిరెడ్డిపల్లె,transliterated,575455,509210,,
Telangana,Hyderabad,507,Tirumalgiri,4499,Ammuguda,అమ్ముగూడ,transliterated,927762,500010,,
Telangana,Vikarabad,698,Dharur,4531,Ampalle,అంపల్లె,transliterated,574367,501121,,
Telangana,Nizamabad,516,Mugpal,6235,Amrabad,అంరబద్,transliterated,570954,503230,,
Telangana,Nagarkurnool,694,Amrabad,4578,Amrabad,అమ్రాబాద్,transliterated,575620,509201,,
Telangana,Nizamabad,516,Makloor,4367,Amrad,అంరద్,transliterated,570918,503003,,
Telangana,Vikarabad,698,Mominpet,4513,Amradi Kalan,అమ్రాది కలన్,transliterated,574000,501202,,
Telangana,Nizamabad,516,Kotagiri,4371,Amrapur,అంరపూర్,transliterated,571023,503207,,
Telangana,Nizamabad,516,Dichpally,4377,Amruthapoor,అంరుథపూర్,transliterated,909494,503165,,
Telangana,Nizamabad,516,Dichpally,4377,Amruthapur,అమృతాపూర్,transliterated,571223,503175,,
Telangana,Vikarabad,698,Dudyal,7540,Amsanpalle,అంశన్పల్లె,transliterated,574936,509350,,
Telangana,Medak,513,Kulcharam,4468,Amsanpally,అంశన్పల్లి,transliterated,573195,502109,,
Telangana,Bhadradri Kothagudem,690,Dammapeta,4750,Amudalalpadu,అముదాలాల్పాడు,transliterated,579546,507306,,
Telangana,Karimnagar,508,Shankarapatnam,4441,Amudalapalle,ఆముదాలపల్లి,authoritative,572576,505470,,
Telangana,Mancherial,684,Chennur,4356,Amudalpalle,అముదల్పల్లె,transliterated,570669,504201,,
Telangana,Yadadri Bhuvanagiri,697,Mothkur,4625,Anajipur,అనాజీపూర్,transliterated,576696,508277,,
Telangana,Nalgonda,514,Chinthapally,4650,Anajipur,అనాజీపూర్,transliterated,577182,508248,,
Telangana,Yadadri Bhuvanagiri,697,Bhongir,4628,Anajipuram,అనాజీపురం,transliterated,576772,508285,,
Telangana,Ranga Reddy,518,Abdullapurmet,6319,Anajpur,అనాజ్‌పూర్,authoritative,574191,501512,,
Telangana,Jogulamba Gadwal,695,Gadwal,4603,Anantapur,అనంతపురం,authoritative,576235,509133,,
Telangana,Yadadri Bhuvanagiri,697,Gundala,4618,Anantaram,అనంతరం,transliterated,576547,508101,,
Telangana,Ranga Reddy,518,Chevella,4529,Anantawaram,అనంతవారం,transliterated,574279,501503,,
Telangana,Suryapet,696,Ananthagiri,6302,Anantha Giri,అనంత గిరి,transliterated,577558,508206,,
Telangana,Nizamabad,516,Navipet,4358,Ananthagiri,అనంతగిరి,authoritative,570727,503186,,
Telangana,Rajanna Sircilla,683,Illanthakunta,4436,Ananthagiri,అనంతగిరి,authoritative,572485,505402,,
Telangana,Siddipet,692,Wargal,4485,Ananthagiripalle,అనంథగిరిపల్లె,transliterated,573683,502336,,
Telangana,Rajanna Sircilla,683,Boinpalli,4429,Ananthapalle,అనంతపల్లె,transliterated,572331,505524,,
Telangana,Rajanna Sircilla,683,Chandurthi,4419,Ananthapalli(Pk),అనంతపల్లి(పీకే),transliterated,572162,505403,,
Telangana,Adilabad,501,Bazarhatnoor,4323,Ananthapur,అనంతపూర్,transliterated,569647,504307,,
Telangana,Jagitial,681,Jagitial Rural,6211,Anantharam,అనంతారం,authoritative,572078,505454,,
Telangana,Rajanna Sircilla,683,Illanthakunta,4436,Anantharam,అనంతారం,authoritative,572480,505402,,
Telangana,Medchal Malkajgiri,700,Muduchinthalapally,6671,Anantharam,అనంతారం,authoritative,574111,500101,,
Telangana,Nalgonda,514,Nalgonda,4646,Anantharam,అనంతారం,authoritative,577096,508004,,
Telangana,Warangal,522,Geesugonda,4707,Anantharam,అనంతారం,authoritative,578345,506330,,
Telangana,Bhadradri Kothagudem,690,Aswaraopeta,4749,Anantharam,అనంతారం,authoritative,579525,507301,,
Telangana,Bhadradri Kothagudem,690,Manuguru,4727,Anantharam,అనంతారం,authoritative,956069,507117,,
Telangana,Yadadri Bhuvanagiri,697,Bhongir,4628,Anantharam (P),అనంతరం (ప్),transliterated,576769,508117,,
Telangana,Vikarabad,698,Doma,4537,Ananthareddipalle,అనంతరెడ్డిపల్లె,transliterated,574562,501502,,
Telangana,Sangareddy,691,Narayankhed,4452,Ananthasagar,అనంతసాగర్,authoritative,572810,502286,,
Telangana,Medak,513,Havelighanapur,6270,Ananthasagar,అనంతసాగర్,authoritative,572895,502113,,
Telangana,Siddipet,692,Chinnakodur,4460,Ananthasagar,అనంతసాగర్,authoritative,573006,502267,,
Telangana,Medak,513,Chegunta,4466,Ananthasagar,అనంతసాగర్,authoritative,573144,502247,,
Telangana,Sangareddy,691,Jharasangam,4476,Ananthasagar,అనంతసాగర్,authoritative,573435,502321,,
Telangana,Sangareddy,691,Kondapur,4491,Ananthasagar,అనంతసాగర్,authoritative,573856,502306,,
Telangana,Vikarabad,698,Kulkacharla,4539,Ananthasagar,అనంతసాగర్,authoritative,574611,509335,,
Telangana,Hanumakonda,686,Hasanparthy,4678,Ananthasagar,అనంతసాగర్,authoritative,577730,506371,,
Telangana,Khammam,509,Chinthakani,4760,Ananthasagar,అనంతసాగర్,authoritative,579737,507208,,
Telangana,Nagarkurnool,694,Balmoor,4597,Ananthavaram,అనాతవరం,authoritative,576098,509401,,
Telangana,Ranga Reddy,518,Shabad,4542,Ananthawaram,అనంతవారం,transliterated,574718,509217,,
Telangana,Bhadradri Kothagudem,690,Allapalli,6267,Ananthogu,అనంతోగు,transliterated,579423,507126,,
Telangana,Nirmal,680,Nirmal Rural,6210,Ananthpet,అనంథ్పెత్,transliterated,570340,504106,,
Telangana,Nirmal,680,Mamada,4346,Ananthpet,అనంతపేట,transliterated,570419,504310,,
Telangana,Siddipet,692,Jagdevpur,4484,Ananthsagar,అనంతసాగర్,transliterated,573653,502312,,
Telangana,Khammam,509,Nelakondapalli,4759,Anasagar,అనసాగర్,transliterated,579713,507160,,
Telangana,Suryapet,696,Penpahad,4643,Anatharam,అనాథరామ్,transliterated,577030,508214,,
Telangana,Nagarkurnool,694,Lingal,4598,Anbatpalle,అన్బట్పల్లె,transliterated,576115,509401,,
Telangana,Kamareddy,685,Domakonda,4392,Anchanur,అంచనూర్,transliterated,571590,503123,,
Telangana,Kumuram Bheem Asifabad,699,Kagaznagar,4318,Andavelli,అందవెల్లి,transliterated,569464,504296,,
Telangana,Adilabad,501,Bheempur,6223,Anderband,ఆండర్బ్యాండ్,transliterated,568961,504312,,
Telangana,Mancherial,684,Mandamarri,4352,Andgulapet,అంద్గులపేట,transliterated,570560,504231,,
Telangana,Adilabad,501,Utnoor,4321,Andholi,అంధోలి,transliterated,569568,504346,,
Telangana,Nizamabad,516,Nandipet,4359,Andhranagar,ఆంధ్రానగర్,transliterated,909467,503213,,
Telangana,Nirmal,680,Kuntala,4337,Andkur,అంద్కూర్,transliterated,570119,504109,,
Telangana,Sangareddy,691,Andole,4479,Andole,ఆందోల్,transliterated,573521,502273,,
Telangana,Ranga Reddy,518,Madgul,4564,Andugul,అందుగుల్,transliterated,575307,509327,,
Telangana,Medak,513,Yeldurthy,4481,Andugulapalle,అందుగులపల్లె,transliterated,573567,502109,,
Telangana,Mulugu,720,Kannaigudem,6251,Andukapalle,అందుకపల్లె,transliterated,577866,506165,,
Telangana,Adilabad,501,Boath,4324,Anduru,అందురు,transliterated,569704,504306,,
Telangana,Nagarkurnool,694,Bijinapally,4584,Anekhanpalle,అనేఖన్పల్లె,transliterated,575749,509215,,
Telangana,Mahabubabad,688,Maripeda,4720,Anepuram,అనేపురం,transliterated,578629,506315,,
Telangana,Siddipet,692,Markook,6282,Angadi Kistapur,అంగడి కిస్తాపూర్,transliterated,573656,502279,,
Telangana,Vikarabad,698,Kodangal,4549,Angadi Raichur,అంగడి రాయ్చూర్,transliterated,574906,509336,,
Telangana,Vikarabad,698,Pudur,4541,Angadichittimpalle,అంగడిచిట్టింపల్లె,transliterated,574667,501102,,
Telangana,Nalgonda,514,Chandur,4655,Angadipeta,అంగడిపేట,transliterated,577302,508255,,
Telangana,Mancherial,684,Chennur,4356,Angarajpalle,అంగరాజపల్లె,transliterated,570672,504201,,
Telangana,Peddapalli,682,Manthani,4401,Angulur(D),అంగులూర్(డ్),transliterated,571794,505184,,
Telangana,Suryapet,696,Huzurnagar,4669,Anjalipuram,అంజలిపురం,transliterated,910367,508204,,
Telangana,Nalgonda,514,Tripuraram,4662,Anjana Palle,అంజన పల్లె,transliterated,577470,508208,,
Telangana,Wanaparthy,693,Wanaparthy,4595,Anjangiri,అంజనగిరి,transliterated,576060,509120,,
Telangana,Nirmal,680,Narsapur G,6208,Anjani,అంజని,transliterated,570304,504104,,
Telangana,Kamareddy,685,Pedda Kodapgal,6245,Anjani,అంజని,transliterated,571158,503310,,
Telangana,Adilabad,501,Inderavelly,4311,Anji,అంజి,transliterated,569186,504346,,
Telangana,Bhadradri Kothagudem,690,Dummugudem,4729,Anjubaka,అంజుబాక,transliterated,578962,507137,,
Telangana,Bhadradri Kothagudem,690,Dammapeta,4750,Ankampalem,పీ.అంకంపాలెం,authoritative,579539,507306,,
Telangana,Nizamabad,516,Navipet,4358,Ankampalle,అంకంపల్లె,authoritative,570702,503246,,
Telangana,Mulugu,720,Mulug,4689,Ankannagudem,అంకన్నగూడెం,authoritative,578053,506352,,
Telangana,Mulugu,720,Venkatapuram,4724,Ankannagudem(Z),అంకన్నగూడెం(జ్),transliterated,578791,507136,,
Telangana,Mancherial,684,Kannepally,6229,Ankannapeta,అంకన్నపేట,transliterated,569840,504219,,
Telangana,Jayashankar Bhupalapally,687,Malharrao,4405,Ankanpalle,అంకన్పల్లె,transliterated,571939,506168,,
Telangana,Adilabad,501,Adilabad Rural,6221,Ankapur,అంకాపూర్,transliterated,569005,504002,,
Telangana,Nizamabad,516,Armoor,4360,Ankapur,అంకాపూర్,transliterated,570776,503223,,
Telangana,Mancherial,684,Tandur,4332,Ankepalle,అంకేపల్లి,authoritative,569960,504251,,
Telangana,Kumuram Bheem Asifabad,699,Kagaznagar,4318,Ankhoda,అంఖొద,transliterated,569460,504296,,
Telangana,Siddipet,692,Kondapak,4462,Ankireddipalle,అంకిరెడ్డిపల్లె,transliterated,573047,502277,,
Telangana,Siddipet,692,Raipole,6283,Ankireddipalli,అంకిరెద్దిపల్లి,transliterated,573120,502278,,
Telangana,Kamareddy,685,Nasurullabad,6244,Ankole,అంకొలె,transliterated,571176,503301,,
Telangana,Adilabad,501,Adilabad Rural,6221,Ankoli,అంకోలి,transliterated,569001,504002,,
Telangana,Wanaparthy,693,Wanaparthy,4595,Ankoor,అంకూర్,transliterated,576044,509206,,
Telangana,Nizamabad,516,Vailpoor,4365,Anksapur,అంక్సాపూర్,transliterated,570870,503311,,
Telangana,Mancherial,684,Bellampally,4350,Ankusam,అంకుశం,transliterated,570511,504251,,
Telangana,Kumuram Bheem Asifabad,699,Kagaznagar,4318,Ankusapur,అంకుసపూర్,transliterated,569452,504296,,
Telangana,Kumuram Bheem Asifabad,699,Asifabad,4319,Ankusapur,అంకుశాపూర్,transliterated,569502,504293,,
Telangana,Mancherial,684,Bheemaram,6228,Ankushapur,అంకుషాపుర్,authoritative,570626,504204,,
Telangana,Siddipet,692,Nangnoor,4461,Ankushapur,అంకుషాపుర్,authoritative,573037,502280,,
Telangana,Medchal Malkajgiri,700,Ghatkesar,4523,Ankushapur,అంకుషాపుర్,authoritative,574167,501301,,
Telangana,Jayashankar Bhupalapally,687,Mogullapally,4680,Ankushapur,అంకుషాపుర్,authoritative,577787,506366,,
Telangana,Jayashankar Bhupalapally,687,Tekumatla,6248,Ankushapur,అంకుషాపుర్,authoritative,577808,506356,,
Telangana,Jangoan,689,Tharigoppula,6257,Ankushapuram,అంకుశపురం,transliterated,577670,506367,,
Telangana,Bhadradri Kothagudem,690,Annapureddypalli,6268,Annadevam,అన్నదేవం,transliterated,579492,507315,,
Telangana,Mulugu,720,Mulug,4689,Annampalle,అన్నంపల్లె,transliterated,578039,506352,,
Telangana,Yadadri Bhuvanagiri,697,Bibinagar,4629,Annampatla,అన్నంపట్ల,transliterated,576794,508126,,
Telangana,Nalgonda,514,Vemulapally,4644,Annapureddy Gudem,అన్నపురెడ్డి గుడెం,transliterated,909800,508217,,
Telangana,Bhadradri Kothagudem,690,Annapureddypalli,6268,Annapureddypally,అన్నపురెడ్డిపల్లి,transliterated,579493,507315,,
Telangana,Mancherial,684,Tandur,4332,Annaram,అన్నారం,authoritative,569953,504273,,
Telangana,Nizamabad,516,Donkeshwar,7530,Annaram,అన్నారం,authoritative,570732,503212,,
Telangana,Kamareddy,685,Ramareddy,6243,Annaram,అన్నారం,authoritative,571279,503144,,
Telangana,Jayashankar Bhupalapally,687,Mahadevpur,4403,Annaram,అన్నారం,authoritative,571850,505503,,
Telangana,Karimnagar,508,Manakondur,4427,Annaram,అన్నారం,authoritative,572292,505469,,
Telangana,Medak,513,Papannapet,4455,Annaram,అన్నారం,authoritative,572878,502331,,
Telangana,Vikarabad,698,Pargi,4540,Annaram,అన్నారం,authoritative,574628,501501,,
Telangana,Vikarabad,698,Kodangal,4549,Annaram,అన్నారం,authoritative,574901,509336,,
Telangana,Ranga Reddy,518,Farooqnagar,4559,Annaram,అన్నారం,authoritative,575201,509202,,
Telangana,Nagarkurnool,694,Vangoor,4577,Annaram,అన్నారం,authoritative,575609,509324,,
Telangana,Wanaparthy,693,Pangal,4601,Annaram,అన్నారం,authoritative,576168,509120,,
Telangana,Suryapet,696,Penpahad,4643,Annaram,అన్నారం,authoritative,577034,508214,,
Telangana,Nalgonda,514,Anumula,4660,Annaram,అన్నారం,authoritative,577411,508266,,
Telangana,Nalgonda,514,Tripuraram,4662,Annaram,అన్నారం,authoritative,577455,508208,,
Telangana,Nalgonda,514,Miryalaguda,4664,Annaram,అన్నారం,authoritative,577506,508208,,
Telangana,Mahabubabad,688,Kesamudram,4717,Annaram,అన్నారం,authoritative,578583,506102,,
Telangana,Bhadradri Kothagudem,690,Mulkalapally,4748,Annaram,అన్నారం,authoritative,579505,507115,,
Telangana,Bhadradri Kothagudem,690,Manuguru,4727,Annaram,అన్నారం,authoritative,956070,507117,,
Telangana,Sangareddy,691,Gummadidala,6277,Annaram (Ct),అన్నరమ్ (చ్త్),transliterated,573923,502313,,
Telangana,Warangal,522,Parvathagiri,4714,Annaram Sharif,అన్నారం షరీఫ్,transliterated,578523,506365,,
Telangana,Kamareddy,685,Tadwai,4389,Annaram(H),అన్నారం(హ్),transliterated,909509,503110,,
Telangana,Mahabubnagar,512,Mohammadabad,7187,Annareddipalle,అన్నారెడ్డిపల్లె,transliterated,574591,509337,,
Telangana,Nalgonda,514,Nalgonda,4646,Annareddy Guda,అన్నారెడ్డి గుడ,transliterated,577101,508247,,
Telangana,Kumuram Bheem Asifabad,699,Kerameri,4313,Annarpalli,అన్నార్పల్లి,transliterated,569274,504293,,
Telangana,Khammam,509,Thallada,4762,Annarugudem,అన్నారుగూడెం,transliterated,579768,507167,,
Telangana,Kamareddy,685,Yellareddy,4386,Annasagar,అన్నాసాగర్,authoritative,571453,503302,,
Telangana,Sangareddy,691,Andole,4479,Annasagar,అన్నాసాగర్,authoritative,573507,502270,,
Telangana,Vikarabad,698,Yelal,4536,Annasagar,అన్నాసాగర్,authoritative,574516,501144,,
Telangana,Narayanpet,721,Damargidda,4553,Annasagar,అన్నాసాగర్,authoritative,575001,509407,,
Telangana,Mahabubnagar,512,Bhoothpur,4574,Annasagar,అన్నాసాగర్,authoritative,575550,509382,,
Telangana,Mulugu,720,Wajedu,4723,Annavaram (G),అన్నవరం (గ్),transliterated,578730,507136,,
Telangana,Ranga Reddy,518,Madgul,4564,Anneboinpalle,అన్నెబోయిన్పల్లె,transliterated,575302,509327,,
Telangana,Ranga Reddy,518,Kandukur,4545,Annojiguda,అన్నోజిగూడ,transliterated,574812,500113,,
Telangana,Jayashankar Bhupalapally,687,Malharrao,4405,Ansanpalle,అంసంపల్లె,transliterated,571935,506168,,
Telangana,Nizamabad,516,Dharpally,4378,Ansanpally,అన్సన్పల్లి,transliterated,909500,503164,,
Telangana,Kamareddy,685,Machareddy,4380,Antampalle,అంతంపల్లె,transliterated,571286,503144,,
Telangana,Kamareddy,685,Madnoor,4372,Antapur,అంతాపూర్,transliterated,571080,503309,,
Telangana,Vikarabad,698,Tandur,4534,Antaram Buzurg,అంతరం బుజుర్గ్,transliterated,574460,501141,,
Telangana,Adilabad,501,Bheempur,6223,Antergaon,ఆంటర్గాన్,transliterated,568948,504312,,
Telangana,Wanaparthy,693,Ghanpur,4585,Anthaipalle,అంతైపల్లె,transliterated,575769,509380,,
Telangana,Siddipet,692,Akkannapet,6285,Anthakkapeta,అంతక్కపేట,transliterated,572625,505466,,
Telangana,Kamareddy,685,Bhiknoor,4391,Anthampalle,అంతంపల్లె,transliterated,571571,503102,,
Telangana,Ranga Reddy,518,Shankarpalle,4515,Anthappaguda,అంతప్పగూడ,transliterated,574051,501203,,
Telangana,Sangareddy,691,Munipally,4477,Antharam,అంథరమ్,transliterated,573454,502345,,
Telangana,Medak,513,Kowdipally,4480,Antharam,అంతరం,transliterated,573551,502314,,
Telangana,Sangareddy,691,Gummadidala,6277,Antharam,అంథరమ్,transliterated,573901,502313,,
Telangana,Vikarabad,698,Kulkacharla,4539,Antharam,అంతరం,transliterated,574608,509335,,
Telangana,Ranga Reddy,518,Thalakondapally,4562,Antharam,అంతరం,transliterated,575267,509357,,
Telangana,Nagarkurnool,694,Tadoor,4582,Antharam,అంథరమ్,transliterated,575703,509209,,
Telangana,Jagitial,681,Jagitial Rural,6211,Anthargaon,అంతర్గాన్,transliterated,572086,505455,,
Telangana,Nirmal,680,Kubeer,4338,Antharni,అంతర్ని,transliterated,570161,504103,,
Telangana,Peddapalli,682,Anthergaon,6214,Anthergaon,అంథెర్గాంవ్,transliterated,571744,505514,,
Telangana,Sangareddy,691,Sirgapoor,6279,Anthergaon,ఆంథర్గాన్,transliterated,572815,502286,,
Telangana,Sangareddy,691,Narayankhed,4452,Anthwar,అంథ్వర్,transliterated,572802,502286,,
Telangana,Vikarabad,698,Doulathabad,4552,Anthwar,అంత్వార్,transliterated,574982,509336,,
Telangana,Narayanpet,721,Narayanpet,4570,Anthwar,అంథ్వర్,transliterated,575463,509205,,
Telangana,Narayanpet,721,Makthal,4589,Anugonda,ఆనుగొండ,authoritative,575900,509208,,
Telangana,Adilabad,501,Adilabad Rural,6221,Anukunta,అనుకుంటా,transliterated,568993,504002,,
Telangana,Nalgonda,514,Anumula,4660,Anumula,అనుముల,transliterated,577422,508377,,
Telangana,Rajanna Sircilla,683,Vemulawada Rural,6218,Anupuram,అనుపురం,transliterated,572365,505302,,
Telangana,Jogulamba Gadwal,695,Kaloor Thimmandoddi,6297,Apkondanahalli,అప్కొండనహళ్లి,transliterated,956055,509129,,
Telangana,Jogulamba Gadwal,695,Ghattu,4605,Apkondanhalli,అప్కొండన్హళ్లి,transliterated,576272,509129,,
Telangana,Narayanpet,721,Gundumal,7523,Appaipalle,అప్పైపల్లె,transliterated,574965,509339,,
Telangana,Wanaparthy,693,Wanaparthy,4595,Appaipalle,అప్పైపల్లె,transliterated,576058,509206,,
Telangana,Nagarkurnool,694,Lingal,4598,Appaipally,అప్పైపల్లి,transliterated,909661,509401,,
Telangana,Bhadradri Kothagudem,690,Allapalli,6267,Appaipeta,అప్పైపేట,transliterated,579412,507126,,
Telangana,Nalgonda,514,Nalgonda,4646,Appaji Peta,అప్పాజీ పెటా,transliterated,577081,508002,,
Telangana,Mahabubnagar,512,Balanagar,4557,Appajipalle,అప్పాజిపల్లె,transliterated,575121,509202,,
Telangana,Medak,513,Alladurg,4470,Appajipally,అప్పాజిపల్లి,transliterated,573221,502269,,
Telangana,Narayanpet,721,Narayanpet,4570,Appakapalle,అప్పకపల్లె,authoritative,575454,509210,,
Telangana,Nalgonda,514,Tripuraram,4662,Appalammagudem,అప్పలమ్మగూడెం,transliterated,909879,508355,,
Telangana,Warangal,522,Nekkonda,4713,Appalaraopet,అప్పలారావుపేట,transliterated,578508,506369,,
Telangana,Peddapalli,682,Peddapalli,4408,Appannapet,అప్పన్నపేట,transliterated,571979,505174,,
Telangana,Mahabubabad,688,Gudur,4711,Apparajpalle,అప్పరాజ్పల్లె,transliterated,578474,506103,,
Telangana,Ranga Reddy,518,Madgul,4564,Appareddipalle,అప్పరెడ్డిపల్లె,transliterated,575296,509327,,
Telangana,Wanaparthy,693,Ghanpur,4585,Appareddipalle,అప్పరెడ్డిపల్లె,transliterated,575779,509380,,
Telangana,Kumuram Bheem Asifabad,699,Asifabad,4319,Appepalle,అప్పేపల్లె,transliterated,569505,504292,,
Telangana,Narayanpet,721,Narayanpet,4570,Appireddipalle,అప్పిరెడ్డిపల్లి,authoritative,575453,509210,,
Telangana,Jogulamba Gadwal,695,Ghattu,4605,Aragidda,అరగిడ్డ,authoritative,576267,509132,,
Telangana,Jagitial,681,Pegadapalli,4421,Aravelli,అరవెల్లి,transliterated,572194,505452,,
Telangana,Kumuram Bheem Asifabad,699,Tiryani,4333,Areguda,అరెగూడ,transliterated,569980,504294,,
Telangana,Khammam,509,Enkoor,4753,Arekayalapadu,అరెకాయలపాడు,transliterated,579603,507168,,
Telangana,Khammam,509,Khammam (Rural),4756,Arekodu,అరేకోడు,transliterated,579658,507163,,
Telangana,Khammam,509,Khammam (Rural),4756,Arempula,అరెంపుల,transliterated,579659,507163,,
Telangana,Peddapalli,682,Manthani,4401,Arenda,అరెంద,transliterated,571799,505184,,
Telangana,Kumuram Bheem Asifabad,699,Kerameri,4313,Arepalle,అరెపల్లీ,authoritative,569265,504293,,
Telangana,Kumuram Bheem Asifabad,699,Sirpur (T),4315,Arepalle,అరెపల్లీ,authoritative,569360,504296,,
Telangana,Nirmal,680,Mamada,4346,Arepalle,అరెపల్లీ,authoritative,570403,504310,,
Telangana,Mancherial,684,Bheemaram,6228,Arepalle,అరెపల్లీ,authoritative,570643,504204,,
Telangana,Nizamabad,516,Dichpally,4377,Arepalle,అరెపల్లీ,authoritative,571220,503175,,
Telangana,Kamareddy,685,Nizamsagar,4385,Arepalle,అరెపల్లీ,authoritative,571439,503302,,
Telangana,Wanaparthy,693,Atmakur,4592,Arepalle,అరెపల్లీ,authoritative,575984,509131,,
Telangana,Siddipet,692,Gajwel,4483,Arepalle (Sivar Bejgaon),ఆరేపల్లె (శివర్ బెజ్గాన్),transliterated,573127,502278,,
Telangana,Jagitial,681,Dharmapuri,4397,Arepalli,ఆరేపల్లి,authoritative,571689,505425,,
Telangana,Karimnagar,508,Karimnagar,6231,Arepalli,ఆరేపల్లి,authoritative,572319,505001,,
Telangana,Kamareddy,685,Rajampet,6241,Argonda,అర్గొండ,transliterated,571538,503110,,
Telangana,Nizamabad,516,Jakranpally,4366,Argul,అర్గుల్,transliterated,570886,503223,,
Telangana,Mulugu,720,Wajedu,4723,Arguntapalle (Z),అర్గుంటపల్లె (జ్),transliterated,578738,507136,,
Telangana,Nalgonda,514,Nalgonda,4646,Arjalabai,అర్జలాబాయి,transliterated,909829,508002,,
Telangana,Nalgonda,514,Nalgonda,4646,Arjalabavi (Og),అర్జలబవి (ఒగ్),transliterated,577108,508002,,
Telangana,Siddipet,692,Maddur,4673,Arjunapatla,అర్జునపట్ల,transliterated,577627,506223,,
Telangana,Mancherial,684,Kotapally,4351,Arjungutta,అర్జుంగుట్ట,transliterated,570553,504201,,
Telangana,Adilabad,501,Gadiguda,6225,Arjuni,అర్జుని,transliterated,569216,504311,,
Telangana,Karimnagar,508,Shankarapatnam,4441,Arkandla,ఆర్కండ్ల,transliterated,572562,505470,,
Telangana,Ranga Reddy,518,Madgul,4564,Arkapalle,ఆర్కపల్లె,transliterated,575305,509327,,
Telangana,Vikarabad,698,Nawabpet,4514,Arkathala,అర్కథల,transliterated,574023,501111,,
Telangana,Medak,513,Papannapet,4455,Arkela,ఆర్కెలా,transliterated,572882,502302,,
Telangana,Bhadradri Kothagudem,690,Dummugudem,4729,Arlagudem,ఆర్లగూడెం,transliterated,578976,507137,,
Telangana,Suryapet,696,Chilkur,4667,Arlagudem,ఆర్లగూడెం,transliterated,909921,508206,,
Telangana,Mulugu,720,Wajedu,4723,Arlagudem (G),ఆర్లగూడెం (గ్),transliterated,578700,507136,,
Telangana,Mulugu,720,Wajedu,4723,Arlagudem (Z),ఆర్లగూడెం (జ్),transliterated,578701,507136,,
Telangana,Kumuram Bheem Asifabad,699,Wankidi,4314,Arli,అర్లి,transliterated,569308,504295,,
Telangana,Adilabad,501,Adilabad Rural,6221,Arli (Buzurg),అర్లి (బుజుర్గ్),transliterated,568987,504002,,
Telangana,Nirmal,680,Dilawarpur,4343,Arli (Buzurg),అర్లి (బుజుర్గ్),transliterated,570317,504104,,
Telangana,Adilabad,501,Talamadugu,4309,Arli (Khurd),అర్లి (ఖుర్ద్),transliterated,569139,504312,,
Telangana,Nirmal,680,Narsapur G,6208,Arli (Khurd),అర్లి (ఖుర్ద్),transliterated,570126,504109,,
Telangana,Adilabad,501,Bheempur,6223,Arli (T),అర్లి (ట్),transliterated,568949,504312,,
Telangana,Nizamabad,516,Armoor,4360,Armoor,ఆర్మూరు,authoritative,956026,503224,,
Telangana,Karimnagar,508,Choppadandi,4424,Arnakonda,అర్నకొండ,transliterated,572241,505415,,
Telangana,Kamareddy,685,Machareddy,4380,Arnepally,ఆర్నేపల్లి,transliterated,909504,503112,,
Telangana,Sangareddy,691,Sadasivpet,4490,Aroor,అరూర్,transliterated,573833,502291,,
Telangana,Nizamabad,516,Yedapally,4369,Arp Camp,ఆర్ప్ క్యాంప్,transliterated,909481,503235,,
Telangana,Mahabubabad,688,Kesamudram,4717,Arpanapalle,అర్పణపల్లె,transliterated,578571,506112,,
Telangana,Jagitial,681,Sarangapur,4396,Arpapalli,ఆర్పపల్లి,transliterated,571687,505529,,
Telangana,Yadadri Bhuvanagiri,697,Valigonda,4627,Arruru,అర్రూరు,transliterated,576731,508112,,
Telangana,Nizamabad,516,Nizamabad South,6385,Arsapally,అర్సాపల్లి,transliterated,926563,503186,,
Telangana,Sangareddy,691,Kandi,6275,Arutla,అరుట్ల,transliterated,573876,502296,,
Telangana,Ranga Reddy,518,Manchal,4547,Arutla,అరుట్ల,transliterated,574875,501508,,
Telangana,Hanumakonda,686,Hasanparthy,4678,Arvapalle,అర్వపల్లె,transliterated,577741,506006,,
Telangana,Sangareddy,691,Mogudampally,6278,Asadgunj,అసద్గుంజ్,transliterated,573351,502221,,
Telangana,Nagarkurnool,694,Kollapur,4609,Asadpur,అసద్పూర్,transliterated,576373,509105,,
Telangana,Warangal,522,Nallabelli,4692,Asaravelli,అసరవెల్లి,transliterated,578104,506132,,
Telangana,Narayanpet,721,Damargidda,4553,Ashanpalle,అశంపల్లె,transliterated,575006,509407,,
Telangana,Kumuram Bheem Asifabad,699,Jainoor,4320,Ashapalle,అశపల్లె,transliterated,569540,504313,,
Telangana,Nirmal,680,Mudhole,4341,Ashta,అష్ట,transliterated,570269,504101,,
Telangana,Jangoan,689,Ragunathpally,4698,Ashwaraopalle,అశ్వరావుపల్లె,transliterated,578206,506244,,
Telangana,Hyderabad,507,Asif Nagar,4506,Asif Nagar,అసిఫ్ నగర్,transliterated,927789,500028,,
Telangana,Kumuram Bheem Asifabad,699,Asifabad,4319,Asifabad (Ct),ఆసిఫాబాద్ (సీటీ),transliterated,569539,504293,,
Telangana,Karimnagar,508,Kothapally,6230,Asifnagar,ఆసిఫ్నగర్,transliterated,572303,505401,,
Telangana,Ranga Reddy,518,Manchal,4547,Asmatpur,అస్మత్పూర్,transliterated,574873,501508,,
Telangana,Mancherial,684,Chennur,4356,Asnad,అస్నాద్,transliterated,570675,504201,,
Telangana,Khammam,509,Wyra,4764,Astanagurthi,అస్తానగుర్తి,transliterated,579822,507304,,
Telangana,Bhadradri Kothagudem,690,Aswapuram,4728,Aswapuram,అశ్వపురం,transliterated,578925,507116,,
Telangana,Bhadradri Kothagudem,690,Aswaraopeta,4749,Aswaraopeta,అశ్వరావుపేట,transliterated,579537,507301,,
Telangana,Vikarabad,698,Peddemul,4533,Athakur,అతకూర్,transliterated,574411,501142,,
Telangana,Sangareddy,691,Manoor,4451,Athimail,అతిమైల్,transliterated,572764,502286,,
Telangana,Yadadri Bhuvanagiri,697,Atmakur (M),4626,Athmakur (M),ఆత్మకూర్ (మ్),transliterated,576711,508111,,
Telangana,Kamareddy,685,Nagireddypet,4387,Atmakur,ఆత్మకుర్,authoritative,571484,503122,,
Telangana,Jagitial,681,Gollapalli,4412,Atmakur,ఆత్మకుర్,authoritative,572053,505532,,
Telangana,Jagitial,681,Metpalli,4417,Atmakur,ఆత్మకుర్,authoritative,572137,505325,,
Telangana,Sangareddy,691,Sadasivpet,4490,Atmakur,ఆత్మకుర్,authoritative,573823,502291,,
Telangana,Jogulamba Gadwal,695,Gadwal,4603,Atmakur,ఆత్మకుర్,authoritative,576226,509133,,
Telangana,Suryapet,696,Atmakur (S),4622,Atmakur,ఆత్మకుర్,authoritative,576637,508212,,
Telangana,Wanaparthy,693,Atmakur,4592,Atmakur (Ct),ఆత్మకూర్ (సీటీ),transliterated,575990,509131,,
Telangana,Sangareddy,691,Nyalkal,4473,Atnur,అట్నూర్,transliterated,573323,502251,,
Telangana,Vikarabad,698,Nawabpet,4514,Attapur,అత్తాపూర్,transliterated,574039,501111,,
Telangana,Khammam,509,Madhira,4766,Atukuru,ఆతుకూరు,authoritative,579855,507203,,
Telangana,Sangareddy,691,Nagalgidda,6280,Audathpur,ఔదథ్పూర్,transliterated,572733,502286,,
Telangana,Medak,513,Havelighanapur,6270,Aurangabad,ఔరంగాబాద్,transliterated,572910,502113,,
Telangana,Sangareddy,691,Mogudampally,6278,Auranganagar,ఔరంగనగర్,transliterated,573357,502221,,
Telangana,Sangareddy,691,Raikode,4472,Auranganagar (Patti Hasnabad),ఔరంగనగర్ (పత్తి హస్నబద్),transliterated,573299,502257,,
Telangana,Ranga Reddy,518,Madgul,4564,Aurpalle,ఔర్పల్లె,transliterated,575293,509327,,
Telangana,Nagarkurnool,694,Lingal,4598,Ausalikunta,ఔసలికుంట,transliterated,576114,509401,,
Telangana,Medchal Malkajgiri,700,Ghatkesar,4523,Aushapur,ఔషాపూర్,authoritative,574166,501301,,
Telangana,Mahabubabad,688,Peddavangara,6256,Authapur,ఔతాపూర్,transliterated,578280,506317,,
Telangana,Mancherial,684,Nennel,4331,Avadam,అవడం,transliterated,569936,504204,,
Telangana,Rajanna Sircilla,683,Mustabad,4434,Avunoor,అవునూర్,transliterated,572431,505404,,
Telangana,Kamareddy,685,Madnoor,4372,Awalgaon,అవాల్గాన్,transliterated,571070,503309,,
Telangana,Adilabad,501,Bhoraj,7529,Awalpur,అవల్పూర్,transliterated,569043,504309,,
Telangana,Adilabad,501,Bela,4308,Awalpur,అవల్పూర్,transliterated,569088,504309,,
Telangana,Mancherial,684,Kotapally,4351,Ayepalle,అయెపల్లె,transliterated,570540,504214,,
Telangana,Mahabubnagar,512,Hanwada,4555,Ayodhyanagar,అయోధ్యానగర్,transliterated,575056,509334,,
Telangana,Mahabubabad,688,Gudur,4711,Ayodhyapur,అయొధ్యపూర్,transliterated,578456,506134,,
Telangana,Mahabubabad,688,Kuravi,4721,Ayyagaripalle,అయ్యగారిపల్లె,transliterated,578651,506105,,
Telangana,Jangoan,689,Palakurthy,4697,Ayyangaripalle,అయ్యంగరిపల్లె,transliterated,578188,506244,,
Telangana,Khammam,509,Yerrupalem,4767,Ayyavarigudem,అయ్యవారిగూడెం,authoritative,579874,507202,,
Telangana,Nagarkurnool,694,Uppununthala,4580,Ayyavaripalle,అయ్యవారిపల్లె,authoritative,575664,509376,,
Telangana,Wanaparthy,693,Pebbair,4602,Ayyavaripalle,అయ్యవారిపల్లె,authoritative,576209,509104,,
Telangana,Wanaparthy,693,Chinnambavi,6287,Ayyavaripalle,అయ్యవారిపల్లె,authoritative,576342,509104,,
Telangana,Ranga Reddy,518,Farooqnagar,4559,Ayyavaripally,అయ్యవరిపల్లి,transliterated,909563,509410,,
Telangana,Mulugu,720,Wajedu,4723,Ayyavaripeta (G),అయ్యవారిపేట (గ్),transliterated,578693,507136,,
Telangana,Narayanpet,721,Damargidda,4553,Ayyawaripalle,అయ్యవారిపల్లె,transliterated,575007,509407,,
Telangana,Mahabubnagar,512,Midjil,4566,Ayyawaripally,అయ్యవారిపల్లి,transliterated,909586,509357,,
Telangana,Mahabubnagar,512,Koilkonda,4569,Ayyawarpalle,అయ్యవార్పల్లె,transliterated,575429,509371,,
Telangana,Jayashankar Bhupalapally,687,Bhupalpally,4682,Azamnagar,అజంనగర్,transliterated,577835,506169,,
Telangana,Yadadri Bhuvanagiri,697,Mothkur,4625,Azimpet,అజింపేట్,transliterated,909713,508277,,
Telangana,Ranga Reddy,518,Moinabad,4528,Aziznagar,అజీజ్నగర్,transliterated,574258,501504,,
Telangana,Suryapet,696,Suryapet,4638,B Dhacharam,బ్ ధాచారం,transliterated,576955,508214,,
Telangana,Suryapet,696,Suryapet,4638,B Venkatrampuram,బ్ వెంకట్రాంపురం,transliterated,576953,508376,,
Telangana,Yadadri Bhuvanagiri,697,Ramannapet,4632,B.Thurka Palle,బ్.తుర్క పల్లె,transliterated,576860,508113,,
Telangana,Jogulamba Gadwal,695,Ieeja,4606,B.Timmapur,బ్.తిమ్మపూర్,transliterated,576283,509127,,
Telangana,Nirmal,680,Bhainsa,4339,Babalgaon,బబల్గాంవ్,transliterated,570183,504103,,
Telangana,Nizamabad,516,Bheemgal,4364,Babanagar,బాబానగర్,transliterated,570849,503307,,
Telangana,Kumuram Bheem Asifabad,699,Chintalamanepally,6314,Babapur,బాబాపూర్,transliterated,569383,504299,,
Telangana,Kumuram Bheem Asifabad,699,Asifabad,4319,Babapur,బాబాపూర్,transliterated,569501,504293,,
Telangana,Nirmal,680,Laxmanchanda,4345,Babapur,బాబాపూర్,transliterated,570377,504106,,
Telangana,Nizamabad,516,Bheemgal,4364,Babapur,బబపూర్,transliterated,570845,503307,,
Telangana,Kumuram Bheem Asifabad,699,Chintalamanepally,6314,Babasagar,బబసగర్,transliterated,569389,504299,,
Telangana,Nalgonda,514,Tripuraram,4662,Babasahebpet,బాబాసాహెబ్పేట,transliterated,577467,508208,,
Telangana,Medchal Malkajgiri,700,Balanagar,4517,Babbuguda,బబ్బుగూడ,transliterated,931507,500037,,
Telangana,Kumuram Bheem Asifabad,699,Kerameri,4313,Babejheri,బాబేజ్హేరి,transliterated,569298,504293,,
Telangana,Adilabad,501,Boath,4324,Babera,బాబెరా,transliterated,569684,504304,,
Telangana,Sangareddy,691,Sadasivpet,4490,Babilgaon,బాబిల్గాన్,transliterated,573824,502291,,
Telangana,Adilabad,501,Ichoda,4322,Babjepet,బాబ్జేపేట,transliterated,569633,504307,,
Telangana,Adilabad,501,Narnoor,4312,Babjhari,బాబ్జారీ,transliterated,569235,504311,,
Telangana,Kumuram Bheem Asifabad,699,Sirpur U,4326,Babjipet,బాబ్జీపేట,transliterated,569758,504313,,
Telangana,Kamareddy,685,Pedda Kodapgal,6245,Babulgaon,బాబుల్గాన్,transliterated,571117,502286,,
Telangana,Nalgonda,514,Kanagal,4656,Bachannagudem,బచ్చన్నగూడెం,transliterated,909857,508255,,
Telangana,Jangoan,689,Bachannapet,4674,Bachannapet,బచన్నపెత్,transliterated,577665,506221,,
Telangana,Nizamabad,516,Bheemgal,4364,Bachanpalle,బచంపల్లె,transliterated,570859,503307,,
Telangana,Ranga Reddy,518,Abdullapurmet,6319,Bacharam,బాచారం,authoritative,574182,501505,,
Telangana,Vikarabad,698,Dharur,4531,Bacharam,బాచారం,authoritative,574359,501121,,
Telangana,Nagarkurnool,694,Peddakothapally,4599,Bacharam,బాచారం,authoritative,576130,509412,,
Telangana,Sangareddy,691,Nizampet (28),7535,Bachepalle,బహచెపల్లె,authoritative,572825,502371,,
Telangana,Khammam,509,Tirumalayapalem,4754,Bachodu,బచోడు,transliterated,579614,507161,,
Telangana,Vikarabad,698,Doma,4537,Bachpalle,బచ్పల్లె,transliterated,574547,501502,,
Telangana,Sangareddy,691,Patancheru,4494,Bachuguda,బాచుగూడ,transliterated,573935,502307,,
Telangana,Ranga Reddy,518,Kandukur,4545,Bachupalle,బాచుపల్లె,transliterated,574816,500113,,
Telangana,Medchal Malkajgiri,700,Bachupally,6315,Bachupally,బాచుపల్లి,transliterated,574071,500090,,
Telangana,Yadadri Bhuvanagiri,697,Ramannapet,4632,Bachuppala,బాచుప్పల,transliterated,576858,508113,,
Telangana,Medak,513,Nizampet,6271,Bachurajpalle,బాచురాజపల్లె,transliterated,572943,502102,,
Telangana,Bhadradri Kothagudem,690,Aswaraopeta,4749,Bachuvarigudem,బచ్చువారిగూడెం,transliterated,579522,507301,,
Telangana,Nalgonda,514,Miryalaguda,4664,Badalapuram,బదలపురం,transliterated,909899,508208,,
Telangana,Sangareddy,691,Manoor,4451,Badalgaon,బదల్గాన్,transliterated,572763,502286,,
Telangana,Mancherial,684,Jannaram,4334,Badampalle,బాదంపల్లె,transliterated,570021,504205,,
Telangana,Vikarabad,698,Doma,4537,Badampalle,బాదంపల్లె,transliterated,574555,501502,,
Telangana,Sangareddy,691,Kohir,4475,Badampet,బాదంపేట,transliterated,573395,502318,,
Telangana,Ranga Reddy,518,Saroornagar,4526,Badangpet (Ct),బదంగ్పెత్ (చ్త్),transliterated,574215,500112,,
Telangana,Nirmal,680,Khanapur,4347,Badankurthy,బాదన్కుర్తి,transliterated,570453,504203,,
Telangana,Mancherial,684,Vemanpally,4330,Baddampalle,బడ్డంపల్లె,transliterated,569895,504214,,
Telangana,Medak,513,Shankarampet (A),4454,Baddaram,బద్దరమ్,transliterated,572855,502271,,
Telangana,Rajanna Sircilla,683,Thangallapalli,6217,Baddenapalli,బద్దెనపల్లి,authoritative,572462,505405,,
Telangana,Mancherial,684,Vemanpally,4330,Baddevelle,బద్దెవెల్లె,transliterated,569913,504214,,
Telangana,Siddipet,692,Nangnoor,4461,Baddipadaga,బడ్డిపడగా,transliterated,573027,502375,,
Telangana,Karimnagar,508,Kothapally,6230,Baddipalle,బడ్డిపల్లె,transliterated,572305,505001,,
Telangana,Mahabubnagar,512,Jadcherla,4567,Badepalle (Ct),బాదేపల్లె (సీటీ),transliterated,575385,509301,,
Telangana,Mahabubnagar,512,Jadcherla,4567,Badepally,బదెపల్లి,transliterated,916317,509301,,
Telangana,Medchal Malkajgiri,700,Ghatkesar,4523,Badesahebguda,బాదేసాహెబ్గూడ,transliterated,574164,501301,,
Telangana,Nizamabad,516,Nandipet,4359,Badgoni,బడ్గోని,transliterated,570729,503212,,
Telangana,Ranga Reddy,518,Thalakondapally,4562,Badnapur,బద్నాపూర్,transliterated,575264,509357,,
Telangana,Nizamabad,516,Mugpal,6235,Badsi,బడ్సి,transliterated,570949,503230,,
Telangana,Yadadri Bhuvanagiri,697,Bibinagar,4629,Bagdayara,బాగ్దయారా,transliterated,576785,508126,,
Telangana,Hyderabad,507,Himayatnagar,4503,Bagh Lingampally,బఘ్ లింగంపల్లి,transliterated,927777,500044,,
Telangana,Medchal Malkajgiri,700,Kukatpally,6327,Baghameer,బఘమీర్,transliterated,931511,500072,,
Telangana,Ranga Reddy,518,Maheshwaram,4544,Baghmankhal,బాగ్మంఖల్,transliterated,574784,501359,,
Telangana,Nirmal,680,Sarangapur,4336,Bagirathipur,బగిరథిపూర్,transliterated,570099,504110,,
Telangana,Yadadri Bhuvanagiri,697,Alair,4617,Bahadoorpeta,బహదూర్పేట,transliterated,576538,508105,,
Telangana,Ranga Reddy,518,Shamshabad,4543,Bahadurguda,బహాదుర్గుడ,transliterated,574755,501218,,
Telangana,Medchal Malkajgiri,700,Gandimaisamma Dundigal,6316,Bahadurpally,బహదుర్పల్లి,transliterated,574075,500043,,
Telangana,Adilabad,501,Jainath,4307,Bahadurpur,బహాదూర్పూర్,transliterated,569052,504309,,
Telangana,Vikarabad,698,Basheerabad,4535,Bahadurpur,బహాదూర్పూర్,transliterated,574501,501143,,
Telangana,Hyderabad,507,Bahadurpura,4508,Bahadurpura,బహదుర్పుర,transliterated,927799,500064,,
Telangana,Hyderabad,507,Ameerpet,4497,Bahaloolkhanguda,బహలూల్ఖంగూడ,transliterated,927759,500038,,
Telangana,Adilabad,501,Boath,4324,Bahrapur,బహ్రాపూర్,transliterated,569707,504304,,
Telangana,Yadadri Bhuvanagiri,697,Yadagirigutta,4616,Bahupeta,బహుపేట,transliterated,909954,508115,,
Telangana,Ranga Reddy,518,Gandipet,6320,Bairagiguda,బైరాగిగూడ,authoritative,574234,500091,,
Telangana,Jogulamba Gadwal,695,Alampur,4612,Bairampalle,బైరంపల్లె,transliterated,576439,509152,,
Telangana,Siddipet,692,Dhoolmitta,7189,Bairanpalle,బైరాన్పల్లె,transliterated,577635,506367,,
Telangana,Kamareddy,685,Birkur,4375,Bairapur,బైరాపూర్,transliterated,571165,503321,,
Telangana,Nalgonda,514,Shaligouraram,4624,Baironi Banda,బైరోని బండ,transliterated,576660,508210,,
Telangana,Nizamabad,516,Mosara,6668,Bajidapur,బాజీదాపూర్,transliterated,571201,503201,,
Telangana,Nagarkurnool,694,Thimmajipet,4575,Bajipuram,బాజీపురం,transliterated,575569,509302,,
Telangana,Khammam,509,Singareni,4744,Bajumallaigudem,బాజుమల్లైగూడెం,transliterated,579461,507122,,
Telangana,Vikarabad,698,Pudur,4541,Bakapur,బకాపూర్,transliterated,574669,501102,,
Telangana,Nagarkurnool,694,Lingal,4598,Bakaram,బకారం,transliterated,576105,509401,,
Telangana,Hyderabad,507,Musheerabad,4501,Bakaram,బకరమ్,transliterated,927815,500080,,
Telangana,Ranga Reddy,518,Moinabad,4528,Bakaram Jagir,బకారం జాగీర్,transliterated,574275,501504,,
Telangana,Suryapet,696,Mattampally,4670,Bakkamantulaguda,బక్కమంతులగూడ,transliterated,910371,508204,,
Telangana,Nirmal,680,Kubeer,4338,Bakot,బకోట్,transliterated,570165,504103,,
Telangana,Siddipet,692,Siddipet Urban,4459,Bakrichapial,బక్రిచాపియల్,transliterated,572996,502277,,
Telangana,Kumuram Bheem Asifabad,699,Asifabad,4319,Balahanpur,బలహంపూర్,transliterated,569527,504293,,
Telangana,Kumuram Bheem Asifabad,699,Chintalamanepally,6314,Balaji Ankoda,బాలాజీ అంకోడా,transliterated,569391,504299,,
Telangana,Wanaparthy,693,Atmakur,4592,Balakistapur,బాలకిస్తాపూర్,transliterated,575977,509131,,
Telangana,Yadadri Bhuvanagiri,697,Bhongir,4628,Balampally,బాలంపల్లి,transliterated,909734,508286,,
Telangana,Vikarabad,698,Doulathabad,4552,Balampeta,బాలంపేట,transliterated,574983,509336,,
Telangana,Adilabad,501,Utnoor,4321,Balampur,బాలంపూర్,transliterated,569594,504311,,
Telangana,Medak,513,Medak,4456,Balanagar,బాలానగర్,authoritative,572920,502117,,
Telangana,Medchal Malkajgiri,700,Balanagar,4517,Balanagar,బాలానగర్,authoritative,923561,500037,,
Telangana,Mahabubabad,688,Kuravi,4721,Balapala,బలపాల,transliterated,578666,506381,,
Telangana,Khammam,509,Thallada,4762,Balapeta,బలపేట,transliterated,579767,507167,,
Telangana,Adilabad,501,Bhoraj,7529,Balapur,బాలాపూర్,authoritative,569046,504309,,
Telangana,Ranga Reddy,518,Balapur,6323,Balapur,బాలాపూర్,authoritative,912418,500005,,
Telangana,Ranga Reddy,518,Saroornagar,4526,Balapur (Og),బాలాపూర్ (ఒగ్),transliterated,573957,500005,,
Telangana,Bhadradri Kothagudem,690,Dammapeta,4750,Balarajugudem,బాలరాజుగూడెం,transliterated,579541,507306,,
Telangana,Mahabubnagar,512,Addakal,4586,Baleedupalle,బలీదుపల్లె,transliterated,576028,509381,,
Telangana,Kumuram Bheem Asifabad,699,Asifabad,4319,Balegaon,బాలెగాన్,transliterated,569515,504293,,
Telangana,Suryapet,696,Suryapet,4638,Balemla,బాలెంల,transliterated,576949,508376,,
Telangana,Jogulamba Gadwal,695,Ghattu,4605,Balgera,బల్గెర,transliterated,576275,509129,,
Telangana,Mancherial,684,Tandur,4332,Balhanpur,బల్హన్పూర్,transliterated,569951,504273,,
Telangana,Hyderabad,507,Shaikpet,4496,Balhtawarguda,బాల్హ్టవార్గూడ,transliterated,927785,500104,,
Telangana,Ranga Reddy,518,Abdullapurmet,6319,Balijaguda,బలిజగూడ,authoritative,574187,501505,,
Telangana,Wanaparthy,693,Peddamandadi,4594,Balijapalle,బలిజపల్లె,transliterated,575790,509206,,
Telangana,Jayashankar Bhupalapally,687,Mahadevpur,4403,Balijapur,బలిజాపూర్,transliterated,571856,505504,,
Telangana,Nizamabad,516,Balkonda,4361,Balkonda,బాల్కొండ,transliterated,570803,503217,,
Telangana,Adilabad,501,Jainath,4307,Ballori,బల్లోరి,transliterated,569060,504309,,
Telangana,Nalgonda,514,Adavidevulapalli,6304,Balnepally,బాల్నేపల్లి,transliterated,577475,508208,,
Telangana,Mancherial,684,Luxettipet,4353,Balraopet,బాల్రావుపేట,transliterated,570574,504207,,
Telangana,Mahabubnagar,512,Gandeed,4538,Balsulgonda,బాల్సుల్గొండ,transliterated,574581,509371,,
Telangana,Mahabubnagar,512,Devarakadra,4573,Balsupalle,బల్సుపల్లె,transliterated,575519,509204,,
Telangana,Jagitial,681,Mallial,4413,Balwanthapur,బల్వంతపూర్,transliterated,572068,505452,,
Telangana,Kumuram Bheem Asifabad,699,Wankidi,4314,Bambara,బంబారా,transliterated,569309,504295,,
Telangana,Nirmal,680,Narsapur G,6208,Bamini (Buzurg),బామిని (బుజుర్గ్),transliterated,570120,504104,,
Telangana,Nirmal,680,Tanoor,4340,Bamni,బంని,transliterated,570205,504103,,
Telangana,Nirmal,680,Lokeswaram,4342,Bamni (K),బామ్ని (క్),transliterated,570303,504104,,
Telangana,Kamareddy,685,Lingampet,4388,Banapur,బనపూర్,transliterated,571499,503124,,
Telangana,Vikarabad,698,Yelal,4536,Banapur,బాణాపూర్,transliterated,574511,501144,,
Telangana,Khammam,509,Mudigonda,4758,Banapuram,బాణాపురం,transliterated,579703,507169,,
Telangana,Siddipet,692,Mulug,4486,Banda Mailaram,బండ మైలారం,transliterated,573698,502336,,
Telangana,Kamareddy,685,Palwancha,7519,Banda Rameshwarpalle,బండ రామేశ్వరపల్లె,transliterated,571298,503112,,
Telangana,Yadadri Bhuvanagiri,697,Bhongir,4628,Banda Somaram,బండ సోమారాం,transliterated,576763,508286,,
Telangana,Siddipet,692,Mulug,4486,Banda Thimmapur,బండ తిమ్మాపూర్,transliterated,573695,502336,,
Telangana,Mulugu,720,Venkatapuram,4724,Bandagudem (G),బందగూడెం (గ్),transliterated,578747,507136,,
Telangana,Yadadri Bhuvanagiri,697,Bommalaramaram,4613,Bandakadipally,బండకాడిపల్లి,transliterated,576456,508126,,
Telangana,Yadadri Bhuvanagiri,697,Gundala,4618,Bandakotha Palle,బండకోత పల్లె,transliterated,576564,508223,,
Telangana,Medchal Malkajgiri,700,Medchal,4519,Bandakunta,బండకుంట,transliterated,574082,500043,,
Telangana,Nirmal,680,Mamada,4346,Bandal Khanapur,బండాల్ ఖానాపూర్,transliterated,570417,504310,,
Telangana,Ranga Reddy,518,Manchal,4547,Bandalemoor,బండలేమూర్,transliterated,574876,501508,,
Telangana,Rajanna Sircilla,683,Yellareddipet,4432,Bandalingampalli,బందలింగంపల్లి,transliterated,572408,505303,,
Telangana,Jagitial,681,Metpalli,4417,Bandalingapur,బండలింగాపూర్,transliterated,571620,505325,,
Telangana,Adilabad,501,Tamsi,4305,Bandalnagapur,బండల్నాగాపూర్,transliterated,568970,504312,,
Telangana,Nalgonda,514,Narketpally,4634,Bandalpahad,బండాల్పహాడ్,transliterated,909764,508254,,
Telangana,Medchal Malkajgiri,700,Medchal,4519,Bandamadaram,బండమదరం,transliterated,574083,500043,,
Telangana,Khammam,509,Tirumalayapalem,4754,Bandampally,బండంపల్లి,transliterated,579615,507161,,
Telangana,Jangoan,689,Bachannapet,4674,Bandanagaram,బండనగరం,transliterated,577660,506224,,
Telangana,Rajanna Sircilla,683,Mustabad,4434,Bandankal,బండంకల్,transliterated,572444,505404,,
Telangana,Kamareddy,685,Pitlam,4384,Bandapalle,బండపల్లె,authoritative,571389,503187,,
Telangana,Nagarkurnool,694,Telkapally,4581,Bandapalle,బండపల్లె,authoritative,575689,509385,,
Telangana,Wanaparthy,693,Pangal,4601,Bandapalle,బండపల్లె,authoritative,576177,509120,,
Telangana,Rajanna Sircilla,683,Chandurthi,4419,Bandapalli,బండపల్లి,authoritative,572167,505403,,
Telangana,Wanaparthy,693,Revally,6286,Bandaraipakula,బండరాయిపాకుల,transliterated,576080,509235,,
Telangana,Siddipet,692,Kondapak,4462,Bandaram,బండారం,transliterated,573046,502277,,
Telangana,Kamareddy,685,Bichkunda,4374,Bandaranjal,బండరంజాల్,transliterated,571144,503187,,
Telangana,Ranga Reddy,518,Abdullapurmet,6319,Bandaraviryal,బందరవీర్యాల్,transliterated,574184,501505,,
Telangana,Mulugu,720,Mangapet,4686,Bandarugudem,బండారుగూడెం,authoritative,577946,506172,,
Telangana,Bhadradri Kothagudem,690,Dummugudem,4729,Bandarugudem,బండారుగూడెం,authoritative,578993,507137,,
Telangana,Mulugu,720,Mulug,4689,Bandarupalle,బండారుపల్లె,authoritative,578036,506343,,
Telangana,Warangal,522,Wardhannapet,4704,Bandauthapur,బండౌతాపూర్,transliterated,578314,506313,,
Telangana,Vikarabad,698,Kulkacharla,4539,Bandayelkacherla,బండయేల్కచర్ల,transliterated,574600,501502,,
Telangana,Adilabad,501,Neradigonda,4325,Bandemregad,బందెంరెగడ్,transliterated,569741,504323,,
Telangana,Kumuram Bheem Asifabad,699,Chintalamanepally,6314,Bandepalle,బండెపల్లె,authoritative,569395,504299,,
Telangana,Suryapet,696,Thirumalagiri,4619,Bandla Palle,బండ్ల పల్లె,transliterated,576572,508223,,
Telangana,Medchal Malkajgiri,700,Uppal,4524,Bandlaguda,బండ్లగూడ,transliterated,931525,500068,,
Telangana,Ranga Reddy,518,Gandipet,6320,Bandlaguda (Jagir) (Ct),బండ్లగూడ (జాగీర్) (సీటీ),transliterated,574243,500086,,
Telangana,Hyderabad,507,Bandlaguda,4509,Bandlaguda (Kalsa),బండ్లగూడ (కల్సా),transliterated,927805,500068,,
Telangana,Sangareddy,691,Ramchandrapuram,4495,Bandlaguda (Og),బంద్లగూడ (ఒగ్),transliterated,573967,502319,,
Telangana,Mahabubnagar,512,Chinnachintakunta,4587,Bandrepalle,బంద్రెపల్లె,transliterated,575813,509409,,
Telangana,Adilabad,501,Bazarhatnoor,4323,Bandrev,బండ్రేవ్,transliterated,569662,504307,,
Telangana,Ranga Reddy,518,Moinabad,4528,Bangaliguda,బంగాలిగూడ,transliterated,574259,501504,,
Telangana,Nalgonda,514,Chandur,4655,Bangarigadda,బంగారిగడ్డ,transliterated,577299,508255,,
Telangana,Kamareddy,685,Jukkal,4373,Bangarpalle,బంగార్పల్లె,transliterated,571111,503305,,
Telangana,Bhadradri Kothagudem,690,Laxmidevipalli,6266,Bangaru Chelaka,బంగారు చెలక,transliterated,579373,507118,,
Telangana,Kamareddy,685,Gandhari,4382,Bangarwadi,బంగర్వాడి,transliterated,571341,503114,,
Telangana,Siddipet,692,Gajwel,4483,Bangla Venkatapur,బంగ్లా వెంకటాపూర్,transliterated,573629,502334,,
Telangana,Khammam,509,Yerrupalem,4767,Banigellapadu,బాణిగేళ్లపాడు,transliterated,579884,507202,,
Telangana,Kamareddy,685,Machareddy,4380,Banjapally,బంజపల్లి,transliterated,909505,503144,,
Telangana,Mulugu,720,Tadvai,4687,Banjarellapur,బంజారెల్లాపూర్,transliterated,577983,506344,,
Telangana,Kamareddy,685,Nizamsagar,4385,Banjepalle,బంజెపల్లె,transliterated,571441,503302,,
Telangana,Nalgonda,514,Nidmanoor,4661,Bankapur,బంకపూర్,transliterated,577447,508278,,
Telangana,Kamareddy,685,Banswada,4383,Banswada (Ct),బన్స్వాడ (సీటీ),transliterated,571384,503187,,
Telangana,Vikarabad,698,Bantwaram,4532,Bantwaram,బంట్వారం,transliterated,574380,501106,,
Telangana,Hanumakonda,686,Elkathurthy,4449,Baopet,బఒపెత్,transliterated,572696,505476,,
Telangana,Narayanpet,721,Damargidda,4553,Bapanpalle,బపంపల్లె,transliterated,575018,509407,,
Telangana,Narayanpet,721,Utkoor,4571,Bapur,బాపూర్,transliterated,575470,509205,,
Telangana,Kamareddy,685,Birkur,4375,Barangedgi,బారంగెడ్గి,transliterated,571162,503321,,
Telangana,Nizamabad,516,Armoor,4360,Bardipur,బర్దీపూర్,transliterated,570764,503223,,
Telangana,Nizamabad,516,Bodhan,4370,Bardipur,బర్దిపూర్,transliterated,570989,503235,,
Telangana,Nizamabad,516,Dichpally,4377,Bardipur,బర్దిపూర్,transliterated,571221,503230,,
Telangana,Jagitial,681,Ibrahimpatnam,4393,Bardipur,బర్దీపూర్,transliterated,571606,505450,,
Telangana,Medak,513,Tekmal,4469,Bardipur,బర్దీపూర్,transliterated,573214,502302,,
Telangana,Sangareddy,691,Jharasangam,4476,Bardipur,బర్దీపూర్,transliterated,573414,502246,,
Telangana,Nizamabad,516,Kotagiri,4371,Bareedpur,బరీద్పూర్,transliterated,571043,503207,,
Telangana,Kumuram Bheem Asifabad,699,Kagaznagar,4318,Bareguda,బారెగూడ,transliterated,569456,504296,,
Telangana,Vikarabad,698,Pargi,4540,Barkatpalle,బర్కట్పల్లె,transliterated,574629,501501,,
Telangana,Mulugu,720,Venkatapuram,4724,Barlagudem (Z),బర్లగూడెం (జ్),transliterated,578750,507136,,
Telangana,Khammam,509,Khammam (Rural),4756,Barugudem,బరుగుదేం,transliterated,579665,507163,,
Telangana,Vikarabad,698,Kotepally,6312,Barwad,బర్వాడ్,transliterated,574393,501106,,
Telangana,Yadadri Bhuvanagiri,697,Rajapeta,4615,Basanthapuram,బసంతపురం,transliterated,576508,508105,,
Telangana,Sangareddy,691,Nyalkal,4473,Basanthpur,బసంతపూర్,transliterated,573334,502249,,
Telangana,Jogulamba Gadwal,695,Gadwal,4603,Basapur,బసపూర్,transliterated,576237,509133,,
Telangana,Nirmal,680,Basar,6205,Basar,బసార్,transliterated,570264,504101,,
Telangana,Nizamabad,516,Kammarpally,4363,Basheerabad,బషీరాబాద్,authoritative,570831,503225,,
Telangana,Khammam,509,Chinthakani,4760,Bashwapuram,బశ్వాపురం,transliterated,579736,507318,,
Telangana,Vikarabad,698,Pargi,4540,Basireddipalle,బసిరెడ్డిపల్లి,authoritative,574632,501501,,
Telangana,Jangoan,689,Bachannapet,4674,Basireddipalle,బసిరెడ్డిపల్లి,authoritative,577664,506221,,
Telangana,Ranga Reddy,518,Chevella,4529,Bastepur,బస్తెపూర్,transliterated,574298,501503,,
Telangana,Kamareddy,685,Nasurullabad,6244,Baswaipalle,బస్వాయిపల్లె,transliterated,571177,503301,,
Telangana,Mahabubnagar,512,Devarakadra,4573,Baswaipalle,బస్వైపల్లె,transliterated,575526,509204,,
Telangana,Kamareddy,685,Rajampet,6241,Baswannapally,బస్వన్నపల్లి,transliterated,909510,503110,,
Telangana,Nizamabad,516,Kotagiri,4371,Baswapur,బస్వపూర్,authoritative,571042,503207,,
Telangana,Kamareddy,685,Jukkal,4373,Baswapur,బస్వపూర్,authoritative,571109,503305,,
Telangana,Kamareddy,685,Bhiknoor,4391,Baswapur,బస్వపూర్,authoritative,571577,503101,,
Telangana,Rajanna Sircilla,683,Thangallapalli,6217,Baswapur,బస్వపూర్,authoritative,572463,505405,,
Telangana,Siddipet,692,Koheda,4443,Baswapur,బస్వపూర్,authoritative,572591,505473,,
Telangana,Sangareddy,691,Pulkal,4478,Baswapur,బస్వపూర్,authoritative,573477,502293,,
Telangana,Siddipet,692,Jagdevpur,4484,Baswapur,బస్వపూర్,authoritative,573650,502301,,
Telangana,Siddipet,692,Mulug,4486,Baswapur,బస్వపూర్,authoritative,573699,502336,,
Telangana,Mahabubnagar,512,Devarakadra,4573,Baswapur,బస్వపూర్,authoritative,575520,509204,,
Telangana,Jogulamba Gadwal,695,Undavelly,6299,Baswapur,బస్వపూర్,authoritative,576445,509152,,
Telangana,Yadadri Bhuvanagiri,697,Bhongir,4628,Baswapur,బస్వపూర్,authoritative,576755,508117,,
Telangana,Nizamabad,516,Balkonda,4361,Baswapur,బస్వపూర్,authoritative,909468,503218,,
Telangana,Khammam,509,Thallada,4762,Baswapuram,బస్వాపురం,transliterated,579783,507165,,
Telangana,Ranga Reddy,518,Abdullapurmet,6319,Batasingaram,బాటసింగారం,authoritative,574198,501512,,
Telangana,Nalgonda,514,Neredugommu,6308,Batchapur,బాచాపూర్,transliterated,577219,508248,,
Telangana,Bhadradri Kothagudem,690,Cherla,4726,Bathinapalli,బతినపల్లి,transliterated,578879,507140,,
Telangana,Jagitial,681,Pegadapalli,4421,Bathkepalli,బత్కేపల్లి,transliterated,572193,505532,,
Telangana,Khammam,509,Kalluru,4763,Bathulapalli,బతులపల్లి,transliterated,579802,507209,,
Telangana,Vikarabad,698,Doma,4537,Batla Chandraram,బట్ల చంద్రారామ్,transliterated,574561,501502,,
Telangana,Jogulamba Gadwal,695,Yerravalli,7517,Batladinne,బాట్లాడిన్నె,transliterated,576316,509128,,
Telangana,Jagitial,681,Sarangapur,4396,Battapalli,బట్టపల్లి,transliterated,571688,505529,,
Telangana,Nizamabad,516,Yergatla,6239,Battapur,బట్టాపూర్,transliterated,570813,503308,,
Telangana,Adilabad,501,Mavala,6222,Battisavargaon,బత్తీసవర్గాన్,transliterated,568994,504002,,
Telangana,Jagitial,681,Gollapalli,4412,Battubuttamrajapalli,బట్టుబుట్టంరాజపల్లి,transliterated,572047,505532,,
Telangana,Yadadri Bhuvanagiri,697,Bibinagar,4629,Battugudem,బట్టుగూడెం,transliterated,909741,508126,,
Telangana,Hanumakonda,686,Khazipet,6247,Battupalli,బత్తుపల్లి,transliterated,578148,506003,,
Telangana,Nirmal,680,Khanapur,4347,Bavapur (K),బావాపూర్ (క్),transliterated,570451,504203,,
Telangana,Rajanna Sircilla,683,Konaraopet,4431,Bavusaipeta,బవుసైపేట,transliterated,572374,505403,,
Telangana,Nagarkurnool,694,Kodair,4600,Bawaipalle,బవాయిపల్లె,transliterated,576153,509102,,
Telangana,Kamareddy,685,Lingampet,4388,Bayampalle,బాయంపల్లె,transliterated,571506,503124,,
Telangana,Mulugu,720,Tadvai,4687,Bayyakkapet,బయ్యక్కపేట,transliterated,577960,506347,,
Telangana,Jayashankar Bhupalapally,687,Kataram,4402,Bayyaram,బయ్యారం,transliterated,571845,505503,,
Telangana,Mahabubabad,688,Bayyaram,4742,Bayyaram,బయ్యారం,transliterated,579436,507211,,
Telangana,Adilabad,501,Bazarhatnoor,4323,Bazarhathnoor,బజర్హత్నూర్,transliterated,569660,504304,,
Telangana,Nizamabad,516,Nandipet,4359,Bazarkothur,బజార్కోతూర్,transliterated,570752,503212,,
Telangana,Suryapet,696,Chivemla,4639,Beebiguda,బీబిగూడ,transliterated,576965,508214,,
Telangana,Mahabubabad,688,Maripeda,4720,Beecharajpalle,బీచరాజపల్లె,transliterated,578643,506315,,
Telangana,Nirmal,680,Khanapur,4347,Beernandi,బీర్ణండి,transliterated,570442,504203,,
Telangana,Vikarabad,698,Kotepally,6312,Beerol,బీరోల్,transliterated,574396,501106,,
Telangana,Jogulamba Gadwal,695,Gadwal,4603,Beerole,బీరోలే,transliterated,576236,509133,,
Telangana,Khammam,509,Tirumalayapalem,4754,Beerolu,బీరోలు,transliterated,579620,507161,,
Telangana,Jagitial,681,Beerpur,6212,Beerpur,బీర్పూర్,transliterated,571676,505454,,
Telangana,Jayashankar Bhupalapally,687,Mahadevpur,4403,Beersagar,బీర్సాగర్,transliterated,571862,505504,,
Telangana,Jagitial,681,Buggaram,6213,Beersani,బీర్సాని,transliterated,571708,505425,,
Telangana,Nirmal,680,Sarangapur,4336,Beervelli,బీర్వెల్లి,transliterated,570089,504306,,
Telangana,Jayashankar Bhupalapally,687,Mahadevpur,4403,Beglur,బెగ్లుర్,transliterated,571871,505504,,
Telangana,Peddapalli,682,Ramagiri,6216,Begumpet,బేగంపేట,transliterated,571777,505212,,
Telangana,Siddipet,692,Raipole,6283,Begumpet,బేగంపేట,transliterated,573117,502334,,
Telangana,Yadadri Bhuvanagiri,697,Rajapeta,4615,Begumpet,బేగంపేట,transliterated,576510,508105,,
Telangana,Medchal Malkajgiri,700,Balanagar,4517,Begumpet,బేగంపేట,transliterated,931506,500016,,
Telangana,Kamareddy,685,Pedda Kodapgal,6245,Begumpoor,బేగంపూర్,transliterated,571160,503310,,
Telangana,Siddipet,692,Gajwel,4483,Bejgaon,బెజ్గాంవ్,transliterated,573625,502278,,
Telangana,Mancherial,684,Jaipur,4355,Bejjal,బెజ్జల్,transliterated,570640,504216,,
Telangana,Siddipet,692,Bejjanki,4437,Bejjanki,బెజ్జంకి,transliterated,572503,505528,,
Telangana,Nizamabad,516,Bheemgal,4364,Bejjora,బెజ్జోరా,transliterated,570853,503307,,
Telangana,Kumuram Bheem Asifabad,699,Bejjur,4317,Bejjur,బెజ్జూర్,transliterated,569417,504299,,
Telangana,Siddipet,692,Dhoolmitta,7189,Bekkal,బెక్కల్,transliterated,577632,506367,,
Telangana,Wanaparthy,693,Chinnambavi,6287,Bekkam,బెక్కం,transliterated,576336,509104,,
Telangana,Nagarkurnool,694,Kalwakurthy,4576,Bekkara,బెక్కర,transliterated,575584,509320,,
Telangana,Narayanpet,721,Narwa,4588,Bekkarapalle,బెక్కరపల్లె,transliterated,575858,509130,,
Telangana,Adilabad,501,Bela,4308,Bela,బెలా,transliterated,569093,504309,,
Telangana,Adilabad,501,Jainath,4307,Belgaon,బెల్గాన్,transliterated,569059,504309,,
Telangana,Nirmal,680,Kubeer,4338,Belgaon,బెల్గాన్,transliterated,570135,504103,,
Telangana,Nirmal,680,Kaddam Peddur,4335,Bellal,బెల్లాల్,transliterated,570068,504202,,
Telangana,Nizamabad,516,Bodhan,4370,Bellalfarm,బెల్లల్ఫర్మ్,transliterated,909486,503180,,
Telangana,Sangareddy,691,Manoor,4451,Bellapur,బెల్లాపూర్,transliterated,572765,502286,,
Telangana,Adilabad,501,Adilabad Rural,6221,Belluri,బెల్లూరి,transliterated,569009,504002,,
Telangana,Adilabad,501,Gudihatnoor,4310,Belluri,బెల్లూరి,transliterated,569167,504308,,
Telangana,Sangareddy,691,Munipally,4477,Beloor,బెలూర్,transliterated,573438,502345,,
Telangana,Adilabad,501,Bheempur,6223,Belsari Rampur,బెల్సారి రాంపూర్,transliterated,568960,504312,,
Telangana,Nirmal,680,Tanoor,4340,Beltaroda,బెల్తరొద,transliterated,570202,504103,,
Telangana,Nizamabad,516,Kammarpally,4363,Belur,బెలూర్,transliterated,570839,503308,,
Telangana,Nirmal,680,Tanoor,4340,Bember,బెంబర్,transliterated,570210,504103,,
Telangana,Kumuram Bheem Asifabad,699,Wankidi,4314,Bendara,బెందర,transliterated,569332,504295,,
Telangana,Vikarabad,698,Yelal,4536,Bennur,బెన్నూర్,transliterated,574524,501144,,
Telangana,Mahabubabad,688,Kesamudram,4717,Beriwada,బెరివాడ,transliterated,578580,506102,,
Telangana,Bhadradri Kothagudem,690,Tekulapalli,4739,Bethampudi,బేతంపూడి,transliterated,579394,507127,,
Telangana,Suryapet,696,Chilkur,4667,Bethavole,బెతవోలే,transliterated,577553,508204,,
Telangana,Karimnagar,508,Veenavanka,4439,Bethigal,బెథిగల్,transliterated,572540,505129,,
Telangana,Mahabubabad,688,Mahabubabad,4718,Bethole,బెథోల్,transliterated,578600,506105,,
Telangana,Khammam,509,Sathupalli,4751,Bethupalle,బేతుపల్లె,transliterated,579573,507303,,
Telangana,Nirmal,680,Khanapur,4347,Bevapur (R),బేవాపూర్ (ర్),transliterated,570437,504203,,
Telangana,Adilabad,501,Bela,4308,Bhadi,భాది,transliterated,569106,504309,,
Telangana,Bhadradri Kothagudem,690,Bhadrachalam,4730,Bhadrachalam,భద్రాచలం,authoritative,910382,507111,,
Telangana,Nirmal,680,Lokeswaram,4342,Bhagapur,భాగాపూర్,transliterated,570286,504104,,
Telangana,Khammam,509,Kusumanchi,4755,Bhagatveedu,భగత్వీడు,transliterated,579641,507157,,
Telangana,Yadadri Bhuvanagiri,697,Bhongir,4628,Bhagayath Bhongir,భాగయత్ భోంగీర్,transliterated,909729,508116,,
Telangana,Nizamabad,516,Renjal,4357,Bhagepalle,భాగేపల్లె,transliterated,570692,503235,,
Telangana,Kamareddy,685,Bhiknoor,4391,Bhagirathipalle,భాగీరథిపల్లె,transliterated,571582,503101,,
Telangana,Mancherial,684,Nennel,4331,Bhagirathipet,భగిరథిపెత్,transliterated,569938,504219,,
Telangana,Jayashankar Bhupalapally,687,Regonda,4690,Bhagirthipet,భాగీర్థిపేట,transliterated,578058,506345,,
Telangana,Narayanpet,721,Makthal,4589,Bhagvanpalle,భగ్వంపల్లె,transliterated,575902,509208,,
Telangana,Nirmal,680,Nirmal Rural,6210,Bhagyanagar,భాగ్యనగర్,transliterated,570353,504106,,
Telangana,Narayanpet,721,Narayanpet,4570,Bhairamkonda,భైరంకొంద,transliterated,575443,509210,,
Telangana,Mahabubnagar,512,Midjil,4566,Bhairampalle,భైరంపల్లె,transliterated,575328,509357,,
Telangana,Narayanpet,721,Maganoor,4590,Bhairampalle,భైరంపల్లె,transliterated,575912,509208,,
Telangana,Nizamabad,516,Mugpal,6235,Bhairapur,భైరాపూర్,transliterated,570952,503230,,
Telangana,Jogulamba Gadwal,695,Undavelly,6299,Bhairapur,భైరాపూర్,transliterated,576444,509152,,
Telangana,Ranga Reddy,518,Keshampet,4561,Bhairkhanpalle,భైర్ఖాన్పల్లె,transliterated,575231,509408,,
Telangana,Nagarkurnool,694,Veldanda,4565,Bhairpur,భైర్పూర్,transliterated,575315,509360,,
Telangana,Suryapet,696,Penpahad,4643,Bhakthalapuram,భక్తలాపురం,transliterated,577027,508214,,
Telangana,Narayanpet,721,Gundumal,7523,Bhakthimalla,భక్తిమల్ల,transliterated,574963,509339,,
Telangana,Kumuram Bheem Asifabad,699,Koutala,4316,Bhalepalle,భలెపల్లె,transliterated,569371,504299,,
Telangana,Nagarkurnool,694,Tadoor,4582,Bhallanpalle,భల్లన్పల్లె,transliterated,575697,509215,,
Telangana,Kumuram Bheem Asifabad,699,Dahegoan,4329,Bhamanagar,భామనగర్,transliterated,569869,504296,,
Telangana,Mancherial,684,Chennur,4356,Bhamraopet,భామ్రావుపేట,transliterated,570665,504201,,
Telangana,Sangareddy,691,Narayankhed,4452,Bhanapur,భనపూర్,transliterated,572803,502286,,
Telangana,Nizamabad,516,Bodhan,4370,Bhandarpalle,భండార్పల్లె,transliterated,570988,503185,,
Telangana,Warangal,522,Narsampet,4708,Bhanjipet,భాంజీపేట,transliterated,578358,506132,,
Telangana,Jangoan,689,Ragunathpally,4698,Bhanjipeta,భాంజీపేట,transliterated,578218,506244,,
Telangana,Sangareddy,691,Kangti,4450,Bhanswada,భంస్వాడ,transliterated,572719,502287,,
Telangana,Khammam,509,Vemsoor,4768,Bharanipadu,భరణిపాడు,transliterated,579910,507164,,
Telangana,Nalgonda,514,Marriguda,4649,Bhatla Palle,భట్లపల్లి,authoritative,577161,508245,,
Telangana,Kumuram Bheem Asifabad,699,Bejjur,4317,Bhatpalle,భట్పల్లె,transliterated,569429,504299,,
Telangana,Kumuram Bheem Asifabad,699,Kagaznagar,4318,Bhatpalle,భత్పల్లె,transliterated,569465,504296,,
Telangana,Peddapalli,682,Manthani,4401,Bhatpalle,భట్పల్లె,transliterated,571805,505184,,
Telangana,Nagarkurnool,694,Thimmajipet,4575,Bhavajipalle,భావాజీపల్లె,transliterated,575574,509406,,
Telangana,Nagarkurnool,694,Peddakothapally,4599,Bhavanampalle,భవనంపల్లె,transliterated,576134,509401,,
Telangana,Nizamabad,516,Bodhan,4370,Bhavanipet,భవానీపేట,transliterated,571004,503185,,
Telangana,Kamareddy,685,Palwancha,7519,Bhavanipet,భవానీపేట,transliterated,571291,503112,,
Telangana,Kamareddy,685,Lingampet,4388,Bhavanipet,భవనిపెత్,transliterated,571508,503122,,
Telangana,Khammam,509,Penuballi,4752,Bhavannapalem,భావన్నపాలెం,authoritative,579577,507316,,
Telangana,Adilabad,501,Bela,4308,Bhedoda,భేదోడ,transliterated,569075,504309,,
Telangana,Suryapet,696,Mattampally,4670,Bheelyanaik Thanda,భీల్యానాయక్ తండ,transliterated,910374,508204,,
Telangana,Yadadri Bhuvanagiri,697,B Pochampally,4630,Bheeman Palle,భీమన్ పల్లె,transliterated,576819,508284,,
Telangana,Nalgonda,514,Madugulapally,6305,Bheeman Palle,భీమన్ పల్లె,transliterated,577044,508234,,
Telangana,Nalgonda,514,Gudipally,7527,Bheemana Palle,భీమన పల్లె,transliterated,577365,508257,,
Telangana,Kumuram Bheem Asifabad,699,Kerameri,4313,Bheemangondi,భీమంగొంది,transliterated,569287,504293,,
Telangana,Jayashankar Bhupalapally,687,Palimela,6250,Bheemanpalle,భీమంపల్లె,transliterated,571868,505504,,
Telangana,Jayashankar Bhupalapally,687,Palimela,6250,Bheemanpalle,భీమంపల్లె,transliterated,571885,505504,,
Telangana,Kumuram Bheem Asifabad,699,Tiryani,4333,Bheemapur,భీమపూర్,transliterated,570006,504297,,
Telangana,Jagitial,681,Bheemaram (20),7541,Bheemaram,భీమరమ్,transliterated,572106,505453,,
Telangana,Ranga Reddy,518,Farooqnagar,4559,Bheemaram,భీమరమ్,transliterated,575197,509202,,
Telangana,Nagarkurnool,694,Nagarkurnool,4583,Bheemaram,భీమారాం,transliterated,575723,509209,,
Telangana,Jogulamba Gadwal,695,Alampur,4612,Bheemavaram,భీమవరం,authoritative,576433,509153,,
Telangana,Nalgonda,514,Kethepally,4637,Bheemavaram,భీమవరం,authoritative,576944,508374,,
Telangana,Bhadradri Kothagudem,690,Pinapaka,4725,Bheemavaram,భీమవరం,authoritative,578827,507117,,
Telangana,Bhadradri Kothagudem,690,Dummugudem,4729,Bheemavaram,భీమవరం,authoritative,579007,507137,,
Telangana,Khammam,509,Yerrupalem,4767,Bheemavaram,భీమవరం,authoritative,579875,507202,,
Telangana,Nizamabad,516,Bheemgal,4364,Bheemgal,భీమ్‌గల్,authoritative,570851,503307,,
Telangana,Jayashankar Bhupalapally,687,Bhupalpally,4682,Bheemghanpur,భీంఘన్పూర్,transliterated,577833,506169,,
Telangana,Adilabad,501,Bheempur,6223,Bheempur,భీంపూర్,transliterated,568959,504312,,
Telangana,Adilabad,501,Narnoor,4312,Bheempur,భీంపూర్,transliterated,569240,504311,,
Telangana,Sangareddy,691,Kangti,4450,Bheemra,భీమ్ర,transliterated,572712,502286,,
Telangana,Jagitial,681,Gollapalli,4412,Bheemraj Palli,భీంరజ్ పల్లి,transliterated,572051,505532,,
Telangana,Medak,513,Narsingi,6272,Bheemraopalle,భీంరావుపల్లె,transliterated,573133,502255,,
Telangana,Adilabad,501,Adilabad Rural,6221,Bheemseri,భీంసేరి,transliterated,568982,504002,,
Telangana,Nizamabad,516,Bodhan,4370,Bhiknalli,భిక్నల్లి,transliterated,570968,503235,,
Telangana,Kamareddy,685,Yellareddy,4386,Bhiknoor,భిక్నూర్,transliterated,571471,503122,,
Telangana,Kamareddy,685,Bhiknoor,4391,Bhiknoor,భిక్నూర్,transliterated,571574,503101,,
Telangana,Suryapet,696,Nuthanakal,4621,Bhikumalla,భికుమల్ల,transliterated,576621,508221,,
Telangana,Siddipet,692,Mulug,4486,Bhilampur,భిలంపూర్,transliterated,573714,502279,,
Telangana,Hanumakonda,686,Hasanparthy,4678,Bhimaram (Ct),భిమరమ్ (చ్త్),transliterated,577744,506015,,
Telangana,Mancherial,684,Bheemini,4328,Bhimini,భీమిని,transliterated,569818,504273,,
Telangana,Hanumakonda,686,Kamalapur,4447,Bhimpalle,భీంపల్లె,transliterated,572655,505101,,
Telangana,Ranga Reddy,518,Kondurg,4558,Bhirampalle,భీరంపల్లె,transliterated,575147,509207,,
Telangana,Adilabad,501,Bela,4308,Bhodod (Kopsi),భోదోద్ (కోప్సి),transliterated,569086,504309,,
Telangana,Kumuram Bheem Asifabad,699,Dahegoan,4329,Bhogaram,భొగరమ్,transliterated,569866,504273,,
Telangana,Narayanpet,721,Gundumal,7523,Bhogaram,భొగరమ్,transliterated,574962,509339,,
Telangana,Peddapalli,682,Peddapalli,4408,Bhojannapet,భోజన్నపేట,transliterated,571996,505174,,
Telangana,Hyderabad,507,Secunderabad,4498,Bholakpur,భొలక్పూర్,transliterated,927812,500003,,
Telangana,Yadadri Bhuvanagiri,697,Bhongir,4628,Bhongir,భువనగిరి,authoritative,909730,508116,,
Telangana,Ranga Reddy,518,Shabad,4542,Bhongirpalle,భొంగిర్పల్లె,transliterated,574708,509410,,
Telangana,Kamareddy,685,Sadashivanagar,4381,Bhoompalle,భూంపల్లె,transliterated,571301,503145,,
Telangana,Siddipet,692,Akberpet-Bhoompally,7524,Bhoompalle,భూంపల్లె,transliterated,573082,502102,,
Telangana,Jagitial,681,Raikal,4395,Bhoopathipur,భూపతిపూర్,transliterated,571655,505460,,
Telangana,Peddapalli,682,Sulthanabad,4425,Bhoopathipuram,భూపతిపురం,transliterated,572252,505186,,
Telangana,Mahabubnagar,512,Bhoothpur,4574,Bhoothpur,భూత్పూర్,authoritative,575543,509382,,
Telangana,Sangareddy,691,Vatpally,6291,Bhootkur,భూత్కూర్,transliterated,573261,502269,,
Telangana,Adilabad,501,Bhoraj,7529,Bhoraj,భోరాజ్,transliterated,569028,504309,,
Telangana,Nirmal,680,Tanoor,4340,Bhosi,భోసి,transliterated,570203,504103,,
Telangana,Mahabubabad,688,Nellikudur,4716,Bhrammanakothapalle,భ్రమ్మణకోతపల్లె,transliterated,578563,506324,,
Telangana,Ranga Reddy,518,Shankarpalle,4515,Bhulkapur,భుల్కాపూర్,transliterated,574060,501203,,
Telangana,Bhadradri Kothagudem,690,Cherla,4726,Bhumullanka(Z),భూముల్లంక(జ్),transliterated,578866,507140,,
Telangana,Kumuram Bheem Asifabad,699,Sirpur (T),4315,Bhupalapatnam,భూపాలపట్నం,authoritative,569351,504299,,
Telangana,Karimnagar,508,Choppadandi,4424,Bhupalapatnam,భూపాలపట్నం,authoritative,572242,505415,,
Telangana,Mahabubabad,688,Gangaram,6253,Bhupalapatnam,భూపాలపట్నం,authoritative,578450,506135,,
Telangana,Jayashankar Bhupalapally,687,Bhupalpally,4682,Bhupalpalle (Ct),భూపాల్పల్లె (సీటీ),transliterated,577841,506169,,
Telangana,Mahabubabad,688,Gudur,4711,Bhupathipet,భూపతిపేట,transliterated,578460,506134,,
Telangana,Mulugu,720,Kannaigudem,6251,Bhupathipuram,భూపతిపురం,transliterated,577863,506165,,
Telangana,Mulugu,720,Tadvai,4687,Bhupatipuram,భూపతిపురం,transliterated,577988,506344,,
Telangana,Adilabad,501,Utnoor,4321,Bhupet,భూపేట్,transliterated,569593,504311,,
Telangana,Kumuram Bheem Asifabad,699,Sirpur U,4326,Bhurnur,భుర్నుర్,transliterated,569753,504313,,
Telangana,Sangareddy,691,Munipally,4477,Bhusareddipalle,భుసరెద్దిపల్లె,transliterated,573451,502291,,
Telangana,Jagitial,681,Kathlapur,4418,Bhushanrao Peta,భూషణ్రావు పెటా,transliterated,572147,505462,,
Telangana,Kumuram Bheem Asifabad,699,Jainoor,4320,Bhusimatta,భుసిమత్త,transliterated,569545,504313,,
Telangana,Adilabad,501,Bazarhatnoor,4323,Bhutai (Buzurg),భూతై (బుజుర్గ్),transliterated,569657,504304,,
Telangana,Adilabad,501,Bazarhatnoor,4323,Bhutai (Khurd),భూతై (ఖుర్ద్),transliterated,569641,504304,,
Telangana,Nirmal,680,Dasturabad,6207,Bhuthkur,భూత్కూర్,transliterated,570069,504202,,
Telangana,Mulugu,720,Wajedu,4723,Bhuvanapalle,భువనపల్లె,transliterated,578694,507136,,
Telangana,Yadadri Bhuvanagiri,697,Bibinagar,4629,Bibinagar (Ct),బిబినగర్ (సీటీ),transliterated,576801,508126,,
Telangana,Kamareddy,685,Bibipet,6242,Bibipet,బిబిపేట్,transliterated,571598,503125,,
Telangana,Sangareddy,691,Kalher,4453,Bibipet,బిబిపేట్,transliterated,572817,502287,,
Telangana,Nizamabad,516,Dichpally,4377,Bibipur,బిబిపూర్,transliterated,571232,503164,,
Telangana,Vikarabad,698,Doulathabad,4552,Bichal,బిచల్,transliterated,574981,509336,,
Telangana,Kamareddy,685,Bichkunda,4374,Bichkunda,బిచ్కుండా,transliterated,571132,503306,,
Telangana,Sangareddy,691,Jharasangam,4476,Bidekanna,బిడేకన్నా,transliterated,573431,502246,,
Telangana,Nirmal,680,Basar,6205,Bidrelli,బిడ్రెల్లి,transliterated,570259,504101,,
Telangana,Mulugu,720,Wajedu,4723,Bijenapalle,బిజెనపల్లె,transliterated,578739,507136,,
Telangana,Karimnagar,508,Jammikunta,4440,Bijigirsharief,బిజిగిర్షరీఫ్,transliterated,572547,505475,,
Telangana,Yadadri Bhuvanagiri,697,Mothkur,4625,Bijilapur,బిజిలాపూర్,transliterated,576690,508277,,
Telangana,Sangareddy,691,Vatpally,6291,Bijilipur,బిజిలీపూర్,transliterated,573237,502270,,
Telangana,Kamareddy,685,Jukkal,4373,Bijjalwadi,బిజ్జల్వాడి,transliterated,571092,503305,,
Telangana,Narayanpet,721,Kosgi,4551,Bijjaram,బిజ్జారాం,transliterated,574957,509339,,
Telangana,Jogulamba Gadwal,695,Maldakal,4604,Bijjawaram,బిజ్జవరం,authoritative,576243,509132,,
Telangana,Vikarabad,698,Tandur,4534,Bijwar,బిజ్వార్,transliterated,574471,501141,,
Telangana,Narayanpet,721,Utkoor,4571,Bijwar,బిజ్వార్,transliterated,575475,509205,,
Telangana,Mancherial,684,Dandepally,4348,Bikkanguda,బిక్కంగూడ,transliterated,570471,504206,,
Telangana,Sangareddy,691,Kohir,4475,Bilalpur,బిలాల్పూర్,transliterated,573397,502210,,
Telangana,Nagarkurnool,694,Balmoor,4597,Billakal,బిల్లకల్,transliterated,576101,509401,,
Telangana,Khammam,509,Thallada,4762,Billupadu,బిల్లుపాడు,authoritative,579770,507167,,
Telangana,Nirmal,680,Lokeswaram,4342,Biloli,బిలొలి,transliterated,570276,504104,,
Telangana,Jogulamba Gadwal,695,Ieeja,4606,Bingidoddi,బింగిదొడ్డి,authoritative,576286,509127,,
Telangana,Nizamabad,516,Navipet,4358,Binola,బినోలా,transliterated,570699,503246,,
Telangana,Khammam,509,Nelakondapalli,4759,Biravunapally,బిరవునపల్లి,transliterated,579727,507160,,
Telangana,Kamareddy,685,Birkur,4375,Birkoor,బిర్కూర్,transliterated,571182,503321,,
Telangana,Adilabad,501,Boath,4324,Birlagondi,బిర్లగొంది,transliterated,569705,504304,,
Telangana,Adilabad,501,Utnoor,4321,Birsaipet,బిర్సాయిపేట,transliterated,569595,504311,,
Telangana,Peddapalli,682,Manthani,4401,Bitpalle (K),బిట్పల్లె (క్),transliterated,571807,505184,,
Telangana,Mulugu,720,Tadvai,4687,Bittupalle (P.L),బిత్తుపల్లె (ప్.ల్),transliterated,577976,506347,,
Telangana,Kumuram Bheem Asifabad,699,Wankidi,4314,Boarda,బోర్డా,transliterated,569334,504295,,
Telangana,Adilabad,501,Boath,4324,Boath (Buzurg),బోత్ (బుజుర్గ్),transliterated,569690,504304,,
Telangana,Adilabad,501,Boath,4324,Boath (Khurd),బోత్ (ఖుర్ద్),transliterated,569699,504304,,
Telangana,Ranga Reddy,518,Shabad,4542,Bobbilgam,బొబ్బిల్గమ్,transliterated,574696,509217,,
Telangana,Jogulamba Gadwal,695,Yerravalli,7517,Bochuveerapur,బోచువీరాపూర్,transliterated,576319,509128,,
Telangana,Medak,513,Tekmal,4469,Bodagat,బోడాగట్,transliterated,573201,502302,,
Telangana,Ranga Reddy,518,Manchal,4547,Bodakonda @ Penikarla Thanda,బోడకొండ @ పెనికర్ల తండ,transliterated,574872,501508,,
Telangana,Suryapet,696,Nereducherla,4665,Bodaladinna,బోదలదిన్న,transliterated,577524,508218,,
Telangana,Bhadradri Kothagudem,690,Cherla,4726,Bodanalli (G),బోదనల్లి (గ్),transliterated,578888,507140,,
Telangana,Bhadradri Kothagudem,690,Cherla,4726,Bodanalli (Z),బోదనల్లి (జ్),transliterated,578889,507140,,
Telangana,Ranga Reddy,518,Keshampet,4561,Bodanampalle,బోదనంపల్లె,transliterated,575242,509408,,
Telangana,Nalgonda,514,Chandur,4655,Bodangparthy,బోడాంగ్పర్తి,transliterated,577293,508256,,
Telangana,Mulugu,720,Venkatapuram,4724,Bodapuram [G],బొదపురం [గ్],transliterated,578804,507133,,
Telangana,Warangal,522,Geesugonda,4707,Bodduchintalapalle,బొడ్డుచింతలపల్లె,transliterated,578341,506006,,
Telangana,Mahabubabad,688,Gudur,4711,Boddugonda,బొడ్డుగొండ,transliterated,578475,506103,,
Telangana,Yadadri Bhuvanagiri,697,Mothkur,4625,Boddugudem,బొద్దుగూడెం,authoritative,909712,508277,,
Telangana,Kumuram Bheem Asifabad,699,Kagaznagar,4318,Bodepalle,బోడేపల్లె,transliterated,569467,504273,,
Telangana,Nizamabad,516,Balkonda,4361,Bodepalle,బోడేపల్లె,transliterated,570805,503217,,
Telangana,Nizamabad,516,Bodhan,4370,Bodhan,బోధన్,authoritative,956028,503185,,
Telangana,Nizamabad,516,Bodhan,4370,Bodhan (R),బోధన్ (ర్),transliterated,570995,503185,,
Telangana,Mancherial,684,Nennel,4331,Bodhapur,బోధాపూర్,transliterated,569935,504219,,
Telangana,Sangareddy,691,Munipally,4477,Bodishetpalle,బొదిశెత్పల్లె,transliterated,573456,502345,,
Telangana,Mahabubabad,688,Danthalapalle,6255,Bodlada,బొడ్లాడ,transliterated,578564,506324,,
Telangana,Medak,513,Tekmal,4469,Bodmatpalle,బోడ్మత్పల్లె,transliterated,573213,502269,,
Telangana,Sangareddy,691,Munipally,4477,Bodpalle,బోడ్పల్లె,transliterated,573446,502345,,
Telangana,Bhadradri Kothagudem,690,Tekulapalli,4739,Bodu,బోడు,transliterated,579391,507127,,
Telangana,Medak,513,Havelighanapur,6270,Bogada Bhoopathipur,బొగడ భూపతిపూర్,transliterated,572904,502113,,
Telangana,Yadadri Bhuvanagiri,697,Ramannapet,4632,Bogaram,బోగారం,authoritative,576845,508113,,
Telangana,Nalgonda,514,Gundlapally,4651,Bogguladona,బొగ్గులదొన,transliterated,577204,508258,,
Telangana,Yadadri Bhuvanagiri,697,Bommalaramaram,4613,Boinapalle,బోయినపల్లె,transliterated,576453,508117,,
Telangana,Nalgonda,514,Kanagal,4656,Boinapalle,బోయినపల్లె,transliterated,577316,508255,,
Telangana,Bhadradri Kothagudem,690,Cherla,4726,Boinapalle,బోయినపల్లె,transliterated,578874,507133,,
Telangana,Rajanna Sircilla,683,Boinpalli,4429,Boinpalle,బోయిన్పల్లె,transliterated,572337,505524,,
Telangana,Mahabubnagar,512,Midjil,4566,Boinpalle,బొఇంపల్లె,transliterated,575347,509357,,
Telangana,Narayanpet,721,Narayanpet,4570,Boinpalle,బోయిన్పల్లె,transliterated,575457,509205,,
Telangana,Jayashankar Bhupalapally,687,Palimela,6250,Boipalmela,బొఇపల్మెల,transliterated,571889,505504,,
Telangana,Nalgonda,514,Kethepally,4637,Bojjagudem Thanda,బొజ్జగూడెం థంద,transliterated,909771,508210,,
Telangana,Bhadradri Kothagudem,690,Dummugudem,4729,Bojjiguppa,బొజ్జిగుప్ప,transliterated,579005,507137,,
Telangana,Nalgonda,514,Nidmanoor,4661,Bokkamanthula Pahad,బొక్కమంతుల పహాడ్,transliterated,577443,508278,,
Telangana,Sangareddy,691,Sirgapoor,6279,Bokkasgaon,బొక్కస్గాంవ్,transliterated,572814,502286,,
Telangana,Kumuram Bheem Asifabad,699,Kerameri,4313,Bolapater,బొలపతెర్,transliterated,569271,504293,,
Telangana,Nagarkurnool,694,Achampet,4579,Bolghatpalle,బోల్ఘాట్పల్లె,transliterated,575643,509375,,
Telangana,Kamareddy,685,Pitlam,4384,Bollakpalle,బొల్లక్పల్లె,transliterated,571391,503187,,
Telangana,Nagarkurnool,694,Veldanda,4565,Bollampalle,బొల్లంపల్లె,transliterated,575312,509360,,
Telangana,Nalgonda,514,Gundlapally,4651,Bollana Palle,బొల్లన పల్లె,transliterated,577198,508258,,
Telangana,Kamareddy,685,Nagireddypet,4387,Bollaram,బొల్లరమ్,transliterated,571480,503122,,
Telangana,Rajanna Sircilla,683,Vemulawada Rural,6218,Bollaram,బొల్లారం,transliterated,572347,505302,,
Telangana,Mahabubnagar,512,Devarakadra,4573,Bollaram,బొల్లారం,transliterated,575512,509204,,
Telangana,Nagarkurnool,694,Kollapur,4609,Bollaram,బొల్లరమ్,transliterated,576374,509105,,
Telangana,Nagarkurnool,694,Kollapur,4609,Bollaram,బొల్లారం,transliterated,912773,509105,,
Telangana,Sangareddy,691,Jinnaram,4493,Bollaram (Ct),బొల్లారం (సీటీ),transliterated,573924,502325,,
Telangana,Yadadri Bhuvanagiri,697,Bhongir,4628,Bolle Palle,బొల్లె పల్లె,transliterated,576775,508285,,
Telangana,Nalgonda,514,Kattangur,4635,Bollepalle,బొల్లెపల్లె,transliterated,576914,508205,,
Telangana,Mahabubabad,688,Gudur,4711,Bollepalle,బొల్లెపల్లె,transliterated,578468,506134,,
Telangana,Warangal,522,Nekkonda,4713,Bollikonda,బొల్లికొండ,transliterated,578504,506369,,
Telangana,Warangal,522,Khila Warangal,6246,Bollikunta,బొల్లికుంట,authoritative,578321,506005,,
Telangana,Nirmal,680,Tanoor,4340,Bolsa,బోల్సా,transliterated,570207,504103,,
Telangana,Narayanpet,721,Kosgi,4551,Bolwanpally,బోల్వాన్పల్లి,transliterated,909545,509339,,
Telangana,Kumuram Bheem Asifabad,699,Penchicalpet,6313,Bombaiguda,బొంబాయిగూడ,transliterated,569423,504296,,
Telangana,Yadadri Bhuvanagiri,697,Bhongir,4628,Bommaipally,బొమ్మాయిపల్లి,transliterated,576771,508285,,
Telangana,Karimnagar,508,V.Saidapur,4445,Bommakal,బొమ్మకల్,transliterated,572641,505480,,
Telangana,Nalgonda,514,Madugulapally,6305,Bommakal,బొమ్మకల్,transliterated,577045,508234,,
Telangana,Karimnagar,508,Karimnagar,6231,Bommakal,బొమ్మకల్,transliterated,909524,505001,,
Telangana,Karimnagar,508,Karimnagar Rural,4428,Bommakal (Og),బొమ్మకల్ (ఒగ్),transliterated,572329,505001,,
Telangana,Jangoan,689,Narmetta,4675,Bommakur,బొమ్మకూర్,transliterated,577682,506175,,
Telangana,Yadadri Bhuvanagiri,697,Bommalaramaram,4613,Bommalaramaram,బొమ్మలరామారం,transliterated,576468,508126,,
Telangana,Kamareddy,685,Nasurullabad,6244,Bommanadevpally,బొమ్మనదేవపల్లి,transliterated,909491,503301,,
Telangana,Karimnagar,508,Chigurumamidi,4442,Bommanapalle,బొమ్మనపల్లె,transliterated,572583,505472,,
Telangana,Kamareddy,685,Birkur,4375,Bommandevpalle,బొమ్మందెవ్పల్లె,transliterated,571171,503301,,
Telangana,Narayanpet,721,Narayanpet,4570,Bommanpad,బొమ్మన్పాడ్,transliterated,575022,509407,,
Telangana,Jayashankar Bhupalapally,687,Mahadevpur,4403,Bommapur,బొమ్మాపూర్,transliterated,571869,505504,,
Telangana,Medchal Malkajgiri,700,Shamirpet,4520,Bommaraspet,బొమ్మరస్పెత్,transliterated,574128,500078,,
Telangana,Peddapalli,682,Dharmaram,4411,Bommareddipalli,బొమ్మరెద్దిపల్లి,transliterated,572017,505416,,
Telangana,Mancherial,684,Vemanpally,4330,Bommena,బొమ్మెన,transliterated,569893,504219,,
Telangana,Mancherial,684,Jannaram,4334,Bommena,బొమ్మెన,transliterated,570028,504205,,
Telangana,Jagitial,681,Kathlapur,4418,Bommena,బొమ్మెన,transliterated,572141,505306,,
Telangana,Nagarkurnool,694,Achampet,4579,Bommenapalle,బొమ్మెనపల్లె,transliterated,575648,509375,,
Telangana,Nalgonda,514,Kanagal,4656,Bommepalle,పూర్వ బొమ్మేపల్లె,authoritative,577323,508255,,
Telangana,Jangoan,689,Palakurthy,4697,Bommera,బొమ్మెరా,transliterated,578187,506252,,
Telangana,Vikarabad,698,Doma,4537,Bompalle,బొంపల్లె,authoritative,574542,501502,,
Telangana,Vikarabad,698,Bomaraspeta,4550,Bomraspet,బొమ్రాస్పేట్,transliterated,574922,509338,,
Telangana,Khammam,509,Bonakal,4765,Bonakal,బోనకల్లు,authoritative,579844,507204,,
Telangana,Kamareddy,685,Lingampet,4388,Bonal,బోనాల్,transliterated,571510,503124,,
Telangana,Medak,513,Chegunta,4466,Bonal,బొనల్,transliterated,573138,502247,,
Telangana,Rajanna Sircilla,683,Sircilla,4435,Bonala,బోనాల,authoritative,572448,505301,,
Telangana,Nagarkurnool,694,Balmoor,4597,Bonala,బోనాల,authoritative,576092,509401,,
Telangana,Nalgonda,514,Kethepally,4637,Bonda Palem,బొంద పలెమ్,transliterated,576939,508211,,
Telangana,Adilabad,501,Neradigonda,4325,Bondadi,బొందది,transliterated,569730,504323,,
Telangana,Mulugu,720,Tadvai,4687,Bondal,బొండాల్,transliterated,577978,506347,,
Telangana,Narayanpet,721,Makthal,4589,Bondalkunta,బొందల్కుంటా,transliterated,575877,509353,,
Telangana,Hyderabad,507,Bahadurpura,4508,Bondilguda,బొందిల్గూడ,transliterated,927802,500064,,
Telangana,Nirmal,680,Tanoor,4340,Bondrat,బోండ్రాట్,transliterated,570206,504103,,
Telangana,Yadadri Bhuvanagiri,697,Rajapeta,4615,Bondugula,బొందుగుల,transliterated,576501,508105,,
Telangana,Ranga Reddy,518,Ibrahimpatnam,4546,Bongloor,బొంగ్లూర్,transliterated,574828,501510,,
Telangana,Nizamabad,516,Makloor,4367,Bonkanpalle,బొంకన్పల్లె,transliterated,570908,503003,,
Telangana,Kumuram Bheem Asifabad,699,Sirpur (T),4315,Bonki,బొంకి,transliterated,569363,504296,,
Telangana,Vikarabad,698,Tandur,4534,Bonkoor,బొంకూర్,transliterated,574472,501141,,
Telangana,Jagitial,681,Gollapalli,4412,Bonkur,బొంకూర్,transliterated,572037,505532,,
Telangana,Jogulamba Gadwal,695,Undavelly,6299,Bonkur,బొంకూర్,transliterated,576419,509128,,
Telangana,Jangoan,689,Tharigoppula,6257,Bonthagattunagaram,బొంతగట్టునగరం,transliterated,577671,506145,,
Telangana,Sangareddy,691,Gummadidala,6277,Bonthapalle (Ct),బొంతపల్లె (సీటీ),transliterated,573922,502313,,
Telangana,Karimnagar,508,Veenavanka,4439,Bonthupalle,బొంతుపల్లె,transliterated,572530,505502,,
Telangana,Kamareddy,685,Mohammadnagar,7520,Boorgul,బూర్గుల్,transliterated,571428,503302,,
Telangana,Sangareddy,691,Jharasangam,4476,Bopanpalle,బోపన్పల్లె,transliterated,573417,502246,,
Telangana,Vikarabad,698,Bantwaram,4532,Bopanwaram,బోపన్వారం,transliterated,574378,501106,,
Telangana,Kamareddy,685,Gandhari,4382,Boppajiwadi,బొప్పాజీవాడి,transliterated,571338,503114,,
Telangana,Nizamabad,516,Rudrur,6240,Boppapur,బొప్పాపూర్,transliterated,571194,503206,,
Telangana,Rajanna Sircilla,683,Yellareddipet,4432,Boppapur,బొప్పాపూర్,transliterated,572405,505305,,
Telangana,Siddipet,692,Akberpet-Bhoompally,7524,Boppapur,బొప్పాపూర్,transliterated,572964,502108,,
Telangana,Nirmal,680,Nirmal U,4344,Bopparam,బొప్పారం,authoritative,570364,504106,,
Telangana,Jayashankar Bhupalapally,687,Kataram,4402,Bopparam,బొప్పారం,authoritative,571836,505503,,
Telangana,Suryapet,696,Atmakur (S),4622,Bopparam,బొప్పారం,authoritative,576631,508221,,
Telangana,Kamareddy,685,Nasurullabad,6244,Boppaspalle,బొప్పస్పల్లె,transliterated,571166,503301,,
Telangana,Nagarkurnool,694,Telkapally,4581,Boppepalle,బొప్పేపల్లి,authoritative,575694,509412,,
Telangana,Adilabad,501,Neradigonda,4325,Boragaon,బోరాగాన్,transliterated,569740,504323,,
Telangana,Sangareddy,691,Manoor,4451,Borancha,బోరంచ,transliterated,572772,502290,,
Telangana,Kumuram Bheem Asifabad,699,Wankidi,4314,Boranjiguda,బోరంజిగూడ,transliterated,569324,504295,,
Telangana,Jogulamba Gadwal,695,Manopad,4611,Boravelle,బోరవెల్లె,transliterated,576398,509153,,
Telangana,Adilabad,501,Bela,4308,Boregaon,బోరెగాన్,transliterated,569113,504309,,
Telangana,Kumuram Bheem Asifabad,699,Kagaznagar,4318,Boregaon,బొరెగాంవ్,transliterated,569447,504296,,
Telangana,Kumuram Bheem Asifabad,699,Kagaznagar,4318,Boregaon,బొరెగాంవ్,transliterated,569468,504296,,
Telangana,Nirmal,680,Sarangapur,4336,Boregaon,బోరెగాన్,transliterated,570093,504110,,
Telangana,Nirmal,680,Mudhole,4341,Boregaon,బోరెగాన్,transliterated,570248,504101,,
Telangana,Nirmal,680,Laxmanchanda,4345,Boregaon,బోరెగాన్,transliterated,570375,504102,,
Telangana,Nizamabad,516,Renjal,4357,Boregaon,బోరెగాన్,transliterated,570688,503235,,
Telangana,Sangareddy,691,Jharasangam,4476,Boregaon,బోరెగాన్,transliterated,573418,502246,,
Telangana,Nirmal,680,Bhainsa,4339,Boregaon (Buzurg),బొరెగాంవ్ (బుజుర్గ్),transliterated,570197,504103,,
Telangana,Nirmal,680,Tanoor,4340,Boregaon (Khurd),బోరెగాన్ (ఖుర్ద్),transliterated,570209,504103,,
Telangana,Nizamabad,516,Makloor,4367,Borgaon (Kalan),బోర్గాన్ (కలన్),transliterated,570916,503003,,
Telangana,Nizamabad,516,Mugpal,6235,Borgaon (P),బోర్గాన్ (ప్),transliterated,570936,503230,,
Telangana,Sangareddy,691,Kangti,4450,Borgi Aurad,బోర్గి ఔరద్,transliterated,572701,502286,,
Telangana,Adilabad,501,Ichoda,4322,Borigoan,బోరిగోన్,transliterated,569601,504307,,
Telangana,Jayashankar Bhupalapally,687,Mutharam Mahadevpur,4404,Borlagudem,బొర్లగూడెం,transliterated,571910,505503,,
Telangana,Kumuram Bheem Asifabad,699,Dahegoan,4329,Borlakunta,బోర్లకుంట,transliterated,569846,504273,,
Telangana,Kamareddy,685,Banswada,4383,Borlam,బోర్లం,transliterated,571378,503187,,
Telangana,Jayashankar Bhupalapally,687,Tekumatla,6248,Borna Palli,బోర్నా పల్లి,transliterated,577798,506356,,
Telangana,Jagitial,681,Raikal,4395,Bornapalle,బొర్నపల్లె,transliterated,571644,505460,,
Telangana,Karimnagar,508,Huzurabad,4446,Bornapalle,బొర్నపల్లె,transliterated,572650,505498,,
Telangana,Sangareddy,691,Hathnoora,4489,Borpatla,బోర్పట్ల,transliterated,573804,502296,,
Telangana,Nalgonda,514,Tripuraram,4662,Borrai Palem,బొర్రై పలెమ్,transliterated,577473,508208,,
Telangana,Suryapet,696,Palakeedu,6301,Bothalapalem,బోతలపాలెం,authoritative,577539,508218,,
Telangana,Mahabubabad,688,Kothaguda,4710,Bothavaniguda,బొథవనిగూడ,transliterated,578432,506135,,
Telangana,Peddapalli,682,Dharmaram,4411,Botlavanaparthy,బొట్లవనపర్తి,transliterated,572024,505187,,
Telangana,Hyderabad,507,Tirumalgiri,4499,Bowenpally,బొవెంపల్లి,transliterated,927764,500011,,
Telangana,Jogulamba Gadwal,695,Ghattu,4605,Boyalagudem,బొయలగూడెం,transliterated,576279,509129,,
Telangana,Mahabubnagar,512,Mahabubnagar Urban,4568,Boyapalle (Ct),బోయపల్లె (సీటీ),transliterated,575402,509002,,
Telangana,Kamareddy,685,Tadwai,4389,Brahamajiwadi,బ్రహ్మాజీవాడి,transliterated,571531,503111,,
Telangana,Hanumakonda,686,Athmakur,4694,Brahamanpalle,బ్రాహమణపల్లె,transliterated,578141,506342,,
Telangana,Nizamabad,516,Yedapally,4369,Brahammanpalle,బ్రహమ్మన్పల్లె,transliterated,570957,503235,,
Telangana,Yadadri Bhuvanagiri,697,Gundala,4618,Brahman Palle,బ్రహ్మణ్ పల్లె,transliterated,576554,508277,,
Telangana,Nalgonda,514,Nampally,4654,Brahmana Gouraram,బ్రహ్మన గౌరరమ్,transliterated,577262,508245,,
Telangana,Yadadri Bhuvanagiri,697,Bibinagar,4629,Brahmana Palle,బ్రాహ్మణపల్లి,authoritative,576793,508126,,
Telangana,Nalgonda,514,Gundlapally,4651,Brahmana Palle,బ్రాహ్మణపల్లి,authoritative,577186,508258,,
Telangana,Medak,513,Toopran,4482,Brahmanapalle,బ్రాహ్మణపల్లె,authoritative,573596,502334,,
Telangana,Ranga Reddy,518,Madgul,4564,Brahmanapalle,బ్రాహ్మణపల్లె,authoritative,575301,509327,,
Telangana,Nagarkurnool,694,Achampet,4579,Brahmanapalle,బ్రాహ్మణపల్లె,authoritative,575645,509375,,
Telangana,Khammam,509,Wyra,4764,Brahmanapalle (A.G),బ్రాహ్మణపల్లె (అ.గ్),transliterated,579809,507304,,
Telangana,Khammam,509,Bonakal,4765,Brahmanapalli (K),బ్రాహ్మణపల్లి (క్),transliterated,579841,507304,,
Telangana,Ranga Reddy,518,Hayathnagar,4525,Brahmanapally,బ్రాహ్మణపల్లి,transliterated,912616,501505,,
Telangana,Kumuram Bheem Asifabad,699,Dahegoan,4329,Brahmanchichal,బ్రహ్మాంచిచల్,transliterated,569868,504273,,
Telangana,Nirmal,680,Mudhole,4341,Brahmangaon,బ్రహ్మంగాన్,transliterated,570250,504101,,
Telangana,Mancherial,684,Kotapally,4351,Brahmanpalle,బ్రాహ్మణపల్లె,transliterated,570524,504214,,
Telangana,Nizamabad,516,Jakranpally,4366,Brahmanpalle,బ్రాహ్మణపల్లె,transliterated,570887,503223,,
Telangana,Kamareddy,685,Gandhari,4382,Brahmanpalle,బ్రాహ్మణపల్లె,transliterated,571361,503114,,
Telangana,Kamareddy,685,Pitlam,4384,Brahmanpalle,బ్రాహ్మణపల్లె,transliterated,571402,503310,,
Telangana,Kamareddy,685,Nizamsagar,4385,Brahmanpalle,బ్రాహ్మణపల్లె,transliterated,571438,503302,,
Telangana,Kamareddy,685,Yellareddy,4386,Brahmanpalle,బ్రాహ్మణపల్లె,transliterated,571469,503122,,
Telangana,Kamareddy,685,Tadwai,4389,Brahmanpalle,బ్రాహ్మణపల్లె,transliterated,571523,503111,,
Telangana,Karimnagar,508,Veenavanka,4439,Brahmanpalle,బ్రాహ్మణపల్లె,transliterated,572537,505502,,
Telangana,Sangareddy,691,Andole,4479,Brahmanpalle,బ్రాహ్మణపల్లె,transliterated,573511,502270,,
Telangana,Vikarabad,698,Doma,4537,Brahmanpalle,బ్రాహ్మణపల్లె,transliterated,574553,501502,,
Telangana,Peddapalli,682,Peddapalli,4408,Brahmanpalle(Ps),బ్రాహ్మణపల్లె(పిఎస్),transliterated,571982,505174,,
Telangana,Peddapalli,682,Anthergaon,6214,Brahmanpalli,బ్రాహ్మణపల్లి,transliterated,571745,505514,,
Telangana,Nalgonda,514,Narketpally,4634,Brahmanvellemla,బ్రాహ్మణ్వెళ్లెంల,transliterated,576893,508114,,
Telangana,Nirmal,680,Kubeer,4338,Brahmeswar,బ్రహ్మేశ్వర్,transliterated,570136,504103,,
Telangana,Nirmal,680,Lokeswaram,4342,Brahmeswar,బ్రహ్మెస్వర్,transliterated,570295,504104,,
Telangana,Suryapet,696,Nadigudem,4641,Brundavanapuram,బృందావనపురం,transliterated,576997,508234,,
Telangana,Nalgonda,514,Tripuraram,4662,Brundavanpur,బ్రుందవంపూర్,transliterated,577464,508278,,
Telangana,Vikarabad,698,Marpalle,4512,Buchanpalle,బుచాన్పల్లె,transliterated,573988,501202,,
Telangana,Ranga Reddy,518,Farooqnagar,4559,Buchchiguda,బుచ్చిగూడ,transliterated,575189,509216,,
Telangana,Sangareddy,691,Zahirabad,4474,Buchnelli (Part),బుచ్నెల్లి (పర్త్),transliterated,573344,502228,,
Telangana,Jogulamba Gadwal,695,Waddepally,4610,Budamarsu,బుడామార్సు,transliterated,576394,509126,,
Telangana,Sangareddy,691,Vatpally,6291,Buddaipalle,బుడ్డాయిపల్లె,transliterated,573236,502270,,
Telangana,Mancherial,684,Chennur,4356,Buddaram,బుద్ధరామ్,transliterated,570652,504204,,
Telangana,Vikarabad,698,Peddemul,4533,Buddaram,బుద్ధరామ్,transliterated,574427,501142,,
Telangana,Khammam,509,Nelakondapalli,4759,Buddaram,బుద్దరమ్,transliterated,579729,507169,,
Telangana,Nalgonda,514,Nalgonda,4646,Buddaram,బుద్ధరామ్,transliterated,909830,508002,,
Telangana,Jogulamba Gadwal,695,Itikyala,4607,Buddareddypally,బుద్దారెడ్డిపల్లి,transliterated,912459,509126,,
Telangana,Wanaparthy,693,Gopalpeta,4596,Buddharam,బుద్ధరామ్,transliterated,576063,509206,,
Telangana,Mahabubabad,688,Garla,4743,Buddharam,బుద్ధరామ్,transliterated,579445,507210,,
Telangana,Adilabad,501,Neradigonda,4325,Buddikonda,బుద్దికొండ,transliterated,569727,504323,,
Telangana,Mancherial,684,Bellampally,4350,Budha Kalan (R),బుధ కలన్ (ర్),transliterated,570515,504251,,
Telangana,Mancherial,684,Bellampally,4350,Budha Khurd (R),బుధ ఖుర్ద్ (ర్),transliterated,570514,504251,,
Telangana,Mahabubnagar,512,Hanwada,4555,Budharam,బుధరామ్,transliterated,575069,509334,,
Telangana,Jayashankar Bhupalapally,687,Bhupalpally,4682,Budharam,బుధరమ్,transliterated,577838,506169,,
Telangana,Jayashankar Bhupalapally,687,Ghanpur (Mulug),4683,Budharam,బుధరమ్,transliterated,577847,506345,,
Telangana,Peddapalli,682,Ramagiri,6216,Budhavarampet,బుధవారంపేట,transliterated,571944,505212,,
Telangana,Sangareddy,691,Munipally,4477,Budhera,బుధేరా,authoritative,573466,502345,,
Telangana,Wanaparthy,693,Pebbair,4602,Budidipahad,బూడిదిపహాడ్,transliterated,909665,509104,,
Telangana,Vikarabad,698,Doma,4537,Budlapur,బుడ్లాపూర్,transliterated,574538,501502,,
Telangana,Kamareddy,685,Banswada,4383,Budmi,బుడ్మి,transliterated,571382,503187,,
Telangana,Nalgonda,514,Vemulapally,4644,Buggabavi Guda,బుగ్గబవి గుద,transliterated,577049,508217,,
Telangana,Adilabad,501,Neradigonda,4325,Buggaram,బుగ్గారం,transliterated,569736,504323,,
Telangana,Jagitial,681,Buggaram,6213,Buggaram,బుగ్గారం,transliterated,571704,505454,,
Telangana,Medak,513,Kowdipally,4480,Bujarampet,బుజారంపేట,transliterated,573526,502316,,
Telangana,Karimnagar,508,Ellandakunta,6234,Bujunoor,బుజునూర్,transliterated,572557,505475,,
Telangana,Jogulamba Gadwal,695,Alampur,4612,Bukkapur,బుక్కాపూర్,transliterated,576434,509152,,
Telangana,Khammam,509,Enkoor,4753,Burda Raghavapuram,బుర్దా రాఘవపురం,transliterated,579597,507168,,
Telangana,Jogulamba Gadwal,695,Maldakal,4604,Burdipad,బుర్దిపాడ్,authoritative,576244,509132,,
Telangana,Wanaparthy,693,Pebbair,4602,Burdipadu,బుర్దిపాడు,transliterated,576217,509104,,
Telangana,Sangareddy,691,Zahirabad,4474,Burdipahad,బుర్దిపహాడ్,transliterated,573345,502228,,
Telangana,Bhadradri Kothagudem,690,Burgampahad,4736,Burgampadu,బుర్గంపాడు,transliterated,579345,507114,,
Telangana,Jayashankar Bhupalapally,687,Palimela,6250,Burgugudem,బుర్గుగూడెం,transliterated,571892,505504,,
Telangana,Kamareddy,685,Gandhari,4382,Burgul,బుర్గుల్,transliterated,571336,503114,,
Telangana,Ranga Reddy,518,Farooqnagar,4559,Burgul,బుర్గుల్,transliterated,575208,509202,,
Telangana,Karimnagar,508,Gangadhara,4422,Burgupalle,బుర్గుపల్లె,transliterated,572205,505524,,
Telangana,Rajanna Sircilla,683,Boinpalli,4429,Burgupalle,బుర్గుపల్లె,transliterated,572335,505524,,
Telangana,Vikarabad,698,Vikarabad,4530,Burgupalle,బుర్గుపల్లె,transliterated,574333,501101,,
Telangana,Mahabubnagar,512,Jadcherla,4567,Burgupalle,బుర్గుపల్లె,transliterated,575379,509406,,
Telangana,Nirmal,680,Narsapur G,6208,Burgupalle (K),బుర్గుపల్లె (క్),transliterated,570125,504109,,
Telangana,Peddapalli,682,Eligaid,4410,Burhanmiyapet,బుర్హాన్మియాపేట,transliterated,572011,505525,,
Telangana,Vikarabad,698,Vikarabad,4530,Burhanpalle,బుర్హాన్పల్లె,transliterated,574330,501101,,
Telangana,Adilabad,501,Bela,4308,Burhanpur,బుర్హాన్పూర్,transliterated,569094,504309,,
Telangana,Vikarabad,698,Bomaraspeta,4550,Burhanpur,బుర్హాన్పూర్,transliterated,574926,509338,,
Telangana,Nalgonda,514,Gundlapally,4651,Burhanpur,బుర్హాన్పూర్,transliterated,577201,508258,,
Telangana,Mahabubabad,688,Maripeda,4720,Burhanpur,బుర్హాన్పూర్,transliterated,578635,506315,,
Telangana,Kamareddy,685,Pitlam,4384,Burnapur,బుర్నాపూర్,transliterated,571398,503310,,
Telangana,Jayashankar Bhupalapally,687,Ghanpur (Mulug),4683,Burrakayalagudem,బుర్రకాయలగూడెం,transliterated,577845,506345,,
Telangana,Adilabad,501,Inderavelly,4311,Bursanpatar,బుర్సన్పాతర్,transliterated,569173,504346,,
Telangana,Vikarabad,698,Dharur,4531,Burugadda,బురుగడ్డ,transliterated,574350,501121,,
Telangana,Suryapet,696,Huzurnagar,4669,Burugadda,బురుగద్ద,transliterated,577575,508204,,
Telangana,Warangal,522,Parvathagiri,4714,Burugamadla,బురుగమడ్ల,transliterated,578524,506365,,
Telangana,Nirmal,680,Pembi,6206,Burugpalle,బురుగ్పల్లె,transliterated,570436,504203,,
Telangana,Kumuram Bheem Asifabad,699,Chintalamanepally,6314,Buruguda,బురుగుడ,transliterated,569404,504299,,
Telangana,Nirmal,680,Mamada,4346,Burugupalle,బురుగుపల్లె,transliterated,570400,504310,,
Telangana,Mancherial,684,Bheemaram,6228,Burugupalle,బురుగుపల్లె,transliterated,570622,504204,,
Telangana,Siddipet,692,Siddipet Urban,4459,Burugupalle,బురుగుపల్లె,transliterated,572991,502107,,
Telangana,Siddipet,692,Gajwel,4483,Burugupalle,బురుగుపల్లె,transliterated,573622,502301,,
Telangana,Vikarabad,698,Mominpet,4513,Burugupalle,బురుగుపల్లె,transliterated,574005,501202,,
Telangana,Nirmal,680,Narsapur G,6208,Burugupalle (G),బురుగుపల్లె (గ్),transliterated,570108,504104,,
Telangana,Kamareddy,685,Pedda Kodapgal,6245,Burugupally,బురుగుపల్లి,transliterated,571156,503310,,
Telangana,Medak,513,Havelighanapur,6270,Burugupally,బురుగుపల్లి,transliterated,572892,502113,,
Telangana,Wanaparthy,693,Pangal,4601,Busireddipalle,బూసిరెడ్డిపల్లె,transliterated,576184,509120,,
Telangana,Nizamabad,516,Mendora,6237,Bussapur,బుస్సపూర్,transliterated,570787,503218,,
Telangana,Mulugu,720,Kannaigudem,6251,Buttaigudem,బుట్టాయిగూడెం,transliterated,577880,506169,,
Telangana,Mancherial,684,Vemanpally,4330,Buyyaram,బుయ్యారం,transliterated,569883,504219,,
Telangana,Medak,513,Havelighanapur,6270,Byathole,బ్యాథోల్,transliterated,572898,502113,,
Telangana,Sangareddy,691,Kandi,6275,Byathole,బ్యాథోల్,transliterated,573878,502296,,
Telangana,Bhadradri Kothagudem,690,Dummugudem,4729,Byragulapadu,బైరాగులపాడు,transliterated,578960,507137,,
Telangana,Bhadradri Kothagudem,690,Cherla,4726,C. Kathigudem,సీ. కాతిగూడెం,transliterated,578844,507133,,
Telangana,Nizamabad,516,Nandipet,4359,C.H.Kondoor,సీ.హ్.కొండూర్,transliterated,570745,503212,,
Telangana,Nalgonda,514,Narketpally,4634,Ch.Narayanpur,చ్.నారాయణపూర్,transliterated,909762,508254,,
Telangana,Nirmal,680,Narsapur G,6208,Chackpalli,చాక్పల్లి,transliterated,570128,504104,,
Telangana,Yadadri Bhuvanagiri,697,Motakonduru,6309,Chada,చాడ,transliterated,576702,508111,,
Telangana,Jogulamba Gadwal,695,Ghattu,4605,Chagadona,చగదోన,authoritative,576280,509127,,
Telangana,Jangoan,689,Ghanpur (Station),4676,Chagal,చగల్,transliterated,577703,506301,,
Telangana,Jogulamba Gadwal,695,Itikyala,4607,Chagapur,చాగాపూర్,transliterated,576314,509126,,
Telangana,Jogulamba Gadwal,695,Alampur,4612,Chagatur,చగతుర్,transliterated,576438,509152,,
Telangana,Jayashankar Bhupalapally,687,Chityal,4681,Chain Paka,చైన్ పాకా,transliterated,577795,506170,,
Telangana,Narayanpet,721,Damargidda,4553,Chakalavaripalle,చకలవరిపల్లె,transliterated,575009,509407,,
Telangana,Vikarabad,698,Chowdapur,7186,Chakalpalle,చకల్పల్లె,transliterated,574624,509340,,
Telangana,Wanaparthy,693,Gopalpeta,4596,Chakalpalle,చకల్పల్లె,transliterated,576071,509206,,
Telangana,Mancherial,684,Chennur,4356,Chakepalle,చాకేపల్లె,transliterated,570680,504201,,
Telangana,Nizamabad,516,Mendora,6237,Chakeriyal,చకేరియల్,transliterated,570783,503219,,
Telangana,Suryapet,696,Nadigudem,4641,Chakirala,చాకిరాల,authoritative,577003,508234,,
Telangana,Vikarabad,698,Mominpet,4513,Chakrampalle,చక్రంపల్లె,transliterated,574018,501202,,
Telangana,Sangareddy,691,Chowtakur,7188,Chakriyal,చక్రియాల్,transliterated,573495,502273,,
Telangana,Karimnagar,508,Choppadandi,4424,Chakunta,చకుంట,transliterated,572249,505415,,
Telangana,Nalgonda,514,Peddavoora,4659,Chalakurthy,చాలకుర్తి,transliterated,577399,508202,,
Telangana,Bhadradri Kothagudem,690,Cherla,4726,Chalamala,చలమల,transliterated,578878,507133,,
Telangana,Kumuram Bheem Asifabad,699,Kerameri,4313,Chalbadi,చల్బడి,transliterated,569296,504293,,
Telangana,Ranga Reddy,518,Jilled Chowdergudem,6322,Chalivendrampalle,చలివేంద్రంపల్లె,transliterated,575171,509207,,
Telangana,Nizamabad,516,Dharpally,4378,Challagarga,చల్లగార్గా,transliterated,571241,503165,,
Telangana,Jayashankar Bhupalapally,687,Chityal,4681,Challagarige,చల్లగరిగే,transliterated,577818,506356,,
Telangana,Mancherial,684,Luxettipet,4353,Challampet,చల్లంపేట,transliterated,570573,504215,,
Telangana,Vikarabad,698,Doulathabad,4552,Challapur,చల్లాపూర్,transliterated,574994,509336,,
Telangana,Karimnagar,508,Veenavanka,4439,Challoor,చల్లూర్,transliterated,572531,505505,,
Telangana,Nalgonda,514,Munugode,4647,Chalmeda,చాల్మెడ,transliterated,577125,508253,,
Telangana,Mulugu,720,Eturunagaram,4685,Chalpaka,చల్పక,transliterated,577893,506169,,
Telangana,Warangal,522,Duggondi,4693,Chalparthi,చల్పార్థి,transliterated,578121,506331,,
Telangana,Nalgonda,514,Chandur,4655,Chamala Pally,చమల పల్లీ,transliterated,577266,508256,,
Telangana,Jogulamba Gadwal,695,Ghattu,4605,Chamankhandoddi,చమంఖందొడ్డి,authoritative,576276,509129,,
Telangana,Nirmal,680,Laxmanchanda,4345,Chamanpalle,చమంపల్లె,transliterated,570392,504310,,
Telangana,Nirmal,680,Khanapur,4347,Chamanpalle,చామన్పల్లె,transliterated,570441,504203,,
Telangana,Peddapalli,682,Dharmaram,4411,Chamanpalli,చామన్పల్లి,transliterated,572026,505416,,
Telangana,Karimnagar,508,Karimnagar,6231,Chamanpalli,చామన్పల్లి,transliterated,572312,505186,,
Telangana,Yadadri Bhuvanagiri,697,Motakonduru,6309,Chamapuru,చామాపూరు,transliterated,576705,508111,,
Telangana,Nalgonda,514,Dameracherla,4663,Champlathanda,చంప్లతాండ,transliterated,909892,508208,,
Telangana,Adilabad,501,Adilabad Rural,6221,Chanda -T,చందా -ట్,transliterated,568983,504002,,
Telangana,Medak,513,Chegunta,4466,Chandaipet,చందాయిపేట,transliterated,573152,502247,,
Telangana,Siddipet,692,Doultabad,4465,Chandampalle,చందంపల్లె,transliterated,573124,502278,,
Telangana,Nalgonda,514,Chandampeta,4652,Chandampet,చందంపేట,transliterated,577211,508258,,
Telangana,Nalgonda,514,Nalgonda,4646,Chandan Palle,చందన్ పల్లె,transliterated,577086,508211,,
Telangana,Ranga Reddy,518,Moinabad,4528,Chandanagar,చందానగర్,transliterated,574255,501504,,
Telangana,Mancherial,684,Hajipur,6227,Chandanapur,చందనాపూర్,transliterated,570608,504207,,
Telangana,Nirmal,680,Mudhole,4341,Chandapur,చందాపూర్,transliterated,570242,504101,,
Telangana,Kamareddy,685,Tadwai,4389,Chandapur,చందాపూర్,transliterated,571524,503120,,
Telangana,Sangareddy,691,Narayankhed,4452,Chandapur,చందాపూర్,transliterated,572801,502286,,
Telangana,Siddipet,692,Thoguta,4463,Chandapur,చందాపూర్,transliterated,573080,502278,,
Telangana,Medak,513,Shankarampet (R),4467,Chandapur,చందపూర్,transliterated,573175,502248,,
Telangana,Siddipet,692,Wargal,4485,Chandapur,చందాపూర్,transliterated,573681,502334,,
Telangana,Sangareddy,691,Hathnoora,4489,Chandapur,చందాపూర్,transliterated,573807,502296,,
Telangana,Sangareddy,691,Sadasivpet,4490,Chandapur,చందపూర్,transliterated,573827,502291,,
Telangana,Mahabubnagar,512,Koilkonda,4569,Chandapur,చందాపూర్,transliterated,575428,509371,,
Telangana,Nagarkurnool,694,Achampet,4579,Chandapur,చందపూర్,transliterated,575638,509375,,
Telangana,Narayanpet,721,Makthal,4589,Chandapur,చందాపూర్,transliterated,575884,509208,,
Telangana,Wanaparthy,693,Wanaparthy,4595,Chandapur,చందాపూర్,transliterated,576055,509120,,
Telangana,Jogulamba Gadwal,695,Manopad,4611,Chandapur,చందాపూర్,transliterated,576397,509128,,
Telangana,Nagarkurnool,694,Lingal,4598,Chandapuram,చందాపురం,authoritative,576118,509401,,
Telangana,Khammam,509,Nelakondapalli,4759,Chandapuram,చందాపురం,authoritative,579714,507160,,
Telangana,Nirmal,680,Mamada,4346,Chandaram,చందరమ్,transliterated,570416,504310,,
Telangana,Kamareddy,685,Jukkal,4373,Chandegaon,చందెగాన్,transliterated,571088,503309,,
Telangana,Ranga Reddy,518,Shabad,4542,Chandenvalle,చందెంవల్లె,transliterated,574701,501503,,
Telangana,Yadadri Bhuvanagiri,697,Motakonduru,6309,Chandepally,చందేపల్లి,transliterated,576704,508111,,
Telangana,Medak,513,Shivampet,4487,Chandi,చంది,transliterated,573738,502334,,
Telangana,Ranga Reddy,518,Shankarpalle,4515,Chandippa,చందిప్ప,transliterated,574047,501203,,
Telangana,Ranga Reddy,518,Manchal,4547,Chandkhanguda,చంద్ఖంగూడ,transliterated,574874,501508,,
Telangana,Sangareddy,691,Narayankhed,4452,Chandkhanpalle,చంద్ఖాన్పల్లె,transliterated,572788,502286,,
Telangana,Siddipet,692,Chinnakodur,4460,Chandlapur,చంద్లాపూర్,transliterated,573014,502276,,
Telangana,Jagitial,681,Gollapalli,4412,Chandoli,చందొలి,transliterated,572052,505532,,
Telangana,Adilabad,501,Bela,4308,Chandpalle,చాంద్పల్లె,transliterated,569099,504309,,
Telangana,Ranga Reddy,518,Thalakondapally,4562,Chandradana,చంద్రదాన,transliterated,575265,509357,,
Telangana,Rajanna Sircilla,683,Vemulawada,4430,Chandragiri,చంద్రగిరి,authoritative,572361,505302,,
Telangana,Mahabubabad,688,Garla,4743,Chandragiri,చంద్రగిరి,authoritative,579443,507210,,
Telangana,Nagarkurnool,694,Veldanda,4565,Chandrainpally,చంద్రైంపల్లి,transliterated,909584,509360,,
Telangana,Bhadradri Kothagudem,690,Palvoncha,4737,Chandralagudem,చంద్రాలగూడెం,transliterated,579353,507115,,
Telangana,Kumuram Bheem Asifabad,699,Dahegoan,4329,Chandrapalle,చంద్రపల్లె,authoritative,569871,504219,,
Telangana,Mancherial,684,Tandur,4332,Chandrapalle,చంద్రపల్లె,authoritative,569956,504272,,
Telangana,Jogulamba Gadwal,695,Manopad,4611,Chandrashekar Nagar,చంద్రశేఖర్ నాగర్,transliterated,909944,509128,,
Telangana,Mahabubnagar,512,Koilkonda,4569,Chandraspalle,చంద్రస్పల్లె,transliterated,575415,509371,,
Telangana,Vikarabad,698,Tandur,4534,Chandravancha,చంద్రవంచ,transliterated,574452,501141,,
Telangana,Narayanpet,721,Kosgi,4551,Chandravancha,చంద్రవంచ,transliterated,574947,509339,,
Telangana,Mancherial,684,Bellampally,4350,Chandravelli,చంద్రవెల్లి,transliterated,570516,504251,,
Telangana,Warangal,522,Nekkonda,4713,Chandrugonda,చంద్రుగొండ,transliterated,578497,506122,,
Telangana,Bhadradri Kothagudem,690,Chandrugonda,4747,Chandrugonda,చంద్రుగొండ,transliterated,579499,507171,,
Telangana,Khammam,509,Kalluru,4763,Chandrupatla,చంద్రుపట్ల,authoritative,579796,507209,,
Telangana,Nagarkurnool,694,Nagarkurnool,4583,Chandubatla,చందుబత్ల,transliterated,575741,509209,,
Telangana,Hyderabad,507,Tirumalgiri,4499,Chandulal Bowli,చందులాల్ బౌలీ,transliterated,927766,500009,,
Telangana,Yadadri Bhuvanagiri,697,Bhongir,4628,Chandupatla,చందుపట్ల,transliterated,576759,508286,,
Telangana,Nalgonda,514,Nakrekal,4636,Chandupatla,చందుపట్ల,transliterated,576927,508211,,
Telangana,Adilabad,501,Utnoor,4321,Chandur,చండూరు,authoritative,569562,504311,,
Telangana,Nizamabad,516,Chandur,6669,Chandur,చండూరు,authoritative,571206,503206,,
Telangana,Medak,513,Chilpched,6274,Chandur,చండూరు,authoritative,573540,502314,,
Telangana,Jogulamba Gadwal,695,Manopad,4611,Chandur,చండూరు,authoritative,576401,509128,,
Telangana,Jogulamba Gadwal,695,Manopad,4611,Chandur,చండూరు,authoritative,912462,509128,,
Telangana,Rajanna Sircilla,683,Chandurthi,4419,Chandurthi,చందుర్తి,transliterated,572160,505403,,
Telangana,Nizamabad,516,Bheemgal,4364,Changal,చంగల్,transliterated,570843,503307,,
Telangana,Vikarabad,698,Pudur,4541,Changomul,చంగోముల్,transliterated,574676,501102,,
Telangana,Mahabubnagar,512,Koilkonda,4569,Chanmanpalle,చన్మన్పల్లె,transliterated,575417,509371,,
Telangana,Suryapet,696,Ananthagiri,6302,Chanu Pally,చను పల్లీ,transliterated,577000,508206,,
Telangana,Ranga Reddy,518,Chevella,4529,Chanvelli,చాన్వెల్లి,transliterated,574305,501503,,
Telangana,Narayanpet,721,Maddur,4554,Chanwar,చంవర్,transliterated,575039,509411,,
Telangana,Bhadradri Kothagudem,690,Mulkalapally,4748,Chaparalapally,చాపరాలపల్లి,transliterated,579507,507315,,
Telangana,Adilabad,501,Bela,4308,Chaprala,చప్రాల,transliterated,569100,504309,,
Telangana,Kumuram Bheem Asifabad,699,Sirpur U,4326,Chapri,చాప్రి,transliterated,569767,504313,,
Telangana,Sangareddy,691,Kangti,4450,Chapta [B],చప్తా [బ్],transliterated,572702,502287,,
Telangana,Sangareddy,691,Kangti,4450,Chapta [Khurd],చప్తా [ఖుర్ద్],transliterated,572710,502287,,
Telangana,Sangareddy,691,Narayankhed,4452,Chaptakhadeem,చప్తఖదీం,transliterated,572779,502286,,
Telangana,Nalgonda,514,Kanagal,4656,Charla Gouraram,చార్ల గౌరారాం,transliterated,577314,508004,,
Telangana,Hyderabad,507,Bahadurpura,4508,Charmahal,చర్మహల్,transliterated,927803,500064,,
Telangana,Nirmal,680,Kubeer,4338,Chata,చత,transliterated,570142,504103,,
Telangana,Bhadradri Kothagudem,690,Laxmidevipalli,6266,Chatakonda,చాటకొండ,transliterated,579378,507118,,
Telangana,Siddipet,692,Jagdevpur,4484,Chatlapalle,చట్లపల్లె,transliterated,573648,502301,,
Telangana,Ranga Reddy,518,Farooqnagar,4559,Chattanpalle,చట్టన్పల్లె,authoritative,575181,509216,,
Telangana,Siddipet,692,Markook,6282,Cheberthy,చెబెర్తి,transliterated,573657,502279,,
Telangana,Kamareddy,685,Gandhari,4382,Chedmal,చెద్మల్,transliterated,571329,503114,,
Telangana,Mahabubnagar,512,Midjil,4566,Chedughattu,చెదుఘత్తు,transliterated,575332,509357,,
Telangana,Kumuram Bheem Asifabad,699,Penchicalpet,6313,Chedwai,చెడ్వాయి,transliterated,569851,504296,,
Telangana,Ranga Reddy,518,Manchal,4547,Cheeded,చీదెద్,transliterated,574870,501508,,
Telangana,Suryapet,696,Penpahad,4643,Cheedella,చీడేళ్ల,transliterated,577038,508233,,
Telangana,Mahabubnagar,512,Hanwada,4555,Cheekarlapalle,చీకర్లపల్లె,transliterated,575053,509371,,
Telangana,Yadadri Bhuvanagiri,697,Bommalaramaram,4613,Cheekati Mamidi,చీకటి మామిడి,transliterated,576461,508117,,
Telangana,Rajanna Sircilla,683,Mustabad,4434,Cheekod,చీకోడ్,transliterated,572441,505404,,
Telangana,Medak,513,Papannapet,4455,Cheekode,చీకొదె,transliterated,572864,502303,,
Telangana,Siddipet,692,Dubbak,4458,Cheekode,చీకొదె,transliterated,572954,502108,,
Telangana,Sangareddy,691,Hathnoora,4489,Cheekumaddur,చీకుమద్దుర్,transliterated,573787,502314,,
Telangana,Mulugu,720,Wajedu,4723,Cheekupalle (Z),చీకుపల్లె (జ్),transliterated,578712,507136,,
Telangana,Peddapalli,682,Peddapalli,4408,Cheekurai,చీకురై,transliterated,571993,505174,,
Telangana,Sangareddy,691,Nyalkal,4473,Cheekurthi,చీకుర్తి,transliterated,573303,502256,,
Telangana,Yadadri Bhuvanagiri,697,Bhongir,4628,Cheemala Kondur,చీమల కొండూర్,transliterated,576760,508286,,
Telangana,Bhadradri Kothagudem,690,Cherla,4726,Cheemalapadu,చీమలపాడు,authoritative,578846,507133,,
Telangana,Vikarabad,698,Mominpet,4513,Cheemaldari,చీమల్దారి,transliterated,574019,501202,,
Telangana,Ranga Reddy,518,Thalakondapally,4562,Cheepunuthala,చీపునుతల,transliterated,575259,509321,,
Telangana,Wanaparthy,693,Yedula,7533,Cheerkapalle,చీర్కపల్లె,transliterated,576077,509206,,
Telangana,Rajanna Sircilla,683,Thangallapalli,6217,Cheerlavancha,చీర్లవంచ,transliterated,572452,505302,,
Telangana,Medchal Malkajgiri,700,Keesara,4522,Cheeryal,చీర్యల్,transliterated,574145,501301,,
Telangana,Jangoan,689,Jangoan,4699,Cheetakodur,చీతకోడూర్,transliterated,578239,506175,,
Telangana,Jangoan,689,Lingalaghanpur,4700,Cheeturu,చీతురు,transliterated,578247,506303,,
Telangana,Ranga Reddy,518,Jilled Chowdergudem,6322,Chegireddy Ghanpur,చెగిరెడ్డి ఘన్పూర్,transliterated,575166,509207,,
Telangana,Khammam,509,Kusumanchi,4755,Chegomma,చేగొమ్మ,transliterated,579634,507170,,
Telangana,Narayanpet,721,Krishna,6264,Chegunta,చెగుంట,authoritative,575908,509352,,
Telangana,Medak,513,Chegunta,4466,Chegunta (Ct),చేగుంటా (సీటీ),transliterated,573158,502255,,
Telangana,Ranga Reddy,518,Nandigama,6321,Chegur,చెగూర్,transliterated,575214,509325,,
Telangana,Karimnagar,508,Karimnagar,6231,Chegurthi,చేగుర్తి,transliterated,572325,505001,,
Telangana,Jagitial,681,Velgatur,4398,Chegyam,చెగ్యాం,transliterated,571725,505416,,
Telangana,Rajanna Sircilla,683,Vemulawada Rural,6218,Chekkapalli,చెక్కపల్లి,authoritative,572355,505302,,
Telangana,Jogulamba Gadwal,695,Maldakal,4604,Chelagarlapadu,చెలగర్లపాడు,transliterated,576248,509132,,
Telangana,Jagitial,681,Jagitial Rural,6211,Chelgal,చెల్గల్,transliterated,572083,505455,,
Telangana,Bhadradri Kothagudem,690,Yellandu,4740,Chella Samudram,చెల్ల సముద్రం,transliterated,579398,507122,,
Telangana,Ranga Reddy,518,Kadthal,6324,Chellampalle,చెల్లంపల్లె,transliterated,575257,509358,,
Telangana,Vikarabad,698,Kulkacharla,4539,Chellapur,చెల్లాపూర్,transliterated,574595,509335,,
Telangana,Nalgonda,514,Anumula,4660,Chelmareddygudem,చెల్మరెద్ద్య్గూడెం,transliterated,909865,508278,,
Telangana,Medak,513,Nizampet,6271,Chelmeda,చెల్మెడ,transliterated,572939,502102,,
Telangana,Mahabubnagar,512,Gandeed,4538,Chelmilla,చెల్మిల్ల,transliterated,574569,509339,,
Telangana,Karimnagar,508,Huzurabad,4446,Chelpur,చెల్పూర్,transliterated,572646,505122,,
Telangana,Jayashankar Bhupalapally,687,Ghanpur (Mulug),4683,Chelpur,చెల్పూర్,transliterated,577842,506168,,
Telangana,Suryapet,696,Chivemla,4639,Chendupatla,చెందుపట్ల,transliterated,576968,508214,,
Telangana,Mahabubabad,688,Mahabubabad,4718,Chengapuram,చెంగాపురం,transliterated,578592,506104,,
Telangana,Vikarabad,698,Tandur,4534,Chengeshpur,చెంగేష్పూర్,transliterated,574469,501141,,
Telangana,Medchal Malkajgiri,700,Medipally,6318,Chengicherla (Og),చెంగిచెర్ల (ఒగ్),transliterated,574174,500092,,
Telangana,Vikarabad,698,Tandur,4534,Chengole,చెంగోలే,transliterated,574459,501141,,
Telangana,Jogulamba Gadwal,695,Gadwal,4603,Chenigonipally,చెనిగోనిపల్లి,transliterated,909668,509133,,
Telangana,Karimnagar,508,Manakondur,4427,Chenjerla,చెంజెర్ల,transliterated,572296,505469,,
Telangana,Suryapet,696,Nagaram,6298,Chenna Puram,చెన్న పురం,transliterated,576577,508279,,
Telangana,Suryapet,696,Mattampally,4670,Chennaipalem,చెన్నాయిపాలెం,transliterated,577582,508204,,
Telangana,Ranga Reddy,518,Amangal,4563,Chennampalle,చెన్నంపల్లె,authoritative,575290,509321,,
Telangana,Medak,513,Shivampet,4487,Chennapur,చెన్నాపూర్,transliterated,573746,502313,,
Telangana,Jayashankar Bhupalapally,687,Kothapallygori,7531,Chennapur,చెన్నాపూర్,transliterated,578066,506348,,
Telangana,Mulugu,720,Tadvai,4687,Chennapuram,చెన్నాపురం,authoritative,577982,506344,,
Telangana,Ranga Reddy,518,Thalakondapally,4562,Chennaram,చెన్నారం,transliterated,575261,509321,,
Telangana,Wanaparthy,693,Yedula,7533,Chennaram,చెన్నారం,transliterated,576076,509206,,
Telangana,Nalgonda,514,Kondamallepally,6307,Chennaram,చెన్నరమ్,transliterated,577238,508248,,
Telangana,Nalgonda,514,Nalgonda,4646,Chennaram,చెన్నరమ్,transliterated,577312,508004,,
Telangana,Warangal,522,Wardhannapet,4704,Chennaram,చెన్నారం,transliterated,578307,506310,,
Telangana,Khammam,509,Nelakondapalli,4759,Chennaram,చెన్నారం,transliterated,579720,507160,,
Telangana,Nagarkurnool,694,Achampet,4579,Chennaram (Sabak),చెన్నరమ్ (సబక్),transliterated,575636,509375,,
Telangana,Warangal,522,Chennaraopet,4712,Chennaraopet,చెన్నారావుపేట,transliterated,578485,506332,,
Telangana,Ranga Reddy,518,Jilled Chowdergudem,6322,Chennareddiguda,చెన్నారెడ్డిగూడ,transliterated,575162,509207,,
Telangana,Suryapet,696,Chilkur,4667,Chennarigudem,చెన్నారిగూడెం,transliterated,909920,508204,,
Telangana,Mahabubnagar,512,Rajapur,6261,Chennavalli,చెన్నవల్లి,transliterated,575127,509202,,
Telangana,Nirmal,680,Dasturabad,6207,Chennur,చెన్నూరు,authoritative,570071,504202,,
Telangana,Wanaparthy,693,Gopalpeta,4596,Chennur,చెన్నూరు,authoritative,576062,509206,,
Telangana,Jangoan,689,Palakurthy,4697,Chennur,చెన్నూరు,authoritative,578198,506222,,
Telangana,Mancherial,684,Chennur,4356,Chennur (Ct),చెన్నూర్ (సీటీ),transliterated,570685,504201,,
Telangana,Khammam,509,Kalluru,4763,Chennuru,చెన్నూరు,authoritative,579787,507209,,
Telangana,Siddipet,692,Mirdoddi,4464,Chepial,చెపియల్,transliterated,573097,502247,,
Telangana,Jagitial,681,Kodimial,4420,Cheppial,చెప్పియల్,transliterated,572181,505501,,
Telangana,Nizamabad,516,Armoor,4360,Chepur,చేపూర్,transliterated,570777,503223,,
Telangana,Nalgonda,514,Gurrampode,4657,Chepur,చేపూర్,transliterated,577356,508256,,
Telangana,Siddipet,692,Cherial,4672,Cherial,చెరియల్,transliterated,577610,506223,,
Telangana,Ranga Reddy,518,Kadthal,6324,Cherikonda,చేరికొండ,transliterated,909576,509408,,
Telangana,Ranga Reddy,518,Amangal,4563,Cherikonda Pattikalwakurthy,చేరికొండ పట్టికల్వకుర్తి,transliterated,575283,509321,,
Telangana,Ranga Reddy,518,Amangal,4563,Cherikondapattipadkal,చేరికొండపట్టిపడ్కల్,transliterated,575282,509321,,
Telangana,Sangareddy,691,Kandi,6275,Cheriyal,చెరియల్,transliterated,573893,502285,,
Telangana,Nalgonda,514,Gundlapally,4651,Cherkupalle,చెర్కుపల్లె,transliterated,577199,508258,,
Telangana,Nagarkurnool,694,Veldanda,4565,Cherkur,చెర్కుర్,transliterated,575310,509360,,
Telangana,Bhadradri Kothagudem,690,Cherla,4726,Cherla (Z),చెర్ల (జ్),transliterated,578867,507133,,
Telangana,Siddipet,692,Chinnakodur,4460,Cherla Ankireddipalle,చెర్ల అంకిరెడ్డిపల్లె,transliterated,573007,502267,,
Telangana,Ranga Reddy,518,Ibrahimpatnam,4546,Cherla Patelguda,చెర్ల పటేల్గూడ,transliterated,912410,501506,,
Telangana,Bhadradri Kothagudem,690,Cherla,4726,Cherla(G),చెర్ల(గ్),transliterated,578857,507133,,
Telangana,Karimnagar,508,Karimnagar,6231,Cherlabuthkur,చెర్లబుత్కూర్,transliterated,572314,505186,,
Telangana,Ranga Reddy,518,Shamshabad,4543,Cherlaguda,చెర్లగూడ,transliterated,574748,501218,,
Telangana,Mahabubabad,688,Thorrur,4715,Cherlapalem,చెర్లోపాలెం,authoritative,578545,506163,,
Telangana,Nirmal,680,Narsapur G,6208,Cherlapalle,చెర్లోపల్లె,authoritative,570315,504306,,
Telangana,Hanumakonda,686,Nadikuda,6547,Cherlapalle,చెర్లోపల్లె,authoritative,577757,506391,,
Telangana,Jagitial,681,Beerpur,6212,Cherlapalli,చెర్లపల్లి,authoritative,571674,505454,,
Telangana,Nalgonda,514,Nalgonda,4646,Cherlapally,చెర్లపల్లి,transliterated,909828,508002,,
Telangana,Siddipet,692,Bejjanki,4437,Cherlapur,చెర్లాపూర్,transliterated,572505,505527,,
Telangana,Karimnagar,508,Ganneruvaram,6232,Cherlapur,చెర్లపూర్,transliterated,956029,505530,,
Telangana,Kumuram Bheem Asifabad,699,Asifabad,4319,Cherpalle,చెర్పల్లె,transliterated,569488,504293,,
Telangana,Nalgonda,514,Narketpally,4634,Cherughat,చెరుఘత్,transliterated,576896,508254,,
Telangana,Ranga Reddy,518,Kondurg,4558,Cherukupalle,చెరుకుపల్లి,authoritative,575156,509207,,
Telangana,Khammam,509,Sathupalli,4751,Cherukupalle,చెరుకుపల్లి,authoritative,579564,507303,,
Telangana,Bhadradri Kothagudem,690,Dummugudem,4729,Cherupalli,చెరుపల్లి,transliterated,579008,507137,,
Telangana,Nalgonda,514,Kattangur,4635,Cheruvannaram,చేరువన్నారం,transliterated,576903,508205,,
Telangana,Khammam,509,Nelakondapalli,4759,Cheruvu Madharam,చెరువు మధరం,transliterated,579728,507169,,
Telangana,Nalgonda,514,Madugulapally,6305,Cheruvu Palle,చెరువు పల్లె,transliterated,577077,508234,,
Telangana,Siddipet,692,Dubbak,4458,Chervapur,చెర్వాపూర్,transliterated,572961,502108,,
Telangana,Nalgonda,514,Kanagal,4656,Chetla Chennaram,చెట్ల చెన్నారం,transliterated,909858,508247,,
Telangana,Sangareddy,691,Jinnaram,4493,Chetlapotharam,చెట్లపోతారాం,transliterated,573920,502319,,
Telangana,Medak,513,Masaipet,7190,Chetlathimmaipally,చెట్లతిమ్మాయిపల్లి,transliterated,573155,502335,,
Telangana,Ranga Reddy,518,Chevella,4529,Chevella,చేవెల్ల,authoritative,574308,501503,,
Telangana,Adilabad,501,Adilabad Rural,6221,Chichdhari,చిచ్దరి,transliterated,569016,504346,,
Telangana,Kumuram Bheem Asifabad,699,Wankidi,4314,Chichpally,చిచ్పల్లి,transliterated,569306,504295,,
Telangana,Jayashankar Bhupalapally,687,Kataram,4402,Chidnepalle,చిడ్నేపల్లె,transliterated,571837,505503,,
Telangana,Sangareddy,691,Kandi,6275,Chidruppa,చిద్రుప్ప,transliterated,573877,502296,,
Telangana,Vikarabad,698,Pargi,4540,Chigralpalle,చిగ్రాల్పల్లె,transliterated,574637,501501,,
Telangana,Karimnagar,508,Chigurumamidi,4442,Chigurumamidi,చిగురుమామిడి,authoritative,572581,505467,,
Telangana,Jayashankar Bhupalapally,687,Malharrao,4405,Chigurupalle,చిగురుపల్లె,transliterated,571924,505184,,
Telangana,Mahabubabad,688,Thorrur,4715,Chikataipalem,చికటాయిపాలెం,transliterated,578544,506163,,
Telangana,Nizamabad,516,Rudrur,6240,Chikkadpally,చిక్కడ్పల్లి,transliterated,571021,503188,,
Telangana,Nizamabad,516,Makloor,4367,Chikli,చిక్లి,transliterated,570901,503213,,
Telangana,Jayashankar Bhupalapally,687,Bhupalpally,4682,Chiknepalle,చిక్నెపల్లె,transliterated,577831,506169,,
Telangana,Kumuram Bheem Asifabad,699,Asifabad,4319,Chilatiguda,చిలాటిగూడ,transliterated,569509,504294,,
Telangana,Sangareddy,691,Jharasangam,4476,Chilemamidi,చిలేమామిడి,transliterated,573424,502321,,
Telangana,Sangareddy,691,Jharasangam,4476,Chilepalle,చిలేపల్లె,transliterated,573411,502249,,
Telangana,Sangareddy,691,Munipally,4477,Chilepalle,చిలేపల్లె,transliterated,573437,502345,,
Telangana,Medak,513,Chilpched,6274,Chilipched,చిలిప్చ్డ్,transliterated,573541,502314,,
Telangana,Nalgonda,514,Gudipally,7527,Chilka Marry,చిల్కా మ్యారీ,transliterated,577360,508257,,
Telangana,Ranga Reddy,518,Farooqnagar,4559,Chilkamarri (Chelka),చిల్కమర్రి (చెల్కా),transliterated,575202,509216,,
Telangana,Sangareddy,691,Jharasangam,4476,Chilkepalle,చిల్కేపల్లె,transliterated,573434,502321,,
Telangana,Mahabubabad,688,Dornakal,4722,Chilkodu,చిల్కోడు,transliterated,578667,506368,,
Telangana,Ranga Reddy,518,Moinabad,4528,Chilkoor,చిల్కూర్,transliterated,574256,501504,,
Telangana,Suryapet,696,Chilkur,4667,Chilkur,చిల్కూర్,authoritative,577555,508206,,
Telangana,Siddipet,692,Mulug,4486,Chilla Sagar,చిల్ల సాగర్,transliterated,573711,502279,,
Telangana,Mahabubabad,688,Maripeda,4720,Chillamcherla,చిల్లంచెర్ల,transliterated,578631,506315,,
Telangana,Kamareddy,685,Pitlam,4384,Chillangi,చిల్లంగి,transliterated,571396,503310,,
Telangana,Siddipet,692,Dubbak,4458,Chillapur,చిల్లాపూర్,transliterated,572959,502108,,
Telangana,Suryapet,696,Nereducherla,4665,Chillepalle,చిల్లెపల్లె,transliterated,577525,508218,,
Telangana,Vikarabad,698,Dudyal,7540,Chilmalmailwar,చిల్మల్మైల్వార్,transliterated,574935,509338,,
Telangana,Suryapet,696,Nuthanakal,4621,Chilpa Kunta,చిల్ప కుంట,transliterated,576612,508221,,
Telangana,Jangoan,689,Chilpur,6259,Chilpur,చిల్పురు,authoritative,577691,506145,,
Telangana,Vikarabad,698,Vikarabad,4530,Chiltampalle,చిల్తంపల్లె,transliterated,574344,501101,,
Telangana,Khammam,509,Madhira,4766,Chilukuru,చిలుకూరు,authoritative,579868,507203,,
Telangana,Mahabubnagar,512,Midjil,4566,Chiluveru,చిలువెరు,transliterated,575330,509357,,
Telangana,Jagitial,681,Gollapalli,4412,Chilvakodur,చిల్వకొదుర్,transliterated,572041,505532,,
Telangana,Medak,513,Alladurg,4470,Chilvera,చిల్వేరా,transliterated,573224,502269,,
Telangana,Sangareddy,691,Kondapur,4491,Chimaldari Konapur,చిమల్దరి కొనపూర్,transliterated,573865,502295,,
Telangana,Wanaparthy,693,Wanaparthy,4595,Chimanguntapalle,చిమంగుంటపల్లె,transliterated,576047,509206,,
Telangana,Nizamabad,516,Sirikonda,4379,Chimanpalle,చిమన్పల్లె,transliterated,571262,503165,,
Telangana,Yadadri Bhuvanagiri,697,Narayanpur,4648,Chimiriyala,చిమిరియాల,transliterated,577137,508253,,
Telangana,Suryapet,696,Kodad,4668,Chimiryala,చిమిర్యాల,transliterated,577571,508206,,
Telangana,Khammam,509,Raghunadhapalem,4757,Chimmapudi,చిమ్మపూడి,transliterated,579673,507182,,
Telangana,Sangareddy,691,Raikode,4472,Chimnapur,చిమ్నాపూర్,transliterated,573277,502256,,
Telangana,Nizamabad,516,Nandipet,4359,Chimrajpalle,చిమ్రాజపల్లె,transliterated,570750,503212,,
Telangana,Yadadri Bhuvanagiri,697,Thurkapally,4614,China Laxma Puram,చినా లక్ష్మ పురం,transliterated,576487,508117,,
Telangana,Bhadradri Kothagudem,690,Cherla,4726,China Midisileru (G),చినా మిడిసిలేరు (గ్),transliterated,578885,507140,,
Telangana,Bhadradri Kothagudem,690,Cherla,4726,China Midisileru (Z),చినా మిడిసిలేరు (జ్),transliterated,578886,507140,,
Telangana,Nalgonda,514,Narketpally,4634,China Thummalaguda,చిన థుమ్మలగూడ,transliterated,909763,508254,,
Telangana,Yadadri Bhuvanagiri,697,Yadagirigutta,4616,Chinakandukur,చినకందుకూర్,transliterated,576527,508286,,
Telangana,Nalgonda,514,Chityal,4633,Chinakaparthy,చినకపర్తి,transliterated,576870,508114,,
Telangana,Nalgonda,514,Chandampeta,4652,Chinamunagal,చినమునగల్,transliterated,909846,508248,,
Telangana,Medchal Malkajgiri,700,Muduchinthalapally,6671,Chinaparvathapur,చినపర్వథపూర్,transliterated,576451,500101,,
Telangana,Yadadri Bhuvanagiri,697,Bibinagar,4629,Chinaravala Palle,చినరావాల పల్లె,transliterated,576796,508126,,
Telangana,Mulugu,720,Eturunagaram,4685,Chinavenkata Puram,చినవెంకత పురమ్,transliterated,577924,506165,,
Telangana,Mancherial,684,Nennel,4331,Chinavenkatapur,చినవెంకటాపూర్,transliterated,569942,504204,,
Telangana,Nirmal,680,Mudhole,4341,Chinchala,చించల,transliterated,570240,504102,,
Telangana,Vikarabad,698,Nawabpet,4514,Chinchelpet,చించెల్పేట,transliterated,574038,501111,,
Telangana,Ranga Reddy,518,Farooqnagar,4559,Chinchode,చించోడే,transliterated,575196,509410,,
Telangana,Kumuram Bheem Asifabad,699,Wankidi,4314,Chincholi,చించోలి,transliterated,569328,504295,,
Telangana,Adilabad,501,Neradigonda,4325,Chincholi,చించోలి,transliterated,569717,504323,,
Telangana,Kamareddy,685,Birkur,4375,Chincholi,చించొలి,transliterated,571184,503321,,
Telangana,Nirmal,680,Sarangapur,4336,Chincholi (Buzurg),చించోలి (బుజుర్గ్),transliterated,570097,504110,,
Telangana,Nirmal,680,Sarangapur,4336,Chincholi (Malak),చించోలి (మలక్),transliterated,570084,504110,,
Telangana,Adilabad,501,Adilabad Rural,6221,Chinchughat,చించుఘాట్,transliterated,569004,504002,,
Telangana,Jayashankar Bhupalapally,687,Mahadevpur,4403,Chindrapalle,చింద్రపల్లె,transliterated,571851,505504,,
Telangana,Sangareddy,691,Nyalkal,4473,Chingepalle,చింగేపల్లె,transliterated,573311,502256,,
Telangana,Mahabubnagar,512,Jadcherla,4567,Chinna Adiryal,చిన్న ఆదిర్యాల్,transliterated,575364,509408,,
Telangana,Nalgonda,514,Kondamallepally,6307,Chinna Adiserla Palle,చిన్న అడిజర్ల పల్లె,transliterated,577242,508243,,
Telangana,Kamareddy,685,Birkur,4375,Chinna Annaram,చిన్న అన్నారం,transliterated,571187,503321,,
Telangana,Khammam,509,Bonakal,4765,Chinna Beeravalli,చిన్న బీరవల్లి,transliterated,579839,507204,,
Telangana,Medak,513,Narsapur,4488,Chinna Chintakunta,చిన్న చింతకుంట,transliterated,573769,502313,,
Telangana,Kamareddy,685,Birkur,4375,Chinna Damarancha,చిన్న దామరంచ,transliterated,571185,503321,,
Telangana,Kamareddy,685,Tadwai,4389,Chinna Demi,చిన్న డెమి,transliterated,571532,503120,,
Telangana,Kamareddy,685,Bichkunda,4374,Chinna Devada,చిన్న దేవదా,transliterated,571138,503306,,
Telangana,Kamareddy,685,Bichkunda,4374,Chinna Dhadgi,చిన్న ధడ్గి,transliterated,571137,503306,,
Telangana,Kamareddy,685,Jukkal,4373,Chinna Edgi,చిన్న ఎడ్జి,transliterated,571095,503305,,
Telangana,Kamareddy,685,Madnoor,4372,Chinna Eklara,చిన్న ఎక్లర,transliterated,571083,503309,,
Telangana,Kamareddy,685,Jukkal,4373,Chinna Ghulla,చిన్న ఘుల్ల,transliterated,571100,503305,,
Telangana,Kamareddy,685,Pitlam,4384,Chinna Gouraram,చిన్న గౌరారాం,transliterated,571392,503187,,
Telangana,Siddipet,692,Kukunoorpally,7521,Chinna Kistapur,చిన్న కిస్తాపూర్,transliterated,573645,502301,,
Telangana,Kamareddy,685,Pitlam,4384,Chinna Kodapgal,చిన్న కొడప్గల్,transliterated,571400,503310,,
Telangana,Khammam,509,Kalluru,4763,Chinna Korukondi,చిన్న కోరుకోండి,transliterated,579791,507209,,
Telangana,Nagarkurnool,694,Peddakothapally,4599,Chinna Kothapally,చిన్న కొత్తపల్లి,transliterated,909664,509401,,
Telangana,Sangareddy,691,Munipally,4477,Chinna Loni,చిన్న లొని,transliterated,573443,502345,,
Telangana,Nalgonda,514,Kanagal,4656,Chinna Madharam,చిన్న మధరమ్,transliterated,577331,508247,,
Telangana,Kamareddy,685,Kamareddy,4390,Chinna Mallareddy,చిన్న మల్లారెడ్డి,transliterated,571559,503110,,
Telangana,Ranga Reddy,518,Moinabad,4528,Chinna Mangalaram,చిన్న మంగలరమ్,transliterated,574252,501504,,
Telangana,Siddipet,692,Raipole,6283,Chinna Masanpalle,చిన్న మాసన్పల్లె,transliterated,573126,502278,,
Telangana,Kamareddy,685,Banswada,4383,Chinna Nagaram,చిన్న నగరం,transliterated,571379,503321,,
Telangana,Bhadradri Kothagudem,690,Dummugudem,4729,Chinna Nallaballi,చిన్న నల్లబల్లి,transliterated,578954,507137,,
Telangana,Vikarabad,698,Kodangal,4549,Chinna Nandigam,చిన్న నందిగం,transliterated,574913,509350,,
Telangana,Suryapet,696,Maddirala,6300,Chinna Nemila,చిన్న నేమిలా,transliterated,576608,508221,,
Telangana,Kamareddy,685,Banswada,4383,Chinna Rampur,చిన్న రాంపూర్,transliterated,571371,503187,,
Telangana,Mahabubnagar,512,Balanagar,4557,Chinna Revalli,చిన్న రెవల్లి,transliterated,575135,509408,,
Telangana,Kamareddy,685,Madnoor,4372,Chinna Shekkarga,చిన్న షెక్కర్గా,transliterated,571047,503309,,
Telangana,Kamareddy,685,Pedda Kodapgal,6245,Chinna Takkadpalle,చిన్న తక్కడ్పల్లె,transliterated,571150,503306,,
Telangana,Jogulamba Gadwal,695,Ieeja,4606,Chinna Tandrapadu,చిన్న తండ్రపాడు,transliterated,576299,509135,,
Telangana,Kamareddy,685,Madnoor,4372,Chinna Thadugur,చిన్న తడుగూర్,transliterated,571068,503309,,
Telangana,Siddipet,692,Mulug,4486,Chinna Thimmapur,చిన్న తిమ్మాపూర్,transliterated,573708,502279,,
Telangana,Jayashankar Bhupalapally,687,Malharrao,4405,Chinna Thoondla,చిన్న తూండ్ల,transliterated,571929,505184,,
Telangana,Bhadradri Kothagudem,690,Gundala,4741,Chinna Venkatapuram,చిన్న వెంకటాపురం,transliterated,579405,507123,,
Telangana,Nizamabad,516,Sirikonda,4379,Chinna Walgot,చిన్న వల్గొత్,transliterated,571258,503165,,
Telangana,Jogulamba Gadwal,695,Undavelly,6299,Chinnaamudyala Padu,చిన్నాముద్యల పాడు,transliterated,576416,509153,,
Telangana,Bhadradri Kothagudem,690,Dummugudem,4729,Chinnabandirevu,చిన్నబండిరేవు,transliterated,578940,507137,,
Telangana,Peddapalli,682,Sulthanabad,4425,Chinnabonkur,చిన్నబొంకుర్,transliterated,572263,505185,,
Telangana,Sangareddy,691,Munipally,4477,Chinnachelmeda,చిన్నచెల్మెడ,transliterated,573453,502345,,
Telangana,Mahabubnagar,512,Chinnachintakunta,4587,Chinnachintakunta (Ct),చిన్నచింతకుంట (చ్త్),transliterated,575835,509131,,
Telangana,Jogulamba Gadwal,695,Rajoli,6296,Chinnadhanwada,చిన్నధన్వాడ,transliterated,576380,509135,,
Telangana,Mahabubnagar,512,Hanwada,4555,Chinnadharpalle,చిన్నధర్పల్లె,transliterated,575066,509334,,
Telangana,Medak,513,Kulcharam,4468,Chinnaghanpur,చిన్నఘన్పూర్,transliterated,573189,502381,,
Telangana,Mancherial,684,Bheemini,4328,Chinnagudipet,చిన్నగుడిపేట,transliterated,569855,504273,,
Telangana,Mahabubabad,688,Chinnagudur,6254,Chinnagudur,చిన్నగుదూర్,transliterated,578625,506104,,
Telangana,Narayanpet,721,Narayanpet,4570,Chinnajatram,చిన్నజత్రమ్,transliterated,575456,509205,,
Telangana,Peddapalli,682,Sulthanabad,4425,Chinnakalvala,చిన్నకల్వల,transliterated,572261,505174,,
Telangana,Sangareddy,691,Patancheru,4494,Chinnakanjerla,చిన్నకంజెర్ల,transliterated,573927,502319,,
Telangana,Jayashankar Bhupalapally,687,Kothapallygori,7531,Chinnakodepaka,చిన్నకోడేపాక,transliterated,578067,506319,,
Telangana,Siddipet,692,Chinnakodur,4460,Chinnakodur,చిన్నకొదుర్,transliterated,573010,502276,,
Telangana,Karimnagar,508,Ellandakunta,6234,Chinnakomatpalli,చిన్నకోమట్పల్లి,transliterated,572555,505475,,
Telangana,Warangal,522,Nekkonda,4713,Chinnakorpole,చిన్నకోర్పోలే,transliterated,578510,506112,,
Telangana,Jangoan,689,Devaruppula,4701,Chinnamadur,చిన్నమదుర్,transliterated,578260,506303,,
Telangana,Wanaparthy,693,Peddamandadi,4594,Chinnamandadi,చిన్నమందడి,transliterated,576032,509380,,
Telangana,Khammam,509,Chinthakani,4760,Chinnamandava,చిన్నమండవ,transliterated,579743,507208,,
Telangana,Wanaparthy,693,Chinnambavi,6287,Chinnamarur,చిన్నమరూర్,transliterated,576338,509104,,
Telangana,Jagitial,681,Korutla,4416,Chinnametpalle,చిన్నమేత్పల్లె,transliterated,572117,505453,,
Telangana,Nagarkurnool,694,Telkapally,4581,Chinnamudnur,చిన్నముడ్నూర్,transliterated,575684,509385,,
Telangana,Mahabubabad,688,Inugurthy,7538,Chinnanagaram,చిన్ననగరం,transliterated,578554,506112,,
Telangana,Peddapalli,682,Manthani,4401,Chinnaodela,చిన్నఒడెలా,transliterated,571817,505184,,
Telangana,Jangoan,689,Chilpur,6259,Chinnapendyala,చిన్నపెంద్యల,transliterated,577697,506144,,
Telangana,Jogulamba Gadwal,695,Manopad,4611,Chinnapothulapadu,చిన్నపోతులపాడు,transliterated,576418,509128,,
Telangana,Nizamabad,516,Makloor,4367,Chinnapur,చిన్నాపూర్,transliterated,570914,503213,,
Telangana,Nizamabad,516,Mugpal,6235,Chinnapur,చిన్నాపూర్,transliterated,570948,503230,,
Telangana,Kamareddy,685,Dongli,7525,Chinnapur,చిన్నాపూర్,transliterated,571057,503309,,
Telangana,Kamareddy,685,Gandhari,4382,Chinnapur,చిన్నాపూర్,transliterated,571352,503122,,
Telangana,Jagitial,681,Buggaram,6213,Chinnapur,చిన్నాపూర్,transliterated,571703,505454,,
Telangana,Mahabubnagar,512,Devarakadra,4573,Chinnarajmoor,చిన్నరజ్మూర్,transliterated,575514,509204,,
Telangana,Jangoan,689,Lingalaghanpur,4700,Chinnarajpet,చిన్నరాజపేట,transliterated,578250,506201,,
Telangana,Jangoan,689,Bachannapet,4674,Chinnaramancherla,చిన్నరామంచర్ల,transliterated,577669,506221,,
Telangana,Kumuram Bheem Asifabad,699,Dahegoan,4329,Chinnaraspalle,చిన్నరాస్పల్లె,transliterated,569874,504219,,
Telangana,Bhadradri Kothagudem,690,Manuguru,4727,Chinnaravi Gudem,చిన్నరవి గుదెమ్,transliterated,956057,507117,,
Telangana,Ranga Reddy,518,Moinabad,4528,Chinnashapur,చిన్నషాపూర్,transliterated,574263,501504,,
Telangana,Kumuram Bheem Asifabad,699,Bejjur,4317,Chinnasiddapur,చిన్నసిద్దాపూర్,transliterated,569418,504299,,
Telangana,Nalgonda,514,Thipparthy,4645,Chinnasuraram,చిన్నాసురారం,transliterated,909813,508211,,
Telangana,Mahabubabad,688,Peddavangara,6256,Chinnavangara,చిన్నవంగర,transliterated,578539,506317,,
Telangana,Mahabubnagar,512,Gandeed,4538,Chinnavarval,చిన్నవర్వల్,transliterated,574572,509335,,
Telangana,Ranga Reddy,518,Kondurg,4558,Chinnayelkicherla,చిన్నయెల్కిచెర్ల,transliterated,575150,509410,,
Telangana,Mahabubabad,688,Gudur,4711,Chinnayellapur,చిన్నయెల్లాపూర్,transliterated,578462,506134,,
Telangana,Jogulamba Gadwal,695,Manopad,4611,Chinnipadu,చిన్నిపాడు,authoritative,576411,509128,,
Telangana,Warangal,522,Parvathagiri,4714,Chinta Nekkonda,చింత నెక్కొండ,transliterated,578515,506369,,
Telangana,Mancherial,684,Jannaram,4334,Chintaguda,చింతగూడ,transliterated,570030,504205,,
Telangana,Mulugu,720,Kannaigudem,6251,Chintagudem,చింతగూడెం,transliterated,577914,506165,,
Telangana,Bhadradri Kothagudem,690,Cherla,4726,Chintaguppa,చింతగొప్పు,authoritative,578890,507140,,
Telangana,Bhadradri Kothagudem,690,Dummugudem,4729,Chintaguppa,చింతగొప్పు,authoritative,578950,507137,,
Telangana,Adilabad,501,Utnoor,4321,Chintakarra,చింతకర్ర,transliterated,569558,504346,,
Telangana,Kumuram Bheem Asifabad,699,Sirpur (T),4315,Chintakunta,చింతకుంట,authoritative,569361,504299,,
Telangana,Nirmal,680,Mudhole,4341,Chintakunta,చింతకుంట,authoritative,570246,504102,,
Telangana,Mancherial,684,Kotapally,4351,Chintakunta,చింతకుంట,authoritative,570545,504214,,
Telangana,Nizamabad,516,Mosara,6668,Chintakunta,చింతకుంట,authoritative,571199,503206,,
Telangana,Sangareddy,691,Andole,4479,Chintakunta,చింతకుంట,authoritative,573503,502270,,
Telangana,Vikarabad,698,Dharur,4531,Chintakunta,చింతకుంట,authoritative,574361,501121,,
Telangana,Wanaparthy,693,Pangal,4601,Chintakunta,చింతకుంట,authoritative,576165,509120,,
Telangana,Karimnagar,508,Kothapally,6230,Chintakunta (Part),చింతకుంట (పర్త్),transliterated,572321,505001,,
Telangana,Bhadradri Kothagudem,690,Cherla,4726,Chintakunta (Z),చింతకుంట (జ్),transliterated,578854,507133,,
Telangana,Ranga Reddy,518,Keshampet,4561,Chintakuntapalle,చింతకుంటపల్లె,transliterated,575239,509408,,
Telangana,Kamareddy,685,Banswada,4383,Chintal Nagaram,చింతల్ నగరమ్,transliterated,571380,503187,,
Telangana,Adilabad,501,Bazarhatnoor,4323,Chintal Sangvi,చింతల్ సాంగ్వి,transliterated,569656,504304,,
Telangana,Kumuram Bheem Asifabad,699,Chintalamanepally,6314,Chintala Manepalle,చింతల మానేపల్లె,transliterated,569390,504299,,
Telangana,Nirmal,680,Bhainsa,4339,Chintalabori,చింతలబోరి,transliterated,570175,504103,,
Telangana,Ranga Reddy,518,Farooqnagar,4559,Chintalaguda,చింతలగూడ,transliterated,909564,509410,,
Telangana,Mulugu,720,Tadvai,4687,Chintalakatapur,చింతలకతపూర్,transliterated,578001,506344,,
Telangana,Ranga Reddy,518,Balapur,6323,Chintalakunta (Og),చింతలకుంట (ఒగ్),transliterated,574220,500097,,
Telangana,Nalgonda,514,Tirumalagiri Sagar,6306,Chintalapalem,చింతలపాలెం,authoritative,577404,508202,,
Telangana,Vikarabad,698,Pudur,4541,Chintalapalle,చింతలపల్లె,authoritative,574694,501102,,
Telangana,Nagarkurnool,694,Kollapur,4609,Chintalapalle,చింతలపల్లె,authoritative,576348,509105,,
Telangana,Warangal,522,Sangem,4705,Chintalapalle,చింతలపల్లె,authoritative,578333,506329,,
Telangana,Nirmal,680,Laxmanchanda,4345,Chintalchanda,చింతల్చంద,transliterated,570393,504310,,
Telangana,Sangareddy,691,Hathnoora,4489,Chintalcheru,చింతల్చెరు,transliterated,573810,502296,,
Telangana,Narayanpet,721,Maddur,4554,Chintaldinne,చింతల్దిన్నె,transliterated,575032,509411,,
Telangana,Jogulamba Gadwal,695,Kaloor Thimmandoddi,6297,Chintalkunta,చింతల్కుంట,transliterated,576264,509129,,
Telangana,Sangareddy,691,Sangareddy,4492,Chintalpalle (Part),చింతల్పల్లె (పార్ట్),transliterated,573870,502294,,
Telangana,Rajanna Sircilla,683,Thangallapalli,6217,Chintalthana,చింతల్తన,transliterated,572451,505302,,
Telangana,Nizamabad,516,Jakranpally,4366,Chintalur,చింతలుర్,transliterated,570898,503175,,
Telangana,Jagitial,681,Raikal,4395,Chintalur,చింతలుర్,transliterated,571649,505460,,
Telangana,Vikarabad,698,Tandur,4534,Chintamanipatam,చింతామణిపటం,transliterated,574458,501141,,
Telangana,Kamareddy,685,Domakonda,4392,Chintamanpalle,చింతామన్పల్లె,transliterated,571583,503112,,
Telangana,Kumuram Bheem Asifabad,699,Tiryani,4333,Chintapalle,చింతపల్లి,authoritative,570002,504297,,
Telangana,Mancherial,684,Dandepally,4348,Chintapalle,చింతపల్లి,authoritative,570478,504215,,
Telangana,Mancherial,684,Chennur,4356,Chintapalle,చింతపల్లి,authoritative,570659,504201,,
Telangana,Nalgonda,514,Peddavoora,4659,Chintapalle,చింతపల్లి,authoritative,577390,508266,,
Telangana,Ranga Reddy,518,Ibrahimpatnam,4546,Chintapalleguda,చింతపల్లెగూడ,transliterated,574829,501506,,
Telangana,Ranga Reddy,518,Yacharam,4548,Chintapatla,చింతపట్ల,transliterated,574894,501509,,
Telangana,Hanumakonda,686,Hasanparthy,4678,Chinthagattu (Og),చింథగత్తు (ఒగ్),transliterated,577747,506015,,
Telangana,Mahabubabad,688,Gangaram,6253,Chinthaguda,చింతగూడ,transliterated,578424,506135,,
Telangana,Mulugu,720,Kannaigudem,6251,Chinthagudem,చింతగూడెం,transliterated,577882,506165,,
Telangana,Khammam,509,Penuballi,4752,Chinthagudem,చింతగూడెం,transliterated,579591,507209,,
Telangana,Jayashankar Bhupalapally,687,Kataram,4402,Chinthakani,చింథకని,transliterated,571847,505503,,
Telangana,Khammam,509,Chinthakani,4760,Chinthakani,చింతకని,transliterated,579739,507208,,
Telangana,Kumuram Bheem Asifabad,699,Kerameri,4313,Chinthakara,చింతకర,transliterated,569294,504293,,
Telangana,Jagitial,681,Kathlapur,4418,Chinthakunta,చింతకుంట,authoritative,572148,505462,,
Telangana,Nalgonda,514,Kondamallepally,6307,Chinthakuntla,చింతకుంట్ల,transliterated,577243,508243,,
Telangana,Suryapet,696,Chinthalapalem,6303,Chinthalapalem,చింతలపాలెం,authoritative,577595,508246,,
Telangana,Mahabubabad,688,Thorrur,4715,Chinthalapalle,చింతలపల్లె,transliterated,578534,506163,,
Telangana,Sangareddy,691,Kohir,4475,Chinthalghat,చింథల్ఘత్,transliterated,573381,502321,,
Telangana,Mahabubabad,688,Seerole,7518,Chinthapalle,చింతపల్లె,transliterated,578660,506105,,
Telangana,Wanaparthy,693,Amarchintha,6290,Chinthareddipalle,చింతారెడ్డిపల్లె,transliterated,575862,509130,,
Telangana,Jogulamba Gadwal,695,Dharoor,4591,Chintharevula,చింతరేవుల,authoritative,575946,509133,,
Telangana,Bhadradri Kothagudem,690,Aswapuram,4728,Chinthiryala,చింతిర్యాల,transliterated,578924,507116,,
Telangana,Mulugu,720,Wajedu,4723,Chintoor (Z),చింతూర్ (జ్),transliterated,578702,507136,,
Telangana,Suryapet,696,Chinthalapalem,6303,Chintriyala,చింత్రియల,transliterated,577600,508246,,
Telangana,Kamareddy,685,Nagireddypet,4387,Chinur,చినూర్,transliterated,571491,503108,,
Telangana,Karimnagar,508,Ramadugu,4423,Chippakurthi,చిప్పకుర్తి,transliterated,572222,505531,,
Telangana,Nalgonda,514,Narketpally,4634,Chippala Palle,చిప్పల పల్లె,transliterated,576885,508254,,
Telangana,Rajanna Sircilla,683,Mustabad,4434,Chippalapalle,చిప్పలపల్లె,transliterated,572440,505404,,
Telangana,Ranga Reddy,518,Kandukur,4545,Chippalpalle,చిప్పల్పల్లె,transliterated,574796,500113,,
Telangana,Sangareddy,691,Zahirabad,4474,Chiragpalle,చిరగ్పల్లె,transliterated,573342,502221,,
Telangana,Yadadri Bhuvanagiri,697,Adda Guduru,6310,Chirragoodur,చిర్రగూడూర్,transliterated,576684,508277,,
Telangana,Mulugu,720,Eturunagaram,4685,Chirragudem,చిర్రగూడెం,transliterated,577919,506165,,
Telangana,Kumuram Bheem Asifabad,699,Asifabad,4319,Chirrakunta,చిర్రకుంట,transliterated,569532,504294,,
Telangana,Mulugu,720,Venkatapuram,4724,Chirtapalle (G),చిర్తపల్లె (గ్),transliterated,578772,507136,,
Telangana,Bhadradri Kothagudem,690,Karakagudem,6269,Chirumalla,చిరుమల్ల,transliterated,578821,507117,,
Telangana,Khammam,509,Mudigonda,4758,Chirumarri,చిరుమర్రి,transliterated,579697,507158,,
Telangana,Nalgonda,514,Madugulapally,6305,Chirumarthy,చిరుమర్తి,transliterated,577041,508234,,
Telangana,Khammam,509,Bonakal,4765,Chirunomula,చిరునోముల,authoritative,579836,507204,,
Telangana,Mulugu,720,Venkatapuram,4724,Chirutapalle (Z),చిరుతపల్లె (జ్),transliterated,578752,507136,,
Telangana,Sangareddy,691,Patancheru,4494,Chitkul (Ct),చిత్కుల్ (చ్త్),transliterated,573945,502307,,
Telangana,Nalgonda,514,Shaligouraram,4624,Chittalur,చిత్తలూర్,transliterated,576675,508210,,
Telangana,Kumuram Bheem Asifabad,699,Chintalamanepally,6314,Chittam,చిత్తం,transliterated,569402,504299,,
Telangana,Mancherial,684,Nennel,4331,Chittapur,చిత్తాపూర్,transliterated,569937,504204,,
Telangana,Nizamabad,516,Balkonda,4361,Chittapur,చిత్తపూర్,transliterated,570804,503217,,
Telangana,Jagitial,681,Mallapur,4394,Chittapur,చిత్తపూర్,transliterated,571641,505331,,
Telangana,Siddipet,692,Akberpet-Bhoompally,7524,Chittapur,చిత్తాపూర్,transliterated,572968,502108,,
Telangana,Ranga Reddy,518,Manchal,4547,Chittapur,చిత్తాపూర్,transliterated,574862,501508,,
Telangana,Nirmal,680,Kaddam Peddur,4335,Chittial,చిట్టియల్,transliterated,570067,504202,,
Telangana,Vikarabad,698,Nawabpet,4514,Chittigidda,చిట్టిగిద్ద,transliterated,574037,501111,,
Telangana,Nirmal,680,Nirmal Rural,6210,Chityal,చిట్యాల,authoritative,570348,504306,,
Telangana,Kamareddy,685,Tadwai,4389,Chityal,చిట్యాల,authoritative,571535,503110,,
Telangana,Medak,513,Medak,4456,Chityal,చిట్యాల,authoritative,572919,502109,,
Telangana,Vikarabad,698,Pargi,4540,Chityal,చిట్యాల,authoritative,574656,501501,,
Telangana,Nalgonda,514,Chityal,4633,Chityal,చిట్యాల,authoritative,576878,508114,,
Telangana,Siddipet,692,Cherial,4672,Chityal,చిట్యాల,authoritative,577606,506355,,
Telangana,Jayashankar Bhupalapally,687,Chityal,4681,Chityal,చిట్యాల,authoritative,577816,506356,,
Telangana,Mahabubabad,688,Peddavangara,6256,Chityal,చిట్యాల,authoritative,578540,506318,,
Telangana,Wanaparthy,693,Wanaparthy,4595,Chityala,చిట్యాల,authoritative,576043,509206,,
Telangana,Nalgonda,514,Adavidevulapalli,6304,Chityala,చిట్యాల,authoritative,577476,508208,,
Telangana,Karimnagar,508,Choppadandi,4424,Chityalpalle,చిత్యాల్పల్లె,transliterated,572240,505415,,
Telangana,Suryapet,696,Chivemla,4639,Chivvemla,చివ్వెంల,transliterated,576970,508214,,
Telangana,Yadadri Bhuvanagiri,697,Yadagirigutta,4616,Cholleru,చొల్లేరు,transliterated,576528,508286,,
Telangana,Nirmal,680,Kubeer,4338,Chondi,చోండి,transliterated,570148,504103,,
Telangana,Kumuram Bheem Asifabad,699,Tiryani,4333,Chopidi,చోపిడి,transliterated,569981,504294,,
Telangana,Khammam,509,Bonakal,4765,Choppa Katlapalem,చొప్ప కట్లపాలెం,transliterated,579835,507204,,
Telangana,Karimnagar,508,Choppadandi,4424,Choppadandi,చొప్పదండి,authoritative,572243,505415,,
Telangana,Adilabad,501,Narnoor,4312,Chorgaon,చోర్గాన్,transliterated,569233,504311,,
Telangana,Kumuram Bheem Asifabad,699,Lingapur,6311,Chorpalle,చొర్పల్లె,transliterated,569759,504313,,
Telangana,Nalgonda,514,Narketpally,4634,Choudampalle,చౌదంపల్లె,transliterated,576892,508114,,
Telangana,Ranga Reddy,518,Thalakondapally,4562,Chouderpally,చౌడెర్పల్లి,transliterated,909573,509357,,
Telangana,Nagarkurnool,694,Vangoor,4577,Chouderpally,చౌడెర్పల్లి,transliterated,909627,509349,,
Telangana,Yadadri Bhuvanagiri,697,Bommalaramaram,4613,Chouderpally,చౌడెర్పల్లి,transliterated,909948,508117,,
Telangana,Hanumakonda,686,Athmakur,4694,Choudla Palle,చౌద్ల పల్లె,transliterated,578137,506342,,
Telangana,Yadadri Bhuvanagiri,697,Adda Guduru,6310,Choula Ramaram,చౌలా రామారామ్,transliterated,576686,508277,,
Telangana,Kumuram Bheem Asifabad,699,Wankidi,4314,Choupanguda,చౌపంగూడ,transliterated,569319,504295,,
Telangana,Siddipet,692,Akkannapet,6285,Choutapalle,చౌతపల్లె,transliterated,572626,505466,,
Telangana,Sangareddy,691,Chowtakur,7188,Choutkur,చౌట్కూర్,transliterated,573482,502273,,
Telangana,Hanumakonda,686,Nadikuda,6547,Choutparthi,చౌత్పర్థి,transliterated,577759,506391,,
Telangana,Nizamabad,516,Kammarpally,4363,Choutupalle,చౌటుపల్లె,transliterated,570830,503308,,
Telangana,Yadadri Bhuvanagiri,697,Choutuppal,4631,Choutuppal (Ct),చౌటుప్పల్ (సీటీ),transliterated,576841,508252,,
Telangana,Vikarabad,698,Chowdapur,7186,Chowdapur,చౌడాపూర్,transliterated,574614,509340,,
Telangana,Siddipet,692,Chinnakodur,4460,Chowdaram,చొవ్దరమ్,transliterated,573005,502310,,
Telangana,Jangoan,689,Jangoan,4699,Chowdaram,చౌదరం,transliterated,578240,506175,,
Telangana,Khammam,509,Penuballi,4752,Chowdaram,చౌదరం,transliterated,579581,507302,,
Telangana,Siddipet,692,Akberpet-Bhoompally,7524,Chowdarpalle,చౌదర్పల్లె,transliterated,572969,502108,,
Telangana,Vikarabad,698,Bomaraspeta,4550,Chowdarpalle,చౌదర్పల్లె,transliterated,574937,509350,,
Telangana,Mahabubnagar,512,Devarakadra,4573,Chowdarpalle,చౌదర్పల్లె,transliterated,575524,509204,,
Telangana,Jangoan,689,Jangoan,4699,Chowdarpalle,చొవ్దర్పల్లె,transliterated,578233,506167,,
Telangana,Ranga Reddy,518,Shamshabad,4543,Chowderguda,చౌడర్గూడ,transliterated,574730,501218,,
Telangana,Medak,513,Regode,4471,Chowderpalle,చౌడర్పల్లె,transliterated,573243,502290,,
Telangana,Ranga Reddy,518,Yacharam,4548,Chowderpalle,చౌడర్పల్లె,transliterated,574884,501509,,
Telangana,Nagarkurnool,694,Veldanda,4565,Chowderpally,చౌడర్పల్లి,transliterated,909585,509360,,
Telangana,Jangoan,689,Devaruppula,4701,Chowdur,చౌడూరు,authoritative,578261,506302,,
Telangana,Sangareddy,691,Kangti,4450,Chowkanpalle,చౌకన్పల్లె,transliterated,572700,502286,,
Telangana,Jagitial,681,Metpalli,4417,Chowlamaddi,చౌలమద్ది,transliterated,572128,505325,,
Telangana,Ranga Reddy,518,Farooqnagar,4559,Chowlapalle (West),చౌలపల్లె (వెస్ట్),transliterated,575194,509410,,
Telangana,Ranga Reddy,518,Keshampet,4561,Chowlapalle(East),చౌలపల్లె(ఈస్ట్),transliterated,575241,509408,,
Telangana,Khammam,509,Kusumanchi,4755,Chowtapally,చౌటపల్లి,transliterated,579632,507161,,
Telangana,Mahabubnagar,512,Mahabubnagar Urban,4568,Christianpally,చ్రిస్తిఅంపల్లి,transliterated,909598,509002,,
Telangana,Ranga Reddy,518,Kondurg,4558,Chukkammet,చుక్కమ్మెట్,transliterated,575144,509207,,
Telangana,Kamareddy,685,Machareddy,4380,Chukkapur,చుక్కాపూర్,transliterated,571297,503112,,
Telangana,Ranga Reddy,518,Thalakondapally,4562,Chukkapur,చుక్కాపూర్,transliterated,575262,509321,,
Telangana,Siddipet,692,Cherial,4672,Chunchankota,చుంచంకోట,transliterated,577624,506223,,
Telangana,Mulugu,720,Mangapet,4686,Chunchupalle,చుంచుపల్లె,transliterated,577933,506172,,
Telangana,Bhadradri Kothagudem,690,Chunchupalli,6376,Chunchupalli,చుంచుపల్లి,transliterated,909965,507118,,
Telangana,Suryapet,696,Suryapet,4638,Circlepet,సర్కిల్పేట్,transliterated,576959,508214,,
Telangana,Jogulamba Gadwal,695,Undavelly,6299,D Burdipadu,డ్ బుర్దిపాడు,transliterated,955995,509153,,
Telangana,Jogulamba Gadwal,695,Maldakal,4604,D.Amaravai,డి. అమరవాయి,authoritative,576246,509132,,
Telangana,Jogulamba Gadwal,695,Manopad,4611,D.Burdipadu,డ్.బుర్దిపాడు,transliterated,576424,509128,,
Telangana,Kumuram Bheem Asifabad,699,Chintalamanepally,6314,Dabba,డబ్బా,transliterated,569364,504299,,
Telangana,Jagitial,681,Ibrahimpatnam,4393,Dabba,దబ్బ,transliterated,571616,505450,,
Telangana,Adilabad,501,Bheempur,6223,Dabbakuchi,డబ్బకూచి,transliterated,568958,504312,,
Telangana,Bhadradri Kothagudem,690,Dummugudem,4729,Dabbanuthula,దబ్బనుథుల,transliterated,578969,507137,,
Telangana,Ranga Reddy,518,Maheshwaram,4544,Dabilguda,డబిల్గూడ,transliterated,574768,509325,,
Telangana,Kumuram Bheem Asifabad,699,Jainoor,4320,Daboli,దబొలి,transliterated,569547,504313,,
Telangana,Khammam,509,Wyra,4764,Dachapuram,దాచపురం,authoritative,579827,507165,,
Telangana,Rajanna Sircilla,683,Illanthakunta,4436,Dacharam,దాచారం,authoritative,572483,505405,,
Telangana,Siddipet,692,Gajwel,4483,Dacharam,దాచారం,authoritative,573623,502278,,
Telangana,Sangareddy,691,Gummadidala,6277,Dacharam,దాచారం,authoritative,573903,502313,,
Telangana,Yadadri Bhuvanagiri,697,Adda Guduru,6310,Dacharam,దాచారం,authoritative,576697,508277,,
Telangana,Nalgonda,514,Madugulapally,6305,Dacharam,దాచారం,authoritative,577078,508234,,
Telangana,Khammam,509,Sathupalli,4751,Dacharam,దాచారం,authoritative,579563,507303,,
Telangana,Medak,513,Tekmal,4469,Dadaipalle,దాడైపల్లె,transliterated,573215,502302,,
Telangana,Adilabad,501,Bhoraj,7529,Dadapoor,దాదాపూర్,transliterated,569039,504309,,
Telangana,Vikarabad,698,Doma,4537,Dadapur,దాదాపూర్,transliterated,574558,509339,,
Telangana,Ranga Reddy,518,Manchal,4547,Dadpalle,దడ్పల్లె,transliterated,574871,501508,,
Telangana,Kumuram Bheem Asifabad,699,Asifabad,4319,Dadpapur,దద్పపూర్,transliterated,569498,504293,,
Telangana,Wanaparthy,693,Chinnambavi,6287,Dagada,దగడ,transliterated,576331,509104,,
Telangana,Wanaparthy,693,Chinnambavi,6287,Dagadapalle,దగడపల్లె,transliterated,576332,509104,,
Telangana,Kumuram Bheem Asifabad,699,Dahegoan,4329,Dahegaon,దహెగాంవ్,transliterated,569862,504273,,
Telangana,Ranga Reddy,518,Abdullapurmet,6319,Daira,దైరా,transliterated,574183,501512,,
Telangana,Hyderabad,507,Himayatnagar,4503,Daira,దైర,transliterated,927779,500020,,
Telangana,Sangareddy,691,Andole,4479,Dakoor,డకూర్,transliterated,573516,502270,,
Telangana,Narayanpet,721,Maddur,4554,Damaganpuram,దమగన్పురం,transliterated,575029,509411,,
Telangana,Mahabubnagar,512,Chinnachintakunta,4587,Damagnapur,దమగ్నపూర్,transliterated,575820,509409,,
Telangana,Medak,513,Ramayampet,4457,Damaracheru,దామరచేరు,transliterated,572934,502101,,
Telangana,Narayanpet,721,Damargidda,4553,Damaragidda,దామరగిద్ద,authoritative,575016,509407,,
Telangana,Sangareddy,691,Kangti,4450,Damaragiddi [Panchamahal],దామరాగిద్ది [పంచమహల్],transliterated,572720,502286,,
Telangana,Jagitial,681,Mallapur,4394,Damarajapalli,దామరాజపల్లి,transliterated,571625,505331,,
Telangana,Siddipet,692,Markook,6282,Damarakunta,దామరకుంట,authoritative,573721,502281,,
Telangana,Medak,513,Yeldurthy,4481,Damarancha,దమరంచ,transliterated,573560,502117,,
Telangana,Bhadradri Kothagudem,690,Gundala,4741,Damarathogu,డమరతోగు,transliterated,579406,507123,,
Telangana,Mahabubabad,688,Gudur,4711,Damaravancha,దామరవంచ,transliterated,578473,506134,,
Telangana,Vikarabad,698,Marpalle,4512,Damasthapur,దమస్థాపూర్,transliterated,573989,501202,,
Telangana,Nalgonda,514,Nampally,4654,Damera,దామెర,authoritative,577263,508245,,
Telangana,Hanumakonda,686,Damera,6375,Damera,దామెర,authoritative,578132,505476,,
Telangana,Nalgonda,514,Marriguda,4649,Damera Bheeman Palle,దమేరా భీమన్ పల్లె,transliterated,577163,508245,,
Telangana,Jayashankar Bhupalapally,687,Kataram,4402,Damerakunta,దామెరకుంట,transliterated,571818,505503,,
Telangana,Vikarabad,698,Basheerabad,4535,Damerched,డామెర్చ్డ్,transliterated,574486,501143,,
Telangana,Ranga Reddy,518,Chevella,4529,Damergidda,దామెర్గిద్ద,transliterated,574297,501503,,
Telangana,Ranga Reddy,518,Shabad,4542,Damerlapalle,దామెర్లపల్లె,transliterated,574706,509410,,
Telangana,Mulugu,720,Tadvai,4687,Damervai,దామెర్వై,transliterated,577993,506344,,
Telangana,Medchal Malkajgiri,700,Alwal,6328,Dammaiguda,దమ్మాయిగూడ,authoritative,931493,500083,,
Telangana,Mulugu,720,Govindaraopet,4688,Dammakkapalle,దమ్మక్కపల్లె,transliterated,578024,506344,,
Telangana,Nizamabad,516,Kammarpally,4363,Dammannapet,దమ్మన్నపేట,transliterated,570826,503307,,
Telangana,Nizamabad,516,Dharpally,4378,Dammannapet,దమ్మన్నపేట,transliterated,571243,503165,,
Telangana,Rajanna Sircilla,683,Gambhiraopet,4433,Dammannapet,దమ్మన్నపెత్,transliterated,572415,505304,,
Telangana,Jayashankar Bhupalapally,687,Regonda,4690,Dammannapet,దమ్మన్నపేట,transliterated,578065,506348,,
Telangana,Warangal,522,Wardhannapet,4704,Dammannapet,దమ్మన్నపేట,transliterated,578315,506316,,
Telangana,Jagitial,681,Medipalli,4415,Dammannapeta,దమ్మన్నపేట,transliterated,572100,505453,,
Telangana,Nizamabad,516,Kammarpally,4363,Dammanpet (Ameernagar),దమ్మన్పేట (అమీర్నగర్),transliterated,570834,503307,,
Telangana,Bhadradri Kothagudem,690,Dammapeta,4750,Dammapeta,దమ్మపేట,transliterated,579547,507306,,
Telangana,Jayashankar Bhupalapally,687,Palimela,6250,Dammur,దమ్మూర్,transliterated,571891,505504,,
Telangana,Mancherial,684,Bheemaram,6228,Dampur,దంపూర్,transliterated,570621,504204,,
Telangana,Nizamabad,516,Dharpally,4378,Danambanda(T),దానంబంద(ట్),transliterated,909501,503165,,
Telangana,Medak,513,Shankarampet (A),4454,Danampalle,దనంపల్లె,transliterated,572850,502271,,
Telangana,Sangareddy,691,Andole,4479,Danampalle,దానంపల్లె,transliterated,573508,502270,,
Telangana,Siddipet,692,Cherial,4672,Danampalle,దానంపల్లె,transliterated,577607,506355,,
Telangana,Kumuram Bheem Asifabad,699,Asifabad,4319,Danapur,దానాపూర్,transliterated,569482,504293,,
Telangana,Khammam,509,Khammam (Rural),4756,Danavaigudem,దానవాయిగూడెం,transliterated,579663,507003,,
Telangana,Hanumakonda,686,Elkathurthy,4449,Dandepalli,దండేపల్లి,transliterated,572695,505476,,
Telangana,Ranga Reddy,518,Ibrahimpatnam,4546,Dandumailaram,దందుమైలరమ్,transliterated,574836,501508,,
Telangana,Bhadradri Kothagudem,690,Cherla,4726,Dandupeta (G),దండుపేట (గ్),transliterated,578862,507133,,
Telangana,Bhadradri Kothagudem,690,Cherla,4726,Dandupeta (Z),దండుపేట (జ్),transliterated,578863,507133,,
Telangana,Wanaparthy,693,Madanapur,6289,Dantanoor,దంతనూర్,transliterated,575994,509110,,
Telangana,Kumuram Bheem Asifabad,699,Tiryani,4333,Dantanpalle,దంతన్పల్లె,transliterated,569971,504294,,
Telangana,Narayanpet,721,Utkoor,4571,Dantanpalle,దంతంపల్లె,transliterated,575478,509311,,
Telangana,Bhadradri Kothagudem,690,Palvoncha,4737,Dantelaboru,దంతెలబోరు,transliterated,579370,507115,,
Telangana,Mahabubabad,688,Danthalapalle,6255,Danthalapalle,దంతలపల్లె,transliterated,578608,506324,,
Telangana,Adilabad,501,Utnoor,4321,Danthanpalle,దంతన్పల్లె,transliterated,569590,504311,,
Telangana,Nirmal,680,Mamada,4346,Danthapalle,దంతపల్లె,transliterated,570410,504310,,
Telangana,Bhadradri Kothagudem,690,Dummugudem,4729,Danthenam,దంతేనం,transliterated,578990,507137,,
Telangana,Yadadri Bhuvanagiri,697,B Pochampally,4630,Danthur,దంతూర్,transliterated,576815,508284,,
Telangana,Sangareddy,691,Manoor,4451,Danvar,దన్వర్,transliterated,572773,502269,,
Telangana,Adilabad,501,Neradigonda,4325,Darba,దర్బా,transliterated,569729,504323,,
Telangana,Jangoan,689,Palakurthy,4697,Dardepalle,దర్దేపల్లె,transliterated,578195,506316,,
Telangana,Khammam,509,Raghunadhapalem,4757,Daredu,దారేడు,transliterated,579653,507003,,
Telangana,Vikarabad,698,Marpalle,4512,Dargulpalle,దర్గుల్పల్లె,transliterated,573979,501202,,
Telangana,Nirmal,680,Kubeer,4338,Darkubeer,దర్కుబీర్,transliterated,570144,504103,,
Telangana,Mahabubnagar,512,Nawabpet,4556,Darpalle,దర్పల్లె,transliterated,575081,509340,,
Telangana,Nirmal,680,Narsapur G,6208,Daryapur,దర్యపూర్,transliterated,570310,504306,,
Telangana,Vikarabad,698,Kotepally,6312,Daryapur,దర్యాపూర్,transliterated,574419,501106,,
Telangana,Suryapet,696,Suryapet,4638,Dasai Gudem,దసాయి గుడెం,transliterated,909773,508214,,
Telangana,Nalgonda,514,Neredugommu,6308,Dasarla Palle,దసర్ల పల్లె,transliterated,577225,508248,,
Telangana,Siddipet,692,Mulug,4486,Dasarlapalle,దాసర్లపల్లె,transliterated,573700,502336,,
Telangana,Ranga Reddy,518,Kandukur,4545,Dasarlapalle,దసర్లపల్లె,transliterated,574819,500113,,
Telangana,Nagarkurnool,694,Uppununthala,4580,Dasarlapalle,దాసర్లపల్లె,transliterated,575655,509385,,
Telangana,Medak,513,Chilpched,6274,Dasguda,దాస్గుడ,transliterated,573536,502314,,
Telangana,Adilabad,501,Inderavelly,4311,Dasnapur,దస్నాపూర్,transliterated,569188,504346,,
Telangana,Mancherial,684,Vemanpally,4330,Dasnapur,దస్నాపూర్,transliterated,569897,504214,,
Telangana,Adilabad,501,Mavala,6222,Dasnapur,దస్నాపూర్,transliterated,909458,504002,,
Telangana,Adilabad,501,Mavala,6222,Dasnapur (Ct),దస్నాపూర్ (సీటీ),transliterated,569017,504002,,
Telangana,Nagarkurnool,694,Telkapally,4581,Daspally,దాస్పల్లి,transliterated,909641,509385,,
Telangana,Nirmal,680,Dasturabad,6207,Dasturabad,దస్తూరాబాద్,transliterated,570053,504202,,
Telangana,Adilabad,501,Bela,4308,Datalpur,దాతల్పూర్,transliterated,569083,504309,,
Telangana,Siddipet,692,Gajwel,4483,Datarpalle,దాతార్పల్లె,transliterated,573638,502312,,
Telangana,Vikarabad,698,Nawabpet,4514,Dathapur,దాతాపూర్,transliterated,574034,501111,,
Telangana,Yadadri Bhuvanagiri,697,Yadagirigutta,4616,Datharpally,దాతర్పల్లి,transliterated,576523,508115,,
Telangana,Karimnagar,508,Ramadugu,4423,Dathojipet,దథొజిపెత్,transliterated,572225,505531,,
Telangana,Mahabubabad,688,Danthalapalle,6255,Datla,దట్ల,transliterated,578613,506324,,
Telangana,Jagitial,681,Gollapalli,4412,Datnur,దత్నూర్,transliterated,572039,505532,,
Telangana,Yadadri Bhuvanagiri,697,Thurkapally,4614,Dattai Pally,దత్తై పల్లీ,transliterated,576483,508115,,
Telangana,Ranga Reddy,518,Keshampet,4561,Dattaipalle,దత్తాయిపల్లె,transliterated,575236,509216,,
Telangana,Yadadri Bhuvanagiri,697,Mothkur,4625,Dattappaguda,దత్తప్పగూడ,transliterated,576694,508277,,
Telangana,Nizamabad,516,Donkeshwar,7530,Dattapur,దత్తాపూర్,transliterated,570741,503212,,
Telangana,Wanaparthy,693,Pangal,4601,Davajipalle,దావాజీపల్లె,transliterated,576169,509120,,
Telangana,Kamareddy,685,Yellareddy,4386,Daval Malkapalle,దవల్ మల్కపల్లె,transliterated,571464,503122,,
Telangana,Sangareddy,691,Manoor,4451,Davvur,దవ్వూర్,transliterated,572756,502286,,
Telangana,Ranga Reddy,518,Saroornagar,4526,Dawoodkhanguda (Og),దావూద్ఖాంగూడ (ఒగ్),transliterated,574219,500112,,
Telangana,Ranga Reddy,518,Chevella,4529,Dearlapalle,దెఅర్లపల్లె,transliterated,574289,501503,,
Telangana,Ranga Reddy,518,Kandukur,4545,Debbadaguda,దెబ్బడగూడ,transliterated,574821,500113,,
Telangana,Nagarkurnool,694,Peddakothapally,4599,Dedinenipalle,దేదినేనిపల్లె,transliterated,576128,509401,,
Telangana,Nizamabad,516,Makloor,4367,Deekampally,డీకంపల్లి,transliterated,909473,503213,,
Telangana,Jayashankar Bhupalapally,687,Bhupalpally,4682,Deekshakunta,దీక్షకుంట,transliterated,577837,506169,,
Telangana,Warangal,522,Nekkonda,4713,Deekshakunta,దీక్షకుంట,transliterated,578496,506122,,
Telangana,Adilabad,501,Jainath,4307,Deepaiguda,దీపైగూడ,transliterated,569049,504309,,
Telangana,Siddipet,692,Doultabad,4465,Deepayampalle,దీపయంపల్లె,transliterated,573108,502247,,
Telangana,Nizamabad,516,Aloor,7528,Degaon,దెగాన్,transliterated,570761,503223,,
Telangana,Sangareddy,691,Kangti,4450,Degulawadi,దెగులవాడి,transliterated,572699,502286,,
Telangana,Adilabad,501,Bela,4308,Dehegaon,దేహెగాన్,transliterated,569084,504309,,
Telangana,Adilabad,501,Talamadugu,4309,Dehegaon,దేహెగాన్,transliterated,569134,504312,,
Telangana,Adilabad,501,Bazarhatnoor,4323,Dehgaon,దేహగాన్,transliterated,569655,504304,,
Telangana,Adilabad,501,Boath,4324,Demmi,డెమ్మి,transliterated,569693,504304,,
Telangana,Kumuram Bheem Asifabad,699,Asifabad,4319,Demmidiguda,దెమ్మిదిగూడ,transliterated,569516,504293,,
Telangana,Khammam,509,Madhira,4766,Dendukuru,దెందుకూరు,authoritative,579860,507203,,
Telangana,Mahabubnagar,512,Nawabpet,4556,Depalle,దెపల్లె,transliterated,575075,509202,,
Telangana,Adilabad,501,Boath,4324,Dera,డెరా,transliterated,569675,504304,,
Telangana,Nalgonda,514,Kanagal,4656,Derveshpur @ Dharvespur,దర్వేష్పూర్ @ ధర్వేస్పూర్,transliterated,577313,508004,,
Telangana,Narayanpet,721,Damargidda,4553,Desaipalle,దెసైపల్లె,transliterated,575008,509336,,
Telangana,Kamareddy,685,Banswada,4383,Desaipet,దేశాయిపేట,transliterated,571369,503187,,
Telangana,Rajanna Sircilla,683,Gambhiraopet,4433,Desaipet,దేశాయిపేట,transliterated,572424,505304,,
Telangana,Warangal,522,Warangal,4706,Desaipet,దేశాయిపేట,transliterated,956031,506006,,
Telangana,Mulugu,720,Venkatapuram,4724,Desarajupalle (G),దేశరాజుపల్లె (గ్),transliterated,578748,507136,,
Telangana,Mulugu,720,Venkatapuram,4724,Desarajupalle (Z),దెసరజుపల్లె (జ్),transliterated,578751,507136,,
Telangana,Karimnagar,508,Ramadugu,4423,Deshrajpalle,దేశ్రాజపల్లె,transliterated,572236,505451,,
Telangana,Jogulamba Gadwal,695,Ieeja,4606,Devabanda,దేవబండ,authoritative,576285,509127,,
Telangana,Mulugu,720,Kannaigudem,6251,Devadhumula,దెవధుముల,transliterated,577869,506165,,
Telangana,Kumuram Bheem Asifabad,699,Sirpur U,4326,Devadpalle,దేవడ్పల్లె,transliterated,569755,504313,,
Telangana,Kamareddy,685,Tadwai,4389,Devai Palle,దేవై పల్లె,transliterated,571528,503111,,
Telangana,Kumuram Bheem Asifabad,699,Tiryani,4333,Devaiguda,దేవైగూడ,transliterated,569977,504294,,
Telangana,Nizamabad,516,Bheemgal,4364,Devakkapet,దెవక్కపెత్,transliterated,570866,503307,,
Telangana,Yadadri Bhuvanagiri,697,Choutuppal,4631,Devalamma Nagaram,దేవాలమ్మ నగరం,transliterated,576829,508252,,
Telangana,Sangareddy,691,Hathnoora,4489,Devalpalle,దేవాల్పల్లె,transliterated,573796,502296,,
Telangana,Nagarkurnool,694,Peddakothapally,4599,Devalthirumalpur,దేవల్తిరుమాల్పూర్,transliterated,576120,509412,,
Telangana,Karimnagar,508,Manakondur,4427,Devampalle,దేవంపల్లె,transliterated,572290,505505,,
Telangana,Nizamabad,516,Bheemgal,4364,Devan Palle,దెవన్ పల్లె,transliterated,570861,503307,,
Telangana,Vikarabad,698,Yelal,4536,Devanoor,దేవనూర్,transliterated,574536,501144,,
Telangana,Kamareddy,685,Yellareddy,4386,Devanpalle,దేవన్పల్లె,transliterated,571460,503122,,
Telangana,Kamareddy,685,Kamareddy,4390,Devanpalle,దేవన్పల్లె,transliterated,571553,503111,,
Telangana,Jagitial,681,Raikal,4395,Devanpalle,దేవన్పల్లె,transliterated,571645,505460,,
Telangana,Kamareddy,685,Palwancha,7519,Devanpally,దేవన్పల్లి,transliterated,909506,503112,,
Telangana,Adilabad,501,Talamadugu,4309,Devapur,దేవాపూర్,transliterated,569140,504308,,
Telangana,Adilabad,501,Inderavelly,4311,Devapur,దేవాపూర్,transliterated,569170,504346,,
Telangana,Kumuram Bheem Asifabad,699,Kerameri,4313,Devapur,దెవపూర్,transliterated,569275,504293,,
Telangana,Jayashankar Bhupalapally,687,Kataram,4402,Devarampalle,దెవరంపల్లె,transliterated,571830,505503,,
Telangana,Sangareddy,691,Jharasangam,4476,Devarampalle,దెవరంపల్లె,transliterated,573425,502246,,
Telangana,Ranga Reddy,518,Chevella,4529,Devarampalle,దేవరాంపల్లె,transliterated,574304,501503,,
Telangana,Suryapet,696,Nagaram,6298,Devaraneni Kotha Palle,దేవరనేని కోత పల్లె,transliterated,576646,508279,,
Telangana,Wanaparthy,693,Atmakur,4592,Devarapalle,దేవరపల్లి,authoritative,575982,509131,,
Telangana,Bhadradri Kothagudem,690,Cherla,4726,Devarapalli,దేవరపల్లి,authoritative,578908,507140,,
Telangana,Vikarabad,698,Doulathabad,4552,Devarfaslawad,దేవర్ఫాస్లవాడ్,transliterated,574990,509336,,
Telangana,Mahabubnagar,512,Devarakadra,4573,Devarkadra,దేవరకద్ర,authoritative,575523,509204,,
Telangana,Jangoan,689,Devaruppula,4701,Devaruppula,దేవరుప్పుల,authoritative,578266,506302,,
Telangana,Medchal Malkajgiri,700,Shamirpet,4520,Devaryamjal,దేవర్యంజల్,transliterated,574125,500078,,
Telangana,Ranga Reddy,518,Shamshabad,4543,Devatabowli,దేవతాబౌలి,transliterated,574740,509325,,
Telangana,Nirmal,680,Mamada,4346,Devathapur,దెవథపూర్,transliterated,570425,504310,,
Telangana,Mahabubabad,688,Kothaguda,4710,Devavaram,దేవవరం,authoritative,578389,506132,,
Telangana,Nalgonda,514,Nampally,4654,Deveth Palle,దెవెథ్ పల్లె,transliterated,577286,508243,,
Telangana,Kumuram Bheem Asifabad,699,Wankidi,4314,Devudpally (Ui),దెవుద్పల్లి (ఉఇ),transliterated,569312,504295,,
Telangana,Ranga Reddy,518,Chevella,4529,Devuni Erravelly,దేవుని ఎర్రవెల్లి,transliterated,574295,501503,,
Telangana,Sangareddy,691,Hathnoora,4489,Devunigutta,దెవునిగుత్త,transliterated,916326,502314,,
Telangana,Kamareddy,685,Machareddy,4380,Devunipalle,దేవునిపల్లె,transliterated,571293,503112,,
Telangana,Ranga Reddy,518,Farooqnagar,4559,Devunipally,దేవునిపల్లి,transliterated,909565,509410,,
Telangana,Adilabad,501,Ichoda,4322,Dhaba (Buzurg),ధాబా (బుజుర్గ్),transliterated,569608,504307,,
Telangana,Adilabad,501,Gadiguda,6225,Dhaba (K),ధాబా (క్),transliterated,569220,504311,,
Telangana,Adilabad,501,Ichoda,4322,Dhaba Khurd,ధాబా ఖుర్ద్,transliterated,569616,504307,,
Telangana,Adilabad,501,Bazarhatnoor,4323,Dhabadi,ధబడి,transliterated,569642,504304,,
Telangana,Mahabubabad,688,Kesamudram,4717,Dhadnnasari,ధద్న్నసరి,transliterated,578578,506112,,
Telangana,Nirmal,680,Tanoor,4340,Dhagaon,ధాగాన్,transliterated,570222,504102,,
Telangana,Kamareddy,685,Sadashivanagar,4381,Dhaggi,దగ్గి,transliterated,571305,503145,,
Telangana,Nalgonda,514,Dameracherla,4663,Dhamarcherla,ధమర్చెర్ల,transliterated,577484,508355,,
Telangana,Adilabad,501,Gudihatnoor,4310,Dhampur,ధాంపూర్,transliterated,569156,504308,,
Telangana,Khammam,509,Raghunadhapalem,4757,Dhamsalapuram,ధంసలాపురం,authoritative,579681,507003,,
Telangana,Sangareddy,691,Mogudampally,6278,Dhanasiri,ధనసిరి,transliterated,573355,502221,,
Telangana,Nirmal,680,Sarangapur,4336,Dhani,ధని,transliterated,570094,504110,,
Telangana,Vikarabad,698,Vikarabad,4530,Dhannaram,ధన్నారామ్,transliterated,574331,501101,,
Telangana,Ranga Reddy,518,Kandukur,4545,Dhannaram,ధన్నరమ్,transliterated,574798,500113,,
Telangana,Kamareddy,685,Madnoor,4372,Dhannoor,ధన్నూర్,transliterated,571082,503309,,
Telangana,Adilabad,501,Boath,4324,Dhannur (Buzurg),ధన్నూర్ (బుజుర్గ్),transliterated,569697,504304,,
Telangana,Adilabad,501,Inderavelly,4311,Dhannura (B),ధన్నురా (బ్),transliterated,569179,504346,,
Telangana,Adilabad,501,Inderavelly,4311,Dhannura (K),ధన్నురా (క్),transliterated,569180,504346,,
Telangana,Kumuram Bheem Asifabad,699,Kerameri,4313,Dhanora,ధనోరా,transliterated,569288,504293,,
Telangana,Kumuram Bheem Asifabad,699,Sirpur U,4326,Dhanora,ధనోరా,transliterated,569768,504313,,
Telangana,Medak,513,Ramayampet,4457,Dhanthapally,ధంథపల్లి,transliterated,916330,502115,,
Telangana,Jayashankar Bhupalapally,687,Kataram,4402,Dhanwada,ధన్వాడ,authoritative,571831,505503,,
Telangana,Jangoan,689,Devaruppula,4701,Dharamapur,ధర్మాపూర్,transliterated,578264,506302,,
Telangana,Adilabad,501,Bazarhatnoor,4323,Dharampuri,ధర్మపురి,transliterated,569653,504307,,
Telangana,Nagarkurnool,694,Lingal,4598,Dhararam,ధరారామ్,transliterated,909663,509401,,
Telangana,Nirmal,680,Kaddam Peddur,4335,Dharmaipet,ధర్మాయిపేట,transliterated,570057,504202,,
Telangana,Jagitial,681,Raikal,4395,Dharmajipet,ధర్మజిపెత్,transliterated,571652,505460,,
Telangana,Siddipet,692,Dubbak,4458,Dharmajipet,ధర్మాజీపేట,transliterated,572970,502108,,
Telangana,Vikarabad,698,Dharur,4531,Dharmapur,ధర్మాపూర్,transliterated,574343,501121,,
Telangana,Mahabubnagar,512,Mahabubnagar Rural,6258,Dharmapur,ధర్మపూర్,transliterated,575400,509002,,
Telangana,Nagarkurnool,694,Bijinapally,4584,Dharmapur,ధర్మాపూర్,transliterated,575764,509203,,
Telangana,Wanaparthy,693,Amarchintha,6290,Dharmapur,ధర్మాపూర్,transliterated,575866,509130,,
Telangana,Hanumakonda,686,Dharmasagar,4677,Dharmapur,ధర్మాపూర్,transliterated,577727,506144,,
Telangana,Suryapet,696,Penpahad,4643,Dharmapuram,ధర్మాపురం,authoritative,577026,508214,,
Telangana,Bhadradri Kothagudem,690,Dummugudem,4729,Dharmapuram,ధర్మాపురం,authoritative,578977,507137,,
Telangana,Mahabubabad,688,Bayyaram,4742,Dharmapuram,ధర్మాపురం,authoritative,579440,507211,,
Telangana,Adilabad,501,Ichoda,4322,Dharmapuri,ధర్మపురి,authoritative,569620,504307,,
Telangana,Jagitial,681,Dharmapuri,4397,Dharmapuri,ధర్మపురి,authoritative,571698,505425,,
Telangana,Nirmal,680,Lokeswaram,4342,Dharmara,ధర్మారా,transliterated,570298,504104,,
Telangana,Medak,513,Manoharabad,6273,Dharmarajpally,ధర్మరజ్పల్లి,transliterated,573606,502336,,
Telangana,Karimnagar,508,Huzurabad,4446,Dharmaraju Palle,ధర్మరాజు పల్లె,transliterated,572654,505101,,
Telangana,Kumuram Bheem Asifabad,699,Rebbena,4327,Dharmaram,ధర్మారం,authoritative,569792,504292,,
Telangana,Nirmal,680,Laxmanchanda,4345,Dharmaram,ధర్మారం,authoritative,570386,504105,,
Telangana,Nizamabad,516,Navipet,4358,Dharmaram,ధర్మారం,authoritative,570726,503245,,
Telangana,Nizamabad,516,Nizamabad Rural,6233,Dharmaram,ధర్మారం,authoritative,570940,503230,,
Telangana,Kamareddy,685,Pitlam,4384,Dharmaram,ధర్మారం,authoritative,571399,503310,,
Telangana,Jagitial,681,Korutla,4416,Dharmaram,ధర్మారం,authoritative,571642,505331,,
Telangana,Jagitial,681,Jagitial Rural,6211,Dharmaram,ధర్మారం,authoritative,572092,505455,,
Telangana,Rajanna Sircilla,683,Konaraopet,4431,Dharmaram,ధర్మారం,authoritative,572386,505301,,
Telangana,Karimnagar,508,Shankarapatnam,4441,Dharmaram,ధర్మారం,authoritative,572567,505470,,
Telangana,Siddipet,692,Mirdoddi,4464,Dharmaram,ధర్మారం,authoritative,573087,502108,,
Telangana,Medak,513,Yeldurthy,4481,Dharmaram,ధర్మారం,authoritative,573566,502109,,
Telangana,Medchal Malkajgiri,700,Keesara,4522,Dharmaram,ధర్మారం,authoritative,574138,501301,,
Telangana,Yadadri Bhuvanagiri,697,Thurkapally,4614,Dharmaram,ధర్మారం,authoritative,576490,508117,,
Telangana,Yadadri Bhuvanagiri,697,Adda Guduru,6310,Dharmaram,ధర్మారం,authoritative,576701,508277,,
Telangana,Siddipet,692,Maddur,4673,Dharmaram,ధర్మారం,authoritative,577642,506367,,
Telangana,Hanumakonda,686,Nadikuda,6547,Dharmaram,ధర్మారం,authoritative,577762,506391,,
Telangana,Mahabubabad,688,Maripeda,4720,Dharmaram,ధర్మారం,authoritative,578642,506315,,
Telangana,Nizamabad,516,Yedapally,4369,Dharmaram,ధర్మారం,authoritative,909482,503202,,
Telangana,Warangal,522,Geesugonda,4707,Dharmaram (Og),ధర్మారామ్ (ఒగ్),transliterated,578355,506330,,
Telangana,Karimnagar,508,Jammikunta,4440,Dharmaram (P.B) (Ct),ధర్మారామ్ (ప్.బ్) (సీటీ),transliterated,572560,505122,,
Telangana,Nizamabad,516,Dichpally,4377,Dharmaram B,ధర్మరమ్ బ్,transliterated,909495,503230,,
Telangana,Mancherial,684,Kasipet,4349,Dharmaraopet,ధర్మరఒపెత్,transliterated,570494,504231,,
Telangana,Kamareddy,685,Sadashivanagar,4381,Dharmaraopet,ధర్మారావుపేట,transliterated,571319,503145,,
Telangana,Jayashankar Bhupalapally,687,Ghanpur (Mulug),4683,Dharmaraopet,ధర్మరఒపెత్,transliterated,577843,506345,,
Telangana,Warangal,522,Khanapur,4709,Dharmaraopet,ధర్మారావుపేట,transliterated,578380,506132,,
Telangana,Kamareddy,685,Nagireddypet,4387,Dharmareddy,ధర్మారెడ్డి,transliterated,571481,503108,,
Telangana,Adilabad,501,Inderavelly,4311,Dharmasagar,ధర్మసాగర్,authoritative,569191,504307,,
Telangana,Jayashankar Bhupalapally,687,Kataram,4402,Dharmasagar,ధర్మసాగర్,authoritative,571826,505503,,
Telangana,Medak,513,Kowdipally,4480,Dharmasagar,ధర్మసాగర్,authoritative,573533,502316,,
Telangana,Jogulamba Gadwal,695,Yerravalli,7517,Dharmavaram,ధర్మవరం,authoritative,576318,509128,,
Telangana,Yadadri Bhuvanagiri,697,Choutuppal,4631,Dharmojigudem,ధర్మోజీగూడెం,transliterated,909751,508252,,
Telangana,Nizamabad,516,Morthad,4362,Dharmora,ధర్మొర,transliterated,570816,503311,,
Telangana,Nizamabad,516,Makloor,4367,Dharmora,ధర్మోరా,transliterated,570900,503003,,
Telangana,Hanumakonda,686,Dharmasagar,4677,Dharmsagar,ధర్మసాగర్,transliterated,577720,506142,,
Telangana,Nizamabad,516,Dharpally,4378,Dharpalle,ధార్పల్లె,transliterated,571249,503165,,
Telangana,Jagitial,681,Jagitial,4414,Dharur,ధారూర్,transliterated,572087,505455,,
Telangana,Vikarabad,698,Dharur,4531,Dharur,ధారూర్,transliterated,574355,501121,,
Telangana,Jogulamba Gadwal,695,Dharoor,4591,Dharur,ధరుర్,transliterated,575964,509133,,
Telangana,Nizamabad,516,Navipet,4358,Dharyapur,ధర్యాపూర్,transliterated,570724,503245,,
Telangana,Peddapalli,682,Mutharam (Manthani),4406,Dharyapur,ధర్యపూర్,transliterated,571947,505153,,
Telangana,Nirmal,680,Pembi,6206,Dhomdari,ధోమ్దారి,transliterated,570430,504203,,
Telangana,Nirmal,680,Basar,6205,Dhondapur,ధోండాపూర్,transliterated,570257,504101,,
Telangana,Siddipet,692,Dhoolmitta,7189,Dhoolumitta,ధూలుమిత్త,transliterated,577630,506367,,
Telangana,Kumuram Bheem Asifabad,699,Sirpur (T),4315,Dhorpalle,ధోర్పల్లె,transliterated,569349,504299,,
Telangana,Yadadri Bhuvanagiri,697,B Pochampally,4630,Dhothigudem,దోతిగూడెం,transliterated,909748,508284,,
Telangana,Kamareddy,685,Dongli,7525,Dhoti,ధోతి,transliterated,571074,503309,,
Telangana,Nizamabad,516,Dichpally,4377,Dichpalle,డిచ్‌పల్లి,authoritative,571233,503175,,
Telangana,Sangareddy,691,Zahirabad,4474,Didgi,దిడ్గి,transliterated,573348,502228,,
Telangana,Khammam,509,Madhira,4766,Didugupadu,దిదుగుపాడు,authoritative,579862,507203,,
Telangana,Sangareddy,691,Kohir,4475,Digwal,దిగ్వల్,transliterated,573379,502321,,
Telangana,Yadadri Bhuvanagiri,697,Motakonduru,6309,Dilavarpuram,దిలవర్పురం,transliterated,576540,508286,,
Telangana,Nirmal,680,Dilawarpur,4343,Dilawarpur,దిలావర్పూర్,transliterated,570321,504306,,
Telangana,Nirmal,680,Kaddam Peddur,4335,Dildarnagar,దిల్దర్నగర్,transliterated,570066,504202,,
Telangana,Ranga Reddy,518,Maheshwaram,4544,Dilwarguda,దిల్వార్గూడ,transliterated,574776,509325,,
Telangana,Nirmal,680,Khanapur,4347,Dilwarpur,దిల్వార్పూర్,transliterated,570450,504203,,
Telangana,Kumuram Bheem Asifabad,699,Chintalamanepally,6314,Dimda,దిండ,transliterated,569401,504299,,
Telangana,Nirmal,680,Mamada,4346,Dimmadurthy,దిమ్మదుర్తి,transliterated,570408,504310,,
Telangana,Suryapet,696,Nuthanakal,4621,Dirisana Palle,దిరిశన పల్లె,transliterated,576619,508221,,
Telangana,Suryapet,696,Nereducherla,4665,Dirsencherla,డిర్సెంచర్ల,transliterated,577527,508218,,
Telangana,Jagitial,681,Pegadapalli,4421,Divikonda,దివికొంద,transliterated,572188,505532,,
Telangana,Warangal,522,Wardhannapet,4704,Divitipalle,దివితిపల్లీ,authoritative,578316,506316,,
Telangana,Wanaparthy,693,Peddamandadi,4594,Dodaguntapally,దొడగుంటపల్లి,transliterated,955996,509106,,
Telangana,Adilabad,501,Inderavelly,4311,Dodanda,దోదండ,transliterated,569175,504346,,
Telangana,Nirmal,680,Kubeer,4338,Dodarna,దొదర్న,transliterated,570134,504103,,
Telangana,Mahabubnagar,512,Mahabubnagar Urban,4568,Doddalonipallyy,దొద్దలొనిపల్ల్య్య్,transliterated,909600,509002,,
Telangana,Ranga Reddy,518,Madgul,4564,Dodlapahad,దొడ్లపహాడ్,transliterated,575294,509327,,
Telangana,Mahabubnagar,512,Devarakadra,4573,Dokur,డోకూర్,transliterated,575529,509204,,
Telangana,Mulugu,720,Venkatapuram,4724,Doli(G),డోలి(గ్),transliterated,578762,507136,,
Telangana,Adilabad,501,Bhoraj,7529,Dollara,డాలరా,transliterated,569035,504309,,
Telangana,Vikarabad,698,Doma,4537,Doma,డోమా,transliterated,574548,501502,,
Telangana,Sangareddy,691,Gummadidala,6277,Domadugu,దోమడుగు,authoritative,573905,502313,,
Telangana,Kamareddy,685,Domakonda,4392,Domakonda,దోమకొండ,transliterated,571585,503123,,
Telangana,Jayashankar Bhupalapally,687,Malharrao,4405,Domala Madaram,దోమల మదరం,transliterated,571925,506168,,
Telangana,Nizamabad,516,Pothangal,7534,Domaledgi,దోమలేద్గి,transliterated,571011,503207,,
Telangana,Nizamabad,516,Yergatla,6239,Domchanda,దోంచంద,transliterated,570809,503308,,
Telangana,Siddipet,692,Doultabad,4465,Dommat,దొమ్మట్,transliterated,573100,502247,,
Telangana,Siddipet,692,Cherial,4672,Dommata,దొమ్మట,transliterated,577608,506223,,
Telangana,Mancherial,684,Hajipur,6227,Donabanda,దొనబండ,transliterated,570600,504207,,
Telangana,Suryapet,696,Mattampally,4670,Donabanda-Tanda,దొనబండ-తండ,transliterated,910375,508204,,
Telangana,Nalgonda,514,Nalgonda,4646,Donakal,దొనకల్,transliterated,577094,508002,,
Telangana,Nalgonda,514,Miryalaguda,4664,Dondavari Gudem,దొండవారి గుడెం,transliterated,909900,508217,,
Telangana,Kumuram Bheem Asifabad,699,Tiryani,4333,Dondla,దొండ్ల,transliterated,569999,504297,,
Telangana,Medak,513,Ramayampet,4457,Dongal Dharmaram,దొంగల్ ధర్మారామ్,transliterated,572947,502102,,
Telangana,Siddipet,692,Akkannapet,6285,Dongala Dharmaram,దొంగల ధర్మారామ్,transliterated,572622,505466,,
Telangana,Kamareddy,685,Jukkal,4373,Dongaon,దొంగాంవ్,transliterated,571115,503305,,
Telangana,Mancherial,684,Jannaram,4334,Dongapalle,దొంగపల్లె,transliterated,570027,504205,,
Telangana,Adilabad,501,Gudihatnoor,4310,Dongargaon,డొంగర్గాన్,transliterated,569160,504308,,
Telangana,Adilabad,501,Inderavelly,4311,Dongargaon,డొంగర్గాన్,transliterated,569201,504346,,
Telangana,Adilabad,501,Gadiguda,6225,Dongargaon,డొంగర్గాన్,transliterated,569206,504311,,
Telangana,Kumuram Bheem Asifabad,699,Tiryani,4333,Dongargaon,డొంగర్గాన్,transliterated,569984,504297,,
Telangana,Nirmal,680,Narsapur G,6208,Dongargaon,దొంగర్గాంవ్,transliterated,570127,504109,,
Telangana,Peddapalli,682,Dharmaram,4411,Dongathurthy,దొంగతుర్తి,transliterated,572023,505187,,
Telangana,Vikarabad,698,Doma,4537,Dongayankepalle,దొంగాయంకేపల్లె,transliterated,574545,501502,,
Telangana,Kamareddy,685,Dongli,7525,Dongli,డోంగ్లీ,transliterated,571062,503309,,
Telangana,Nalgonda,514,Chandur,4655,Donipamula,దొనిపముల,transliterated,577298,508255,,
Telangana,Nalgonda,514,Kondamallepally,6307,Doniyala,దోనియాల,transliterated,577244,508243,,
Telangana,Nalgonda,514,Tripuraram,4662,Donka Thanda,డొంక తండ,transliterated,909881,508208,,
Telangana,Nizamabad,516,Morthad,4362,Donkal,డొంకల్,transliterated,570817,503311,,
Telangana,Nizamabad,516,Indalwai,6236,Donkal,డొంకల్,transliterated,571254,503164,,
Telangana,Nizamabad,516,Donkeshwar,7530,Donkeshwar,దొంకెశ్వర్,transliterated,570731,503212,,
Telangana,Nizamabad,516,Morthad,4362,Donpal,డోన్పాల్,transliterated,570823,503225,,
Telangana,Ranga Reddy,518,Shankarpalle,4515,Donthanpalle,దొంతన్పల్లె,transliterated,574063,501203,,
Telangana,Jagitial,681,Dharmapuri,4397,Donthapur,దొంతాపూర్,transliterated,571690,505425,,
Telangana,Jagitial,681,Dharmapuri,4397,Donur,డోనూర్,transliterated,571695,505454,,
Telangana,Mahabubnagar,512,Midjil,4566,Donur,డోనూర్,transliterated,575334,509357,,
Telangana,Nizamabad,516,Mendora,6237,Doodgaon,డూడ్గాన్,transliterated,570782,503219,,
Telangana,Yadadri Bhuvanagiri,697,Rajapeta,4615,Doodi Venkatapuram,దూడి వెంకటాపురం,transliterated,576512,508105,,
Telangana,Medchal Malkajgiri,700,Gandimaisamma Dundigal,6316,Doolapally,దూలపల్లి,transliterated,574079,500100,,
Telangana,Peddapalli,682,Eligaid,4410,Doolikatta,దూలికట్ట,transliterated,572008,505525,,
Telangana,Nizamabad,516,Dichpally,4377,Doosgaon,దూస్గాన్,transliterated,571234,503175,,
Telangana,Ranga Reddy,518,Farooqnagar,4559,Dooskal,దూస్కల్,authoritative,575182,509216,,
Telangana,Jayashankar Bhupalapally,687,Chityal,4681,Doothpalle,దూత్పల్లె,transliterated,577821,506170,,
Telangana,Suryapet,696,Kodad,4668,Dorakunta,దొరకుంట,transliterated,577570,508206,,
Telangana,Mahabubnagar,512,Hanwada,4555,Dorasamudram,దొరసముద్రం,transliterated,575059,509334,,
Telangana,Mahabubabad,688,Kothaguda,4710,Doravarivempalle,దొరవారివెంపల్లె,transliterated,578431,506135,,
Telangana,Nalgonda,514,Kanagal,4656,Dorepalle,దొరెపల్లె,transliterated,577311,508004,,
Telangana,Vikarabad,698,Dharur,4531,Dornal,డోర్నల్,transliterated,574362,501121,,
Telangana,Jogulamba Gadwal,695,Dharoor,4591,Dornala,దోర్నాల,authoritative,575949,509133,,
Telangana,Suryapet,696,Penpahad,4643,Dosapahad,దోసపహాడ్,transliterated,577031,508214,,
Telangana,Sangareddy,691,Manoor,4451,Dosapalle,దోసపల్లె,transliterated,572758,502286,,
Telangana,Medak,513,Regode,4471,Dosapalle,దొసపల్లె,transliterated,573251,502290,,
Telangana,Bhadradri Kothagudem,690,Cherla,4726,Dosillapalli,దోసిళ్లపల్లి,transliterated,578868,507133,,
Telangana,Kamareddy,685,Jukkal,4373,Dostpalle,దోస్త్పల్లె,transliterated,571112,503305,,
Telangana,Jogulamba Gadwal,695,Gadwal,4603,Doudarpally,దౌడర్పల్లి,transliterated,909669,509133,,
Telangana,Siddipet,692,Jagdevpur,4484,Doulapur,దౌలపూర్,transliterated,573670,502281,,
Telangana,Vikarabad,698,Yelal,4536,Doulapur,దౌలాపూర్,transliterated,574530,501144,,
Telangana,Kamareddy,685,Nasurullabad,6244,Doulatapur,దౌలతాపూర్,transliterated,571174,503301,,
Telangana,Vikarabad,698,Doulathabad,4552,Doulathabad,దౌలతాబాద్,transliterated,574980,509336,,
Telangana,Nirmal,680,Tanoor,4340,Doultabad,డౌల్టాబాద్,transliterated,570224,504102,,
Telangana,Siddipet,692,Doultabad,4465,Doultabad,డౌల్టాబాద్,transliterated,573098,502247,,
Telangana,Sangareddy,691,Raikode,4472,Doultabad,డౌల్టాబాద్,transliterated,573282,502257,,
Telangana,Sangareddy,691,Hathnoora,4489,Doultabad,డౌల్టాబాద్,transliterated,573797,502296,,
Telangana,Adilabad,501,Sathnala,7515,Douna,డౌనా,transliterated,569112,504309,,
Telangana,Kamareddy,685,Bichkunda,4374,Dowlatapur,దొవ్లతపూర్,transliterated,571135,503306,,
Telangana,Nirmal,680,Kuntala,4337,Downelle,దొవ్నెల్లె,transliterated,570106,504109,,
Telangana,Hyderabad,507,Amberpet,4502,Drainage Lingampally,డ్రైనేజ్ లింగంపల్లి,transliterated,927774,500013,,
Telangana,Ranga Reddy,518,Maheshwaram,4544,Dubbacherla,దుబ్బచర్ల,transliterated,574774,509325,,
Telangana,Jayashankar Bhupalapally,687,Malharrao,4405,Dubbagattu,దుబ్బగత్తు,transliterated,571927,505184,,
Telangana,Kumuram Bheem Asifabad,699,Kagaznagar,4318,Dubbaguda,దుబ్బగూడ,transliterated,569451,504292,,
Telangana,Kumuram Bheem Asifabad,699,Jainoor,4320,Dubbaguda,దుబ్బగూడ,transliterated,569553,504346,,
Telangana,Kumuram Bheem Asifabad,699,Dahegoan,4329,Dubbaguda,దుబ్బగూడ,transliterated,569881,504273,,
Telangana,Mahabubabad,688,Gangaram,6253,Dubbaguda,దుబ్బగూడ,transliterated,578419,506135,,
Telangana,Jangoan,689,Bachannapet,4674,Dubbaguntapalle,దుబ్బగుంటపల్లె,transliterated,577652,506221,,
Telangana,Siddipet,692,Dubbak,4458,Dubbak,దుబ్బాక,authoritative,572955,502108,,
Telangana,Nizamabad,516,Dharpally,4378,Dubbaka,దుబ్బక,transliterated,571242,503165,,
Telangana,Yadadri Bhuvanagiri,697,Ramannapet,4632,Dubbaka,దుబ్బక,transliterated,576851,508113,,
Telangana,Peddapalli,682,Sulthanabad,4425,Dubbapet,దుబ్బాపేట,transliterated,572253,505186,,
Telangana,Jayashankar Bhupalapally,687,Malharrao,4405,Dubbapeta,దుబ్బపేట,transliterated,571928,505184,,
Telangana,Jayashankar Bhupalapally,687,Tekumatla,6248,Dubyala,దుబ్యల,transliterated,577771,506356,,
Telangana,Siddipet,692,Kondapak,4462,Duddada,దుద్దేడ,authoritative,573045,502277,,
Telangana,Karimnagar,508,V.Saidapur,4445,Duddenapalle,దుద్దెనపల్లె,transliterated,572637,505472,,
Telangana,Khammam,509,Konijerla,4761,Duddepudi,దుడ్డేపూడి,authoritative,579760,507165,,
Telangana,Jayashankar Bhupalapally,687,Bhupalpally,4682,Dudekulapalle,దుదెకులపల్లె,transliterated,577839,506169,,
Telangana,Sangareddy,691,Manoor,4451,Dudhagonda,దూధగొండ,transliterated,572769,502290,,
Telangana,Sangareddy,691,Vatpally,6291,Dudiyal,దుదియాల్,transliterated,573250,502290,,
Telangana,Kumuram Bheem Asifabad,699,Tiryani,4333,Duggapur,దుగ్గపూర్,transliterated,569995,504297,,
Telangana,Vikarabad,698,Peddemul,4533,Duggapur,దుగ్గాపూర్,transliterated,574424,501142,,
Telangana,Nalgonda,514,Tripuraram,4662,Dugge Palle,దుగ్గే పల్లె,transliterated,577456,508278,,
Telangana,Bhadradri Kothagudem,690,Pinapaka,4725,Duginepalli,దుగినేపల్లి,transliterated,578823,507117,,
Telangana,Mancherial,684,Chennur,4356,Dugnepalle,దుగ్నేపల్లె,transliterated,570670,504201,,
Telangana,Nalgonda,514,Pedda Adesherlapally,4658,Dugyala,దుగ్యాల,transliterated,577372,508243,,
Telangana,Mulugu,720,Wajedu,4723,Dulapuram(G),దులాపురం(గ్),transliterated,578717,507136,,
Telangana,Jagitial,681,Kathlapur,4418,Dulur,దులుర్,transliterated,572142,505462,,
Telangana,Rajanna Sircilla,683,Yellareddipet,4432,Dumala,దుమల,transliterated,572402,505303,,
Telangana,Bhadradri Kothagudem,690,Dummugudem,4729,Dummugudem,దుమ్ముగూడెం,transliterated,578964,507137,,
Telangana,Siddipet,692,Dubbak,4458,Dumpalpalle,దుంపల్పల్లె,transliterated,572960,502108,,
Telangana,Jagitial,681,Kathlapur,4418,Dumpeta,దుంపేట,transliterated,572149,505462,,
Telangana,Rajanna Sircilla,683,Boinpalli,4429,Dundrapalle,దుండ్రపల్లె,transliterated,572330,505524,,
Telangana,Nizamabad,516,Renjal,4357,Dupalle,దుపల్లె,transliterated,570695,503245,,
Telangana,Vikarabad,698,Bomaraspeta,4550,Dupcherla,డప్చర్ల,transliterated,574923,509338,,
Telangana,Wanaparthy,693,Madanapur,6289,Duppalle,దుప్పల్లె,transliterated,575833,509110,,
Telangana,Yadadri Bhuvanagiri,697,Valigonda,4627,Duppally,దుప్పల్లి,transliterated,576719,508111,,
Telangana,Bhadradri Kothagudem,690,Aswaraopeta,4749,Duradapadu,దురదపాడు,transliterated,579519,507303,,
Telangana,Kamareddy,685,Gandhari,4382,Durgam,దుర్గం,authoritative,571330,503114,,
Telangana,Vikarabad,698,Mominpet,4513,Durgamcheru,దుర్గంచేరు,transliterated,574012,501202,,
Telangana,Kamareddy,685,Nasurullabad,6244,Durgampalle,దుర్గంపల్లె,transliterated,571189,503301,,
Telangana,Adilabad,501,Utnoor,4321,Durgapur,దుర్గాపూర్,transliterated,569582,504311,,
Telangana,Mahabubabad,688,Kothaguda,4710,Durgaram,దుర్గరమ్,transliterated,578413,506135,,
Telangana,Siddipet,692,Mulug,4486,Durgathanda,దుర్గాథండ,transliterated,916327,502336,,
Telangana,Kamareddy,685,Nasurullabad,6244,Durki,దుర్కి,transliterated,571191,503301,,
Telangana,Yadadri Bhuvanagiri,697,Motakonduru,6309,Dursaganipally,దుర్శగానిపల్లి,transliterated,576703,508111,,
Telangana,Karimnagar,508,Karimnagar,6231,Durshed,దుర్శెద్,transliterated,572324,505001,,
Telangana,Mancherial,684,Dandepally,4348,Dwaraka,ద్వారక,transliterated,570473,504206,,
Telangana,Wanaparthy,693,Madanapur,6289,Dwarakanagar,ద్వారకానగర్,transliterated,576001,509110,,
Telangana,Vikarabad,698,Vikarabad,4530,Dyacharam,ద్యాచారం,transliterated,574335,501101,,
Telangana,Nirmal,680,Nirmal Rural,6210,Dyangapur,ద్యాంగాపూర్,transliterated,570336,504110,,
Telangana,Bhadradri Kothagudem,690,Pinapaka,4725,E.Bayyaram,ఇ.బయ్యారం,transliterated,578837,507117,,
Telangana,Mahabubnagar,512,Jadcherla,4567,Earlapalle,ఎఅర్లపల్లె,transliterated,575360,509302,,
Telangana,Kumuram Bheem Asifabad,699,Kagaznagar,4318,Easgaon,ఎఅస్గాంవ్,transliterated,569458,504296,,
Telangana,Vikarabad,698,Dharur,4531,Ebbanoor,ఎబ్బనూర్,transliterated,574357,501121,,
Telangana,Mancherial,684,Kotapally,4351,Edagatta,ఎదగట్ట,transliterated,570546,504214,,
Telangana,Sangareddy,691,Jharasangam,4476,Edakulapalle,ఎడకులపల్లె,transliterated,573423,502321,,
Telangana,Jayashankar Bhupalapally,687,Mahadevpur,4403,Edapalle,ఎడపల్లె,transliterated,571864,505504,,
Telangana,Kumuram Bheem Asifabad,699,Asifabad,4319,Edasgondi,ఎడస్గొంది,transliterated,569481,504293,,
Telangana,Narayanpet,721,Utkoor,4571,Edavalli,తూర్పు యడవల్లి,authoritative,575491,509311,,
Telangana,Nirmal,680,Mudhole,4341,Edbid,ఎడ్బిడ్,transliterated,570238,504102,,
Telangana,Sangareddy,691,Kandi,6275,Eddumailaram (Ct),ఎద్దుమైలారం (సీటీ),transliterated,573895,502285,,
Telangana,Mahabubnagar,512,Rajapur,6261,Edganpalle,ఎడ్గన్పల్లె,transliterated,575132,509302,,
Telangana,Ranga Reddy,518,Jilled Chowdergudem,6322,Edira,ఎదిరా,transliterated,575173,509207,,
Telangana,Mahabubnagar,512,Mahabubnagar Urban,4568,Edira,ఎదిర,transliterated,909601,509002,,
Telangana,Mulugu,720,Wajedu,4723,Edjarlapalle (G),ఎడ్జర్లపల్లె (గ్),transliterated,578734,507136,,
Telangana,Mulugu,720,Wajedu,4723,Edjarlapalle (Z),ఎద్జర్లపల్లె (జ్),transliterated,578735,507136,,
Telangana,Mancherial,684,Kotapally,4351,Edula Bandam,ఎదుల బందమ్,transliterated,570543,504201,,
Telangana,Medchal Malkajgiri,700,Ghatkesar,4523,Edulabad,ఏదులాబాద్,authoritative,574169,501301,,
Telangana,Karimnagar,508,Manakondur,4427,Edulagattepalle,ఏదులగట్టేపల్లె,transliterated,572295,505469,,
Telangana,Sangareddy,691,Ramchandrapuram,4495,Edulanagulapalle,ఏడులనాగులపల్లె,transliterated,573953,502300,,
Telangana,Sangareddy,691,Jharasangam,4476,Edulapalle,ఏడులపల్లె,transliterated,573432,502321,,
Telangana,Medak,513,Yeldurthy,4481,Edulapalle,ఎదులపల్లె,transliterated,573563,502117,,
Telangana,Ranga Reddy,518,Nandigama,6321,Edulapalle,ఏడులపల్లె,transliterated,575212,509216,,
Telangana,Mahabubnagar,512,Chinnachintakunta,4587,Edulapur,ఎదులపూర్,transliterated,575825,509131,,
Telangana,Peddapalli,682,Srirampur,4407,Edulapuram,ఏదులాపురం,authoritative,571964,505153,,
Telangana,Mahabubabad,688,Mahabubabad,4718,Edulapusapalle,ఏదులపూసపల్లె,transliterated,578589,506102,,
Telangana,Khammam,509,Tirumalayapalem,4754,Edulla Cheruvu,ఏడుళ్ళ చెరువు,transliterated,579628,507183,,
Telangana,Yadadri Bhuvanagiri,697,Valigonda,4627,Edullagudem,ఏడుళ్లగూడెం,transliterated,909725,508112,,
Telangana,Kumuram Bheem Asifabad,699,Tiryani,4333,Edulpad,ఎదుల్పద్,transliterated,569998,504297,,
Telangana,Nalgonda,514,Kattangur,4635,Eduluru,ఎదులూరు,transliterated,576900,508205,,
Telangana,Kumuram Bheem Asifabad,699,Asifabad,4319,Edulwada,ఎదుల్వాడ,transliterated,569507,504293,,
Telangana,Jangoan,689,Kodakandla,4702,Edunuthala,ఏడునుతల,transliterated,578273,506222,,
Telangana,Rajanna Sircilla,683,Vemulawada Rural,6218,Edurugatla,ఎదురుగట్ల,transliterated,572356,505302,,
Telangana,Jogulamba Gadwal,695,Kaloor Thimmandoddi,6297,Eerlabanda,ఈర్లబండ,authoritative,575953,509133,,
Telangana,Peddapalli,682,Palakurthy,6215,Eesalathakkallapalli,ఈసలతక్కల్లపల్లి,transliterated,571751,505187,,
Telangana,Nirmal,680,Bhainsa,4339,Ekgaon,ఎక్గాన్,transliterated,570181,504103,,
Telangana,Mulugu,720,Eturunagaram,4685,Ekkela,ఎక్కెల,transliterated,577905,506165,,
Telangana,Suryapet,696,Nadigudem,4641,Eklashkhanpet,ఎక్లాష్ఖాన్పేట,transliterated,577006,508233,,
Telangana,Ranga Reddy,518,Keshampet,4561,Eklaskhanpeta,ఎక్లస్ఖంపేట,transliterated,575230,509408,,
Telangana,Nizamabad,516,Kotagiri,4371,Eklaspur,ఎక్లాస్పూర్,authoritative,571032,503207,,
Telangana,Peddapalli,682,Anthergaon,6214,Eklaspur,ఎక్లాస్పూర్,authoritative,571747,505514,,
Telangana,Peddapalli,682,Manthani,4401,Eklaspur,ఎక్లాస్పూర్,authoritative,571806,505184,,
Telangana,Karimnagar,508,V.Saidapur,4445,Eklaspur,ఎక్లాస్పూర్,authoritative,572629,505490,,
Telangana,Medak,513,Tekmal,4469,Eklaspur,ఎక్లాస్పూర్,authoritative,573209,502302,,
Telangana,Narayanpet,721,Narayanpet,4570,Eklaspur,ఎక్లాస్పూర్,authoritative,575444,509210,,
Telangana,Narayanpet,721,Marikal,6263,Eklaspur,ఎక్లాస్పూర్,authoritative,575838,509351,,
Telangana,Jogulamba Gadwal,695,Ieeja,4606,Eklaspur,ఎక్లాస్పూర్,authoritative,576284,509127,,
Telangana,Vikarabad,698,Basheerabad,4535,Ekmai,ఎక్మై,transliterated,574489,501143,,
Telangana,Vikarabad,698,Nawabpet,4514,Ekmamidi,ఎక్మమిది,transliterated,574036,501111,,
Telangana,Ranga Reddy,518,Kadthal,6324,Ekrajguda,ఎక్రాజ్గూడ,transliterated,575280,509358,,
Telangana,Karimnagar,508,V.Saidapur,4445,Elabotharam,ఎలబోతరం,transliterated,572633,505480,,
Telangana,Karimnagar,508,Veenavanka,4439,Elbaka,ఎల్బాకా,transliterated,572529,505502,,
Telangana,Mulugu,720,Tadvai,4687,Elbaka,ఎల్బక,transliterated,577965,506347,,
Telangana,Karimnagar,508,Karimnagar,6231,Elbotharam,ఎల్బోతరం,transliterated,572317,505415,,
Telangana,Bhadradri Kothagudem,690,Pinapaka,4725,Elchireddypalli,ఏల్చిరెడ్డిపల్లి,transliterated,578832,507117,,
Telangana,Kamareddy,685,Dongli,7525,Elegaon,ఎలిగాన్,transliterated,571059,503309,,
Telangana,Peddapalli,682,Eligaid,4410,Elgaid,ఎల్గైడ్,transliterated,572009,505525,,
Telangana,Karimnagar,508,Kothapally,6230,Elgandal,ఎల్గండల్,transliterated,572304,505401,,
Telangana,Kamareddy,685,Kamareddy,4390,Elichpur,ఎలిచ్పూర్,transliterated,571544,503111,,
Telangana,Siddipet,692,Thoguta,4463,Eligaddakistapur,ఎలిగడ్డకిస్తాపూర్,transliterated,573071,502301,,
Telangana,Mulugu,720,Eturunagaram,4685,Elishettipalle,ఎలిశెత్తిపల్లె,transliterated,577895,506165,,
Telangana,Peddapalli,682,Palakurthy,6215,Elkalapalli,ఎల్కలపల్లి,transliterated,571753,505188,,
Telangana,Ranga Reddy,518,Farooqnagar,4559,Elkatta,ఎల్కత్త,transliterated,575178,509410,,
Telangana,Jayashankar Bhupalapally,687,Mahadevpur,4403,Elkeswaram,ఎల్కేశ్వరం,transliterated,571870,505504,,
Telangana,Hanumakonda,686,Dharmasagar,4677,Elkurthy,ఎల్కుర్తి,transliterated,577721,506142,,
Telangana,Warangal,522,Geesugonda,4707,Elkurthy,ఎల్కుర్తి,transliterated,578343,506330,,
Telangana,Karimnagar,508,Ellandakunta,6234,Ellanthakunta,ఎల్లంతకుంట,transliterated,572554,505122,,
Telangana,Vikarabad,698,Tandur,4534,Elmakanna,ఎల్మకన్నా,transliterated,574463,501141,,
Telangana,Warangal,522,Sangem,4705,Elugur( Rangampet),ఎలుగూర్( రంగంపేట),transliterated,578338,506329,,
Telangana,Nirmal,680,Tanoor,4340,Elvi,ఎల్వి,transliterated,570220,504102,,
Telangana,Adilabad,501,Narnoor,4312,Empalle,ఎంపల్లె,transliterated,569237,504311,,
Telangana,Jayashankar Bhupalapally,687,Tekumatla,6248,Emped,ఎంపెడ్,transliterated,577799,506356,,
Telangana,Kamareddy,685,Dongli,7525,Enbhura,ఎన్భురా,transliterated,571061,503309,,
Telangana,Mahabubabad,688,Kothaguda,4710,Enchaguda,ఎంచగూడ,transliterated,578397,506135,,
Telangana,Jagitial,681,Endapalli,7539,Endapalli,ఎండపల్లి,authoritative,571732,505526,,
Telangana,Kamareddy,685,Tadwai,4389,Endriyal,ఎండ్రియల్,transliterated,571533,503120,,
Telangana,Sangareddy,691,Nagalgidda,6280,Enekpalle,ఏనెక్పల్లె,transliterated,572737,502286,,
Telangana,Rajanna Sircilla,683,Chandurthi,4419,Engal,ఎంగల్,transliterated,572168,505403,,
Telangana,Siddipet,692,Akberpet-Bhoompally,7524,Engurthi,ఎంగుర్తి,transliterated,572966,502108,,
Telangana,Sangareddy,691,Kangti,4450,Enkemori,ఎంకెమోరి,transliterated,572726,502286,,
Telangana,Medak,513,Papannapet,4455,Enkepalle,ఎంకెపల్లె,transliterated,572886,502331,,
Telangana,Sangareddy,691,Sadasivpet,4490,Enkepalle,ఎంకేపల్లె,transliterated,573828,502291,,
Telangana,Khammam,509,Enkoor,4753,Enkoor,ఏన్కూర్,authoritative,579601,507168,,
Telangana,Nagarkurnool,694,Kollapur,4609,Enmanabetla,ఏన్మనబెట్ల,transliterated,576350,509102,,
Telangana,Siddipet,692,Siddipet Urban,4459,Ensanpalle,ఎంసంపల్లె,transliterated,572989,502114,,
Telangana,Suryapet,696,Atmakur (S),4622,Enubamla,ఏనుబంల,transliterated,576639,508214,,
Telangana,Warangal,522,Parvathagiri,4714,Enugal,ఎనుగల్,authoritative,578514,506369,,
Telangana,Warangal,522,Warangal,4706,Enumamula (Ct),ఎనుమముల (సీటీ),transliterated,578155,506006,,
Telangana,Nizamabad,516,Bodhan,4370,Erajpalle,ఎరాజ్పల్లె,transliterated,570991,503180,,
Telangana,Jagitial,681,Ibrahimpatnam,4393,Erdandi,ఎర్దండి,transliterated,571605,505450,,
Telangana,Sangareddy,691,Kandi,6275,Erdanoor,ఎర్దనూర్,transliterated,573879,502296,,
Telangana,Mahabubabad,688,Maripeda,4720,Erjerla,ఎర్జెర్ల,transliterated,578641,506315,,
Telangana,Jogulamba Gadwal,695,Kaloor Thimmandoddi,6297,Erkiched,ఎర్కిచ్డ్,transliterated,575957,509129,,
Telangana,Wanaparthy,693,Amarchintha,6290,Erladinne,ఎర్లాడిన్నే,transliterated,575863,509130,,
Telangana,Wanaparthy,693,Pebbair,4602,Erladinne,ఎర్లాడిన్నే,transliterated,576216,509104,,
Telangana,Vikarabad,698,Dudyal,7540,Erlapalle,ఏర్లపల్లె,transliterated,574942,501101,,
Telangana,Vikarabad,698,Doulathabad,4552,Erlapalle,ఏర్లపల్లె,transliterated,574993,509336,,
Telangana,Hanumakonda,686,Velair,6252,Erraballe,ఎర్రబల్లి,authoritative,572685,505471,,
Telangana,Khammam,509,Kalluru,4763,Erraboinapalli,ఎర్రబోయినపల్లి,transliterated,579794,507209,,
Telangana,Sangareddy,691,Nagalgidda,6280,Errakipalle,ఎర్రాకిపల్లె,transliterated,572736,502286,,
Telangana,Siddipet,692,Kukunoorpally,7521,Errapalle,ఎర్రపల్లె,transliterated,573059,502301,,
Telangana,Jagitial,681,Ibrahimpatnam,4393,Errapur,ఎర్రపూర్,transliterated,571618,505327,,
Telangana,Siddipet,692,Markook,6282,Erravalle,ఎర్రవాళ్ళే,transliterated,573659,502279,,
Telangana,Jogulamba Gadwal,695,Ghattu,4605,Ersandoddi,ఎర్సందొద్ది,transliterated,909680,509129,,
Telangana,Vikarabad,698,Bomaraspeta,4550,Erupumalla,ఎరుపుమళ్ల,transliterated,574938,509338,,
Telangana,Nirmal,680,Khanapur,4347,Ervachintal,ఎర్వచింతల్,transliterated,570440,504203,,
Telangana,Sangareddy,691,Pulkal,4478,Esojipet,ఏసోజీపేట,transliterated,573485,502293,,
Telangana,Medak,513,Yeldurthy,4481,Esvantharaopet,ఎస్వంథరఒపెత్,transliterated,573571,502109,,
Telangana,Khammam,509,Kusumanchi,4755,Eswaramadharam,ఈశ్వరామాధారం,transliterated,579640,507157,,
Telangana,Nizamabad,516,Kotagiri,4371,Ethonda,ఎతోందా,transliterated,571016,503207,,
Telangana,Medak,513,Kulcharam,4468,Etigadda Mahmmadapur,ఏటిగడ్డ మహమ్మదాపూర్,transliterated,573181,502381,,
Telangana,Sangareddy,691,Sadasivpet,4490,Etigaddasangam,ఎతిగద్దసంగమ్,transliterated,573818,502291,,
Telangana,Ranga Reddy,518,Shabad,4542,Etlaerravaly,ఎట్లేర్రవాలీ,transliterated,574698,501503,,
Telangana,Suryapet,696,Nagaram,6298,Etoor,ఎటూర్,transliterated,576575,508279,,
Telangana,Mulugu,720,Eturunagaram,4685,Eturnagaram,ఏటూరునాగారం,authoritative,577907,506169,,
Telangana,Medak,513,Chilpched,6274,Faizabad,ఫైజబద్,transliterated,573544,502314,,
Telangana,Nizamabad,516,Kotagiri,4371,Fakeerabad,ఫకీరబద్,transliterated,571035,503207,,
Telangana,Kumuram Bheem Asifabad,699,Rebbena,4327,Fakeerpalle,ఫకీర్పల్లె,transliterated,569797,504292,,
Telangana,Karimnagar,508,Ramadugu,4423,Fakeerpet,ఫకీర్పేట,transliterated,572228,505415,,
Telangana,Karimnagar,508,Karimnagar,6231,Fakeerpet,ఫకీర్పేట,transliterated,572311,505415,,
Telangana,Nalgonda,514,Kondamallepally,6307,Fakeerpoor,ఫకీర్పూర్,transliterated,577257,508243,,
Telangana,Jagitial,681,Ibrahimpatnam,4393,Fakir Kondapur,ఫకిర్ కొందపూర్,transliterated,571611,505450,,
Telangana,Nalgonda,514,Nampally,4654,Fakirpur,ఫకిర్పూర్,transliterated,577282,508373,,
Telangana,Mahabubnagar,512,Chinnachintakunta,4587,Fareedpur,ఫరీద్పూర్,transliterated,575815,509409,,
Telangana,Kamareddy,685,Palwancha,7519,Faridpet,ఫరిద్పెత్,transliterated,571295,503123,,
Telangana,Ranga Reddy,518,Farooqnagar,4559,Farooqnagar (Ct),ఫారూక్నగర్ (సీటీ),transliterated,575211,509216,,
Telangana,Medchal Malkajgiri,700,Alwal,6328,Farzanguda,ఫర్జంగూడ,transliterated,931495,500010,,
Telangana,Sangareddy,691,Sangareddy,4492,Fasalwadi,ఫసల్వాడి,transliterated,573874,502294,,
Telangana,Nizamabad,516,Navipet,4358,Fathenagar,ఫతేనగర్,transliterated,570716,503245,,
Telangana,Sangareddy,691,Kalher,4453,Fathepoor,ఫతేపూర్,transliterated,572818,502287,,
Telangana,Nizamabad,516,Armoor,4360,Fathepur,ఫథెపూర్,transliterated,570768,503217,,
Telangana,Nizamabad,516,Saloora,7532,Fathepur,ఫతేపూర్,transliterated,570980,503185,,
Telangana,Ranga Reddy,518,Shankarpalle,4515,Fathepur,ఫతేపూర్,transliterated,574043,501203,,
Telangana,Mahabubnagar,512,Mahabubnagar Rural,6258,Fathepur,ఫతేపూర్,transliterated,575388,509340,,
Telangana,Jangoan,689,Chilpur,6259,Fathepur,ఫతేపూర్,transliterated,577693,506301,,
Telangana,Mahabubabad,688,Thorrur,4715,Fathepur,ఫతేపూర్,transliterated,578536,506163,,
Telangana,Suryapet,696,Nereducherla,4665,Fathepuram,ఫతేపురం,transliterated,577520,508201,,
Telangana,Jangoan,689,Ragunathpally,4698,Fatheshapur,ఫతేషాపూర్,transliterated,578210,506244,,
Telangana,Kamareddy,685,Bichkunda,4374,Fathlapur,ఫథ్లపూర్,transliterated,571134,503306,,
Telangana,Medchal Malkajgiri,700,Uppal,4524,Fathullaguda,ఫతుల్లగూడ,transliterated,931526,500068,,
Telangana,Rajanna Sircilla,683,Vemulawada Rural,6218,Fazil Nagar,ఫజిల్ నాగర్,transliterated,572353,505524,,
Telangana,Ranga Reddy,518,Ibrahimpatnam,4546,Ferozguda,ఫిరోజ్గుడా,transliterated,574844,501510,,
Telangana,Medchal Malkajgiri,700,Balanagar,4517,Ferozguda,ఫెరొజ్గూడ,transliterated,931501,500011,,
Telangana,Adilabad,501,Bhoraj,7529,Fouzpur,ఫౌజ్పూర్,transliterated,569029,504309,,
Telangana,Nalgonda,514,Nalgonda,4646,G.K.Annaram,గ్.క్.అన్నారం,transliterated,577099,508247,,
Telangana,Jangoan,689,Ragunathpally,4698,Gabbeta,గబ్బెట,transliterated,578222,506244,,
Telangana,Kumuram Bheem Asifabad,699,Tiryani,4333,Gadalpally,గదల్పల్లి,transliterated,569988,504297,,
Telangana,Nirmal,680,Lokeswaram,4342,Gadchanda,గద్చంద,transliterated,570284,504104,,
Telangana,Wanaparthy,693,Chinnambavi,6287,Gaddabaswapuram,గడ్డబస్వాపురం,transliterated,576335,509104,,
Telangana,Peddapalli,682,Manthani,4401,Gaddalapalle,గద్దలపల్లె,transliterated,571814,505184,,
Telangana,Jayashankar Bhupalapally,687,Mutharam Mahadevpur,4404,Gaddalapalle,గద్దలపల్లె,transliterated,571914,505503,,
Telangana,Nagarkurnool,694,Telkapally,4581,Gaddampalle,గద్దంపల్లె,transliterated,575685,509385,,
Telangana,Bhadradri Kothagudem,690,Pinapaka,4725,Gaddampalli,గడ్డంపల్లి,transliterated,578834,507117,,
Telangana,Karimnagar,508,Shankarapatnam,4441,Gaddapaka,గద్దపక,transliterated,572563,505470,,
Telangana,Mahabubnagar,512,Devarakadra,4573,Gaddeguda,గద్దెగూడ,transliterated,575517,509204,,
Telangana,Hyderabad,507,Saidabad,4511,Gaddiannaram (Partly),గడ్డిఅన్నారం (పార్ట్లీ),transliterated,927798,500060,,
Telangana,Nalgonda,514,Thipparthy,4645,Gaddikondaram,గడ్డికొందరం,transliterated,577069,508247,,
Telangana,Suryapet,696,Garidepally,4666,Gaddipalle,గడ్డిపల్లె,transliterated,577542,508201,,
Telangana,Sangareddy,691,Jinnaram,4493,Gaddipotharam,గడ్డిపోతారం,transliterated,573921,502319,,
Telangana,Nizamabad,516,Donkeshwar,7530,Gadepalle,గాడేపల్లి,authoritative,570735,503212,,
Telangana,Warangal,522,Sangem,4705,Gadepalle,గాడేపల్లి,authoritative,578322,506005,,
Telangana,Mancherial,684,Hajipur,6227,Gadhpur,గాధ్పూర్,transliterated,570593,504209,,
Telangana,Adilabad,501,Gadiguda,6225,Gadiguda,గడిగూడ,transliterated,569224,504311,,
Telangana,Sangareddy,691,Kondapur,4491,Gadimalkapuram,గడిమల్కాపురం,transliterated,573868,502295,,
Telangana,Nizamabad,516,Sirikonda,4379,Gadkole,గడ్కోలే,transliterated,571272,503165,,
Telangana,Mahabubnagar,512,Mohammadabad,7187,Gadrial,గద్రిఅల్,transliterated,574586,509335,,
Telangana,Sangareddy,691,Narayankhed,4452,Gadthihokrana,గడ్తిహోక్రాన,transliterated,572794,502286,,
Telangana,Jogulamba Gadwal,695,Gadwal,4603,Gadwal (R)(Part),గడ్వాల్ (ర్)(పార్ట్),transliterated,576225,509125,,
Telangana,Ranga Reddy,518,Kandukur,4545,Gafoornagar,గఫూర్నగర్,transliterated,574803,500113,,
Telangana,Hyderabad,507,Himayatnagar,4503,Gaganmahal,గగంమహల్,transliterated,927778,500029,,
Telangana,Nagarkurnool,694,Nagarkurnool,4583,Gaggalpalle,గగ్గల్పల్లె,transliterated,575725,509385,,
Telangana,Nizamabad,516,Aloor,7528,Gaggupalle,గగ్గుపల్లె,transliterated,570773,503223,,
Telangana,Medchal Malkajgiri,700,Gandimaisamma Dundigal,6316,Gagilapur (Og),గాగిలాపూర్ (ఒగ్),transliterated,574073,500043,,
Telangana,Siddipet,692,Maddur,4673,Gagillapoor,గగిల్లపూర్,transliterated,577637,506367,,
Telangana,Siddipet,692,Bejjanki,4437,Gagillapur,గాగిల్లాపూర్,authoritative,572510,505528,,
Telangana,Adilabad,501,Ichoda,4322,Gaidpally,గైడ్పల్లి,transliterated,569631,504307,,
Telangana,Khammam,509,Kusumanchi,4755,Gaigollapalli,గైగోళ్లపల్లి,transliterated,579631,507161,,
Telangana,Nalgonda,514,Madugulapally,6305,Gajalapur,గజలాపూర్,transliterated,577460,508217,,
Telangana,Narayanpet,721,Maganoor,4590,Gajarandoddi,గజరందొద్ది,transliterated,575938,509352,,
Telangana,Rajanna Sircilla,683,Gambhiraopet,4433,Gajasingaram,గజసింగారం,transliterated,572412,505305,,
Telangana,Medak,513,Shankarampet (R),4467,Gajgatlapalle,గజగట్లపల్లె,transliterated,573168,502248,,
Telangana,Adilabad,501,Neradigonda,4325,Gajli,గజ్లీ,transliterated,569709,504323,,
Telangana,Mahabubabad,688,Gudur,4711,Gajulagattu,గాజులగట్టు,transliterated,578455,506134,,
Telangana,Suryapet,696,Penpahad,4643,Gajulamalkapuram,గాజులమల్కాపురం,transliterated,577037,508214,,
Telangana,Medchal Malkajgiri,700,Qutballapur,4518,Gajularamaram,గాజులరామారం,transliterated,923559,500055,,
Telangana,Sangareddy,691,Kangti,4450,Gajulpahad,గజుల్పహద్,transliterated,572717,502287,,
Telangana,Medak,513,Regode,4471,Gajwada,గజ్వాడ,transliterated,573258,502290,,
Telangana,Siddipet,692,Gajwel,4483,Gajwel (Ct),గజ్వేల్ (సీటీ),transliterated,573642,502278,,
Telangana,Bhadradri Kothagudem,690,Gundala,4741,Galaba,గలబా,transliterated,579418,507123,,
Telangana,Ranga Reddy,518,Kondurg,4558,Galiguda,గలిగూడ,transliterated,909562,509207,,
Telangana,Rajanna Sircilla,683,Illanthakunta,4436,Galipalli,గాలిపల్లి,transliterated,572474,505530,,
Telangana,Kamareddy,685,Mohammadnagar,7520,Galipur,గాలిపూర్,transliterated,571422,503187,,
Telangana,Siddipet,692,Dubbak,4458,Gambheerpur,గంభీర్పూర్,transliterated,572951,502108,,
Telangana,Kumuram Bheem Asifabad,699,Tiryani,4333,Gambhiraopet,గంభీరావుపేట,authoritative,569994,504297,,
Telangana,Rajanna Sircilla,683,Gambhiraopet,4433,Gambhiraopet,గంభీరావుపేట,authoritative,572421,505304,,
Telangana,Jagitial,681,Kathlapur,4418,Gambhirpur,గంభిర్పూర్,transliterated,572151,505306,,
Telangana,Nirmal,680,Soan,6209,Gamjal,గంజాల్,transliterated,570370,504105,,
Telangana,Suryapet,696,Munagala,4642,Ganapavaram,గణపవరం,authoritative,577018,508233,,
Telangana,Yadadri Bhuvanagiri,697,Thurkapally,4614,Gandamalla,గండమల్ల,transliterated,576480,508115,,
Telangana,Ranga Reddy,518,Gandipet,6320,Gandamguda,గండంగూడ,transliterated,574235,500091,,
Telangana,Mahabubnagar,512,Gandeed,4538,Gandeed,గండీద్,transliterated,574574,509337,,
Telangana,Mahabubabad,688,Bayyaram,4742,Gandhampalle,గంధంపల్లె,transliterated,579438,507211,,
Telangana,Nalgonda,514,Nalgonda,4646,Gandhamvarigudem,గంధంవారిగూడెం,transliterated,909831,508004,,
Telangana,Adilabad,501,Neradigonda,4325,Gandhari,గాంధారి,transliterated,569710,504323,,
Telangana,Kamareddy,685,Gandhari,4382,Gandhari,గాంధారి,transliterated,571358,503114,,
Telangana,Jayashankar Bhupalapally,687,Malharrao,4405,Gandharla,గాంధర్ల,transliterated,571937,506168,,
Telangana,Medak,513,Papannapet,4455,Gandharpalle,గంధర్పల్లె,transliterated,572873,502331,,
Telangana,Khammam,509,Mudigonda,4758,Gandhasiri,గంధసిరి,transliterated,579701,507158,,
Telangana,Suryapet,696,Suryapet,4638,Gandhi Nagar,గాంధీ నాగర్,transliterated,909776,508214,,
Telangana,Nirmal,680,Kaddam Peddur,4335,Gandigopalpur,గండిగోపాల్పూర్,transliterated,570038,504205,,
Telangana,Ranga Reddy,518,Shamshabad,4543,Gandiguda,గండిగూడ,authoritative,574741,509325,,
Telangana,Jayashankar Bhupalapally,687,Mutharam Mahadevpur,4404,Gandikamaram,గండికమరం,transliterated,571918,505503,,
Telangana,Rajanna Sircilla,683,Thangallapalli,6217,Gandilachapet,గండిలాచపేట,transliterated,572459,505301,,
Telangana,Kamareddy,685,Yellareddy,4386,Gandimasanipet,గండిమాసానిపేట,transliterated,571457,503122,,
Telangana,Siddipet,692,Akkannapet,6285,Gandipalle,గండిపల్లె,transliterated,572621,505466,,
Telangana,Ranga Reddy,518,Gandipet,6320,Gandipet,గండిపేట,transliterated,574229,500075,,
Telangana,Jangoan,689,Narmetta,4675,Gandiramaram,గందిరమరమ్,transliterated,577678,506244,,
Telangana,Kamareddy,685,Gandhari,4382,Gandivet,గాండివేట్,transliterated,571351,503122,,
Telangana,Nizamabad,516,Morthad,4362,Gandlapet,గాండ్లపేట,transliterated,909471,503225,,
Telangana,Nalgonda,514,Vemulapally,4644,Gandravaniguda,గంద్రవనిగూడ,transliterated,577047,508217,,
Telangana,Jagitial,681,Sarangapur,4396,Ganeshpalli,గనెశ్పల్లి,transliterated,571679,505529,,
Telangana,Adilabad,501,Bhoraj,7529,Ganeshpur,గణేశపూర్,transliterated,568984,504346,,
Telangana,Bhadradri Kothagudem,690,Palvoncha,4737,Gangadeviguppa,గంగాదేవిగుప్ప,transliterated,579371,507115,,
Telangana,Karimnagar,508,Gangadhara,4422,Gangadhara,గంగాధర,transliterated,572209,505445,,
Telangana,Medak,513,Shivampet,4487,Gangaipalle,గంగైపల్లె,transliterated,573740,502334,,
Telangana,Nirmal,680,Khanapur,4347,Gangaipet,గంగాయిపేట,transliterated,570455,504203,,
Telangana,Adilabad,501,Utnoor,4321,Gangamapet,గంగామపేట,transliterated,569585,504311,,
Telangana,Nalgonda,514,Thipparthy,4645,Ganganapalem,గంగనపాలెం,transliterated,577076,508247,,
Telangana,Jogulamba Gadwal,695,Kaloor Thimmandoddi,6297,Ganganapally,గంగనపల్లి,transliterated,575951,509133,,
Telangana,Adilabad,501,Narnoor,4312,Gangapur,గంగాపూర్,authoritative,569249,504311,,
Telangana,Kumuram Bheem Asifabad,699,Chintalamanepally,6314,Gangapur,గంగాపూర్,authoritative,569392,504299,,
Telangana,Adilabad,501,Utnoor,4321,Gangapur,గంగాపూర్,authoritative,569586,504311,,
Telangana,Adilabad,501,Bazarhatnoor,4323,Gangapur,గంగాపూర్,authoritative,569650,504307,,
Telangana,Kumuram Bheem Asifabad,699,Rebbena,4327,Gangapur,గంగాపూర్,authoritative,569788,504292,,
Telangana,Kumuram Bheem Asifabad,699,Tiryani,4333,Gangapur,గంగాపూర్,authoritative,569993,504297,,
Telangana,Nirmal,680,Kaddam Peddur,4335,Gangapur,గంగాపూర్,authoritative,570035,504203,,
Telangana,Jagitial,681,Buggaram,6213,Gangapur,గంగాపూర్,authoritative,572032,505454,,
Telangana,Sangareddy,691,Narayankhed,4452,Gangapur,గంగాపూర్,authoritative,572789,502287,,
Telangana,Medak,513,Havelighanapur,6270,Gangapur,గంగాపూర్,authoritative,572896,502115,,
Telangana,Siddipet,692,Chinnakodur,4460,Gangapur,గంగాపూర్,authoritative,573012,502276,,
Telangana,Sangareddy,691,Jharasangam,4476,Gangapur,గంగాపూర్,authoritative,573403,502257,,
Telangana,Yadadri Bhuvanagiri,697,Gundala,4618,Gangapur,గంగాపూర్,authoritative,576551,508277,,
Telangana,Jangoan,689,Bachannapet,4674,Gangapur,గంగాపూర్,authoritative,577655,506221,,
Telangana,Siddipet,692,Markook,6282,Gangapur,గంగాపూర్,authoritative,916331,502279,,
Telangana,Yadadri Bhuvanagiri,697,Valigonda,4627,Gangapur -P-Arrur,గంగాపూర్ -ప్-అర్రూర్,transliterated,576746,508112,,
Telangana,Khammam,509,Mudigonda,4758,Gangapuram D,గంగాపురం డ్,transliterated,579705,507158,,
Telangana,Nizamabad,516,Bheemgal,4364,Gangarai,గంగరాయి,transliterated,570864,503307,,
Telangana,Mancherial,684,Chennur,4356,Gangaram,గంగరమ్,transliterated,570674,504204,,
Telangana,Peddapalli,682,Srirampur,4407,Gangaram,గంగారాం,transliterated,571967,505153,,
Telangana,Sangareddy,691,Kondapur,4491,Gangaram,గంగారాం,transliterated,573864,502306,,
Telangana,Ranga Reddy,518,Maheshwaram,4544,Gangaram,గంగరమ్,transliterated,574782,501359,,
Telangana,Nagarkurnool,694,Bijinapally,4584,Gangaram,గంగరమ్,transliterated,575759,509203,,
Telangana,Bhadradri Kothagudem,690,Tekulapalli,4739,Gangaram,గంగారాం,transliterated,579393,507124,,
Telangana,Vikarabad,698,Vikarabad,4530,Gangaram,గంగారాం,transliterated,956033,501101,,
Telangana,Mulugu,720,Tadvai,4687,Gangaram (P.A),గంగరమ్ (ప్.అ),transliterated,577990,506344,,
Telangana,Nizamabad,516,Makloor,4367,Gangaramanda,గంగారమంద,transliterated,909474,503213,,
Telangana,Vikarabad,698,Yelal,4536,Gangasagar,గంగాసాగర్,transliterated,574512,501144,,
Telangana,Nizamabad,516,Donkeshwar,7530,Gangasamundar,గంగాసముందర్,transliterated,570739,503212,,
Telangana,Yadadri Bhuvanagiri,697,Bhongir,4628,Gangasanipally,గంగసానిపల్లి,transliterated,909732,508117,,
Telangana,Bhadradri Kothagudem,690,Dummugudem,4729,Gangavaram,గంగవరం,authoritative,578999,507137,,
Telangana,Vikarabad,698,Nawabpet,4514,Gangeda,గంగెడ,transliterated,574031,501111,,
Telangana,Mancherial,684,Jaipur,4355,Gangipalle,గంగిపల్లె,transliterated,570638,504216,,
Telangana,Karimnagar,508,Manakondur,4427,Gangipalle,గంగిపల్లె,transliterated,572299,505474,,
Telangana,Bhadradri Kothagudem,690,Dummugudem,4729,Gangolu,గంగోలు,authoritative,578979,507137,,
Telangana,Sangareddy,691,Pulkal,4478,Gangulur,గంగులూర్,transliterated,573486,502293,,
Telangana,Jangoan,689,Jangoan,4699,Gangupahad,గంగుపహాడ్,transliterated,578229,506175,,
Telangana,Vikarabad,698,Pudur,4541,Gangupalle,గంగుపల్లె,transliterated,574672,501102,,
Telangana,Sangareddy,691,Nyalkal,4473,Gangwar,గంగ్వార్,transliterated,573336,502249,,
Telangana,Vikarabad,698,Basheerabad,4535,Gangwar,గంగ్వార్,transliterated,574474,501143,,
Telangana,Vikarabad,698,Doma,4537,Ganjipalle,గంజిపల్లె,transliterated,574554,501502,,
Telangana,Suryapet,696,Maddirala,6300,Ganjivari Kothapalle,గంజీవారి కొత్తపల్లె,transliterated,576606,508221,,
Telangana,Kumuram Bheem Asifabad,699,Kagaznagar,4318,Gannaram,గన్నరమ్,transliterated,569462,504296,,
Telangana,Nizamabad,516,Indalwai,6236,Gannaram,గన్నరమ్,transliterated,571237,503164,,
Telangana,Warangal,522,Rayaparthy,4703,Gannaram,గన్నారం,transliterated,578288,506314,,
Telangana,Nizamabad,516,Kotagiri,4371,Gannavaram,గన్నవరం,authoritative,571040,503207,,
Telangana,Khammam,509,Wyra,4764,Gannavaram,గన్నవరం,authoritative,579826,507165,,
Telangana,Bhadradri Kothagudem,690,Cherla,4726,Gannavaram (Z),గన్నవరం (జ్),transliterated,578852,507133,,
Telangana,Karimnagar,508,Ganneruvaram,6232,Ganneruvaram,గన్నెరువరం,transliterated,572489,505530,,
Telangana,Nirmal,680,Mudhole,4341,Ganora,గనోరా,transliterated,570251,504101,,
Telangana,Mahabubabad,688,Peddavangara,6256,Gantlakunta,గంట్లకుంట,transliterated,578277,506318,,
Telangana,Ranga Reddy,518,Farooqnagar,4559,Gantlavelli,గంట్లవెల్లి,transliterated,575204,509216,,
Telangana,Nagarkurnool,694,Peddakothapally,4599,Gantraopalle,గంట్రఒపల్లె,transliterated,576132,509412,,
Telangana,Suryapet,696,Garidepally,4666,Ganugabanda,గనుగబంద,transliterated,577552,508201,,
Telangana,Bhadradri Kothagudem,690,Chandrugonda,4747,Ganugapadu,గానుగపాడు,authoritative,579484,507120,,
Telangana,Nalgonda,514,Nampally,4654,Ganugu Palle,గనుగు పల్లె,transliterated,577267,508256,,
Telangana,Suryapet,696,Thungaturthy,4620,Ganugubanda,గనుగుబండ,transliterated,576596,508280,,
Telangana,Nagarkurnool,694,Nagarkurnool,4583,Ganyagula,గణ్యగుల,transliterated,575742,509412,,
Telangana,Sangareddy,691,Kondapur,4491,Garakurthi,గరకుర్థి,transliterated,573846,502306,,
Telangana,Narayanpet,721,Utkoor,4571,Garanhalli,గరణల్లి,transliterated,575486,509208,,
Telangana,Bhadradri Kothagudem,690,Sujathanagar,6265,Gareebpeta,గరీబ్పేట,transliterated,579386,507118,,
Telangana,Jayashankar Bhupalapally,687,Kataram,4402,Garepalle,గారేపల్లె,transliterated,571839,505503,,
Telangana,Nizamabad,516,Sirikonda,4379,Gargepahad,గార్గేపహాడ్,transliterated,571276,503165,,
Telangana,Kamareddy,685,Kamareddy,4390,Gargul,గార్గుల్,transliterated,571547,503144,,
Telangana,Khammam,509,Kamepalli,4745,Garidepally,గరిడేపల్లి,transliterated,579463,507210,,
Telangana,Bhadradri Kothagudem,690,Chunchupalli,6376,Garimallapadu,గరిమళ్లపాడు,transliterated,909966,507118,,
Telangana,Bhadradri Kothagudem,690,Chunchupalli,6376,Garimellapadu (Ct),గరిమెళ్లపాడు (సీటీ),transliterated,579390,507118,,
Telangana,Jayashankar Bhupalapally,687,Tekumatla,6248,Garimillapalle,గరిమిల్లపల్లె,authoritative,577797,506356,,
Telangana,Rajanna Sircilla,683,Veernapalli,6220,Garjanpalle,గర్జన్పల్లె,transliterated,572390,505305,,
Telangana,Wanaparthy,693,Ghanpur,4585,Garkasa (D),గర్కస (డ్),transliterated,575784,509380,,
Telangana,Jayashankar Bhupalapally,687,Palimela,6250,Garkepalle,గార్కేపల్లె,transliterated,571882,505504,,
Telangana,Mahabubabad,688,Garla,4743,Garla,గార్ల,authoritative,579446,507210,,
Telangana,Mahabubnagar,512,Koilkonda,4569,Garlapad,గార్లపాడ్,transliterated,575440,509371,,
Telangana,Jogulamba Gadwal,695,Dharoor,4591,Garlapadu,గార్లపాడు,authoritative,575944,509133,,
Telangana,Khammam,509,Bonakal,4765,Garlapadu,గార్లపాడు,authoritative,579832,507204,,
Telangana,Sangareddy,691,Munipally,4477,Garlapalle,గార్లపల్లె,transliterated,573442,502345,,
Telangana,Kumuram Bheem Asifabad,699,Sirpur (T),4315,Garlapet,గార్లపేట,transliterated,569356,504296,,
Telangana,Hanumakonda,686,Inavole,6249,Garmillapalle,గర్మిళ్లపల్లె,transliterated,578168,506143,,
Telangana,Nalgonda,514,Peddavoora,4659,Garnekunta,గర్నెకుంట,transliterated,577383,508266,,
Telangana,Peddapalli,682,Sulthanabad,4425,Garrepalle,గర్రెపల్లె,transliterated,572255,505186,,
Telangana,Karimnagar,508,Gangadhara,4422,Garsekurthi,గార్సేకుర్తి,transliterated,572217,505445,,
Telangana,Ranga Reddy,518,Thalakondapally,4562,Garvipalle,గర్విపల్లె,transliterated,575274,509357,,
Telangana,Khammam,509,Yerrupalem,4767,Gatla Gowraram,గట్ల గౌరారాం,transliterated,579896,507201,,
Telangana,Hanumakonda,686,Shayampet,4691,Gatlakaniparthy,గత్లకనిపర్థ్య్,transliterated,578078,506319,,
Telangana,Wanaparthy,693,Peddamandadi,4594,Gatlakhanapur,గట్లాఖానాపూర్,transliterated,576030,509382,,
Telangana,Sangareddy,691,Manoor,4451,Gatlingampalle,గట్లింగంపల్లె,transliterated,572768,502286,,
Telangana,Mancherial,684,Kasipet,4349,Gatrapalle,గాత్రపల్లె,transliterated,570498,504218,,
Telangana,Adilabad,501,Inderavelly,4311,Gattepalle,గట్టేపల్లె,transliterated,569174,504346,,
Telangana,Peddapalli,682,Sulthanabad,4425,Gattepalle,గట్టేపల్లె,transliterated,572267,505185,,
Telangana,Suryapet,696,Atmakur (S),4622,Gattikal,గట్టికల్,transliterated,576625,508224,,
Telangana,Ranga Reddy,518,Thalakondapally,4562,Gattu Ippalapalle,గట్టు ఇప్పలపల్లె,transliterated,575276,509320,,
Telangana,Khammam,509,Kusumanchi,4755,Gattu Singaram,గట్టు సింగారం,transliterated,579646,507159,,
Telangana,Karimnagar,508,Gangadhara,4422,Gattuboothkur,గట్టుబూత్కూర్,transliterated,572216,505445,,
Telangana,Karimnagar,508,Manakondur,4427,Gattududdenapalle,గట్టుదుద్దెనపల్లె,transliterated,572297,505469,,
Telangana,Bhadradri Kothagudem,690,Laxmidevipalli,6266,Gattumalla,గట్టుమల్ల,transliterated,579375,507118,,
Telangana,Nagarkurnool,694,Telkapally,4581,Gattunellikuduru,గట్టునెల్లికుదురు,transliterated,575690,509385,,
Telangana,Peddapalli,682,Peddapalli,4408,Gattusingaram,గట్టుసింగారం,transliterated,571986,505174,,
Telangana,Nagarkurnool,694,Balmoor,4597,Gattuthumman,గట్టుతుమ్మన్,transliterated,576084,509375,,
Telangana,Medak,513,Shankarampet (R),4467,Gavalpalle,గావాల్పల్లె,transliterated,573171,502248,,
Telangana,Warangal,522,Sangem,4705,Gavicherla,గావిచర్ల,transliterated,578326,506310,,
Telangana,Nirmal,680,Mamada,4346,Gayadpalle,గాయడ్పల్లె,transliterated,570399,504310,,
Telangana,Suryapet,696,Chivemla,4639,Gayamvari Guda,గయంవరి గుద,transliterated,576966,508214,,
Telangana,Nalgonda,514,Kondamallepally,6307,Gazinagar,గాజీనగర్,transliterated,577245,508243,,
Telangana,Vikarabad,698,Peddemul,4533,Gazipur,గాజీపూర్,transliterated,574431,501142,,
Telangana,Warangal,522,Geesugonda,4707,Geesugonda,గీసుగొండ,authoritative,578346,506330,,
Telangana,Vikarabad,698,Kulkacharla,4539,Ghanapur,ఘనాపూర్,transliterated,574597,501502,,
Telangana,Nagarkurnool,694,Achampet,4579,Ghanapur,ఘనపూర్,transliterated,575651,509375,,
Telangana,Mulugu,720,Wajedu,4723,Ghanapuram (Z),ఘనపురం (జ్),transliterated,578724,507136,,
Telangana,Karimnagar,508,Veenavanka,4439,Ghanmukla,ఘన్ముక్ల,transliterated,572532,505502,,
Telangana,Nalgonda,514,Gudipally,7527,Ghanpalle,ఘంపల్లె,transliterated,577364,508257,,
Telangana,Adilabad,501,Sonala,7516,Ghanpur,ఘనపూర్,authoritative,569672,504304,,
Telangana,Nizamabad,516,Chandur,6669,Ghanpur,ఘనపూర్,authoritative,571196,503206,,
Telangana,Karimnagar,508,V.Saidapur,4445,Ghanpur,ఘనపూర్,authoritative,572639,505472,,
Telangana,Sangareddy,691,Kangti,4450,Ghanpur,ఘనపూర్,authoritative,572703,502287,,
Telangana,Siddipet,692,Nangnoor,4461,Ghanpur,ఘనపూర్,authoritative,573039,502280,,
Telangana,Siddipet,692,Thoguta,4463,Ghanpur,ఘనపూర్,authoritative,573065,502114,,
Telangana,Vikarabad,698,Marpalle,4512,Ghanpur,ఘనపూర్,authoritative,573970,501202,,
Telangana,Wanaparthy,693,Ghanpur,4585,Ghanpur,ఘనపూర్,authoritative,575777,509380,,
Telangana,Nalgonda,514,Gudipally,7527,Ghanpur,ఘనపూర్,authoritative,577367,508257,,
Telangana,Jayashankar Bhupalapally,687,Ghanpur (Mulug),4683,Ghanpur,ఘనపూర్,authoritative,577848,506345,,
Telangana,Nizamabad,516,Dichpally,4377,Ghanpur (Ct),ఘన్పూర్ (సీటీ),transliterated,571239,503175,,
Telangana,Kamareddy,685,Machareddy,4380,Ghanpur (M),ఘన్పూర్ (మ్),transliterated,571300,503112,,
Telangana,Kamareddy,685,Ramareddy,6243,Ghanpur (R),ఘన్పూర్ (ర్),transliterated,571288,503144,,
Telangana,Jangoan,689,Ghanpur (Station),4676,Ghanpur (Station) (Ct),ఘన్పూర్ (స్టేషన్) (సీటీ),transliterated,577709,506143,,
Telangana,Ranga Reddy,518,Shamshabad,4543,Ghansimiaguda,ఘాన్సీమియాగూడ,authoritative,574747,509325,,
Telangana,Medchal Malkajgiri,700,Ghatkesar,4523,Ghatkesar,ఘటకేసర్,authoritative,909533,501301,,
Telangana,Nalgonda,514,Gudipally,7527,Ghatnemilipur,ఘట్నెమిలిపూర్,transliterated,577369,508257,,
Telangana,Vikarabad,698,Pudur,4541,Ghatpalle,ఘట్పల్లె,transliterated,574691,501102,,
Telangana,Ranga Reddy,518,Maheshwaram,4544,Ghatpalle,ఘట్పల్లె,transliterated,574780,509325,,
Telangana,Vikarabad,698,Dharur,4531,Ghattepalle,ఘట్టేపల్లె,transliterated,574353,501121,,
Telangana,Adilabad,501,Utnoor,4321,Ghatti,ఘట్టి,transliterated,569560,504346,,
Telangana,Jogulamba Gadwal,695,Ghattu,4605,Ghattu,ఘట్టు,authoritative,576270,509129,,
Telangana,Mulugu,720,Wajedu,4723,Ghattuveerapuram (Z),ఘత్తువీరపురం (జ్),transliterated,578690,507136,,
Telangana,Adilabad,501,Tamsi,4305,Ghotkuri,ఘోట్కూరి,transliterated,568968,504309,,
Telangana,Kumuram Bheem Asifabad,699,Lingapur,6311,Ghumnur (Buzurg),ఘుమ్నూర్ (బుజుర్గ్),transliterated,569771,504313,,
Telangana,Kamareddy,685,Ramareddy,6243,Gidda,గిడ్డ,transliterated,571310,503144,,
Telangana,Jayashankar Bhupalapally,687,Chityal,4681,Giddemutharam,గిద్దెముత్తరం,transliterated,577793,506356,,
Telangana,Adilabad,501,Bhoraj,7529,Gimma (Khurd),గిమ్మ (ఖుర్ద్),transliterated,569025,504309,,
Telangana,Adilabad,501,Bhoraj,7529,Gimma Buzurg,గిమ్మ బుజుర్గ్,transliterated,569021,504309,,
Telangana,Vikarabad,698,Tandur,4534,Gingurthy,గింగుర్తి,transliterated,574444,501141,,
Telangana,Sangareddy,691,Jharasangam,4476,Giniyarpalle,గినియర్పల్లె,transliterated,573433,502321,,
Telangana,Kumuram Bheem Asifabad,699,Tiryani,4333,Ginnedari,గిన్నెదరి,transliterated,569989,504297,,
Telangana,Adilabad,501,Inderavelly,4311,Ginnera,గిన్నెర,transliterated,569171,504346,,
Telangana,Siddipet,692,Kondapak,4462,Giraipalle,గిరైపల్లె,transliterated,573052,502372,,
Telangana,Vikarabad,698,Vikarabad,4530,Girgetpalle (R),గిర్గెట్పల్లె (ర్),transliterated,574320,501101,,
Telangana,Vikarabad,698,Yelal,4536,Girijapur,గిరిజాపూర్,transliterated,574531,501144,,
Telangana,Ranga Reddy,518,Madgul,4564,Girikothapalle,గిరికొథపల్లె,transliterated,575306,509327,,
Telangana,Mahabubabad,688,Maripeda,4720,Giripuram,గిరిపురం,transliterated,578637,506315,,
Telangana,Adilabad,501,Bazarhatnoor,4323,Girjai,గిర్జాయి,transliterated,569640,504304,,
Telangana,Adilabad,501,Ichoda,4322,Girjam,గిర్జాం,transliterated,569613,504307,,
Telangana,Siddipet,692,Wargal,4485,Girmapur,గిర్మాపూర్,transliterated,573679,502334,,
Telangana,Sangareddy,691,Kondapur,4491,Girmapur,గిర్మపూర్,transliterated,573849,502306,,
Telangana,Vikarabad,698,Peddemul,4533,Girmapur,గిర్మాపూర్,transliterated,574429,501142,,
Telangana,Adilabad,501,Bazarhatnoor,4323,Girnur,గిర్నూర్,transliterated,569664,504307,,
Telangana,Nalgonda,514,Chinthapally,4650,Godakandla,గోడకండ్ల,transliterated,577164,508245,,
Telangana,Kamareddy,685,Pitlam,4384,Godamgaon,గొదంగాంవ్,transliterated,571407,503310,,
Telangana,Vikarabad,698,Vikarabad,4530,Godamguda,గోదాంగూడ,transliterated,574377,501101,,
Telangana,Nirmal,680,Kubeer,4338,Godapur,గోదాపూర్,transliterated,570155,504103,,
Telangana,Sangareddy,691,Mogudampally,6278,Godegarpalle (Patti Dhanasiri),గోడెగార్పల్లె (పట్టి ధనసిరి),transliterated,573353,502221,,
Telangana,Nirmal,680,Lokeswaram,4342,Godesra,గోడెస్రా,transliterated,570301,504104,,
Telangana,Sangareddy,691,Kohir,4475,Godgar Palle,గోడ్గర్ పల్లె,transliterated,573394,502318,,
Telangana,Karimnagar,508,V.Saidapur,4445,Godisala,గోడిశాల,transliterated,572634,505480,,
Telangana,Jagitial,681,Endapalli,7539,Godishelpet,గొదిశెల్పెత్,transliterated,571729,505526,,
Telangana,Nirmal,680,Sarangapur,4336,Godsera,గోడ్సెరా,transliterated,570091,504110,,
Telangana,Nirmal,680,Kubeer,4338,Godsera,గోడ్సెరా,transliterated,570163,504103,,
Telangana,Siddipet,692,Doultabad,4465,Godugupalle,గొదుగుపల్లె,transliterated,573109,502247,,
Telangana,Jagitial,681,Ibrahimpatnam,4393,Godur,గోదూర్,transliterated,571613,505325,,
Telangana,Kumuram Bheem Asifabad,699,Tiryani,4333,Goena,గోయినా,transliterated,569970,504297,,
Telangana,Bhadradri Kothagudem,690,Cherla,4726,Gogubaka (Z),గోగుబాక (జ్),transliterated,578910,507140,,
Telangana,Peddapalli,682,Anthergaon,6214,Goilwada,గోయిల్వాడ,transliterated,571743,505514,,
Telangana,Kamareddy,685,Madnoor,4372,Gojegaon,గోజెగాన్,transliterated,571049,503309,,
Telangana,Vikarabad,698,Doulathabad,4552,Gokafasalwad,గోకఫసల్వాడ్,transliterated,574992,509336,,
Telangana,Yadadri Bhuvanagiri,697,Valigonda,4627,Gokaram,గోకారం,transliterated,576738,508254,,
Telangana,Khammam,509,Kalluru,4763,Gokaram,గోకారం,transliterated,579803,507209,,
Telangana,Khammam,509,Mudigonda,4758,Gokinapally,గొకినపల్లి,transliterated,579690,507158,,
Telangana,Adilabad,501,Bazarhatnoor,4323,Gokonda,గోకొండ,transliterated,569643,504304,,
Telangana,Jogulamba Gadwal,695,Manopad,4611,Gokulapad,గొకులపద్,transliterated,576410,509128,,
Telangana,Narayanpet,721,Kothapally (15),7537,Gokulnagar,గోకులనగర్,transliterated,575045,509371,,
Telangana,Yadadri Bhuvanagiri,697,Alair,4617,Golanakonda,గోళనకొండ,transliterated,576545,508101,,
Telangana,Kamareddy,685,Nagireddypet,4387,Golilingal,గొలిలింగల్,transliterated,571492,503108,,
Telangana,Ranga Reddy,518,Shamshabad,4543,Golkonda Kalan,గొల్కొంద కలన్,transliterated,574759,501218,,
Telangana,Ranga Reddy,518,Shamshabad,4543,Golkonda Khurd,గోల్కొండ ఖుర్ద్,transliterated,574756,501218,,
Telangana,Mahabubabad,688,Dornakal,4722,Gollacherla,గోల్ల చెర్లా,authoritative,578668,506368,,
Telangana,Adilabad,501,Bheempur,6223,Gollaghat,గొల్లఘాట్,transliterated,568955,504312,,
Telangana,Mancherial,684,Kannepally,6229,Gollaghat,గొల్లఘత్,transliterated,569826,504219,,
Telangana,Suryapet,696,Atmakur (S),4622,Gollaguda,గొల్లగూడ,transliterated,576640,508212,,
Telangana,Nalgonda,514,Nalgonda,4646,Gollaguda (R) (Og),గొల్లగూడ (ర్) (ఒగ్),transliterated,577107,508001,,
Telangana,Bhadradri Kothagudem,690,Laxmidevipalli,6266,Gollagudem,గొల్లగూడెం,authoritative,579374,507118,,
Telangana,Khammam,509,Penuballi,4752,Gollagudem,గొల్లగూడెం,authoritative,579587,507302,,
Telangana,Yadadri Bhuvanagiri,697,Bibinagar,4629,Gollagudem,గొల్లగూడెం,authoritative,909744,508285,,
Telangana,Yadadri Bhuvanagiri,697,Thurkapally,4614,Gollagudem,గొల్లగూడెం,authoritative,909951,508117,,
Telangana,Khammam,509,Khammam (Rural),4756,Gollapadu,గోళ్లపాడు,authoritative,579656,507003,,
Telangana,Mancherial,684,Nennel,4331,Gollapalle,గొల్లపల్లె,authoritative,569924,504219,,
Telangana,Kamareddy,685,Ramareddy,6243,Gollapalle,గొల్లపల్లె,authoritative,571325,503144,,
Telangana,Peddapalli,682,Sulthanabad,4425,Gollapalle,గొల్లపల్లె,authoritative,572254,505186,,
Telangana,Medak,513,Narsapur,4488,Gollapalle,గొల్లపల్లె,authoritative,573762,502313,,
Telangana,Sangareddy,691,Kondapur,4491,Gollapalle,గొల్లపల్లె,authoritative,573862,502295,,
Telangana,Ranga Reddy,518,Chevella,4529,Gollapalle,గొల్లపల్లె,authoritative,574291,501503,,
Telangana,Mahabubnagar,512,Jadcherla,4567,Gollapalle,గొల్లపల్లె,authoritative,575359,509302,,
Telangana,Jangoan,689,Devaruppula,4701,Gollapalle,గొల్లపల్లె,authoritative,578267,506302,,
Telangana,Ranga Reddy,518,Shamshabad,4543,Gollapalle Kalan,గొల్లపల్లె కలన్,transliterated,574754,501218,,
Telangana,Ranga Reddy,518,Shamshabad,4543,Gollapalle Khurd,గొల్లపల్లె ఖుర్ద్,transliterated,574751,501218,,
Telangana,Jagitial,681,Gollapalli,4412,Gollapalli,గొల్లపల్లి,authoritative,572042,505532,,
Telangana,Rajanna Sircilla,683,Yellareddipet,4432,Gollapalli,గొల్లపల్లి,authoritative,572397,505305,,
Telangana,Bhadradri Kothagudem,690,Tekulapalli,4739,Gollapally,గొల్లపల్లి,transliterated,579396,507124,,
Telangana,Nizamabad,516,Dichpally,4377,Gollapally,గొల్లపల్లి,transliterated,909496,503175,,
Telangana,Nalgonda,514,Chinthapally,4650,Gollapally,గొల్లపల్లి,transliterated,909841,508250,,
Telangana,Khammam,509,Wyra,4764,Gollapudi,గొల్లపూడి,authoritative,579821,507165,,
Telangana,Adilabad,501,Sonala,7516,Gollapur,గొల్లాపూర్,transliterated,569683,504304,,
Telangana,Kumuram Bheem Asifabad,699,Rebbena,4327,Gollet,గొల్లెత్,transliterated,569794,504292,,
Telangana,Ranga Reddy,518,Maheshwaram,4544,Gollor,గోల్లోర్,transliterated,574764,509325,,
Telangana,Yadadri Bhuvanagiri,697,Valigonda,4627,Golne Palle,గోల్నే పల్లె,transliterated,576739,508112,,
Telangana,Medak,513,Shivampet,4487,Gomaram,గోమారం,transliterated,573744,502313,,
Telangana,Bhadradri Kothagudem,690,Cherla,4726,Gommugudem (Z),గొమ్ముగూడెం (జ్),transliterated,578895,507140,,
Telangana,Bhadradri Kothagudem,690,Cherla,4726,Gompalli (Z),గొంపల్లి (జ్),transliterated,578856,507133,,
Telangana,Nalgonda,514,Gundlapally,4651,Gonakole,గోనాకోల్,transliterated,577203,508258,,
Telangana,Sangareddy,691,Nagalgidda,6280,Gondagaon,గొండగాన్,transliterated,572742,502286,,
Telangana,Adilabad,501,Gudihatnoor,4310,Gondharkapur,గోంధర్కాపూర్,transliterated,569164,504308,,
Telangana,Kumuram Bheem Asifabad,699,Kagaznagar,4318,Gondi,గొంది,authoritative,569448,504292,,
Telangana,Bhadradri Kothagudem,690,Aswapuram,4728,Gondigudem,గొందిగూడెం,transliterated,578926,507116,,
Telangana,Suryapet,696,Ananthagiri,6302,Gondriyala,గోండ్రియాల,transliterated,577561,508206,,
Telangana,Nirmal,680,Dasturabad,6207,Gondserial,గోండ్సీరియల్,transliterated,570072,504202,,
Telangana,Siddipet,692,Chinnakodur,4460,Gonepalle,గోనేపల్లె,transliterated,573017,502267,,
Telangana,Mulugu,720,Tadvai,4687,Gonepalle,గోనేపల్లె,transliterated,577962,506347,,
Telangana,Nizamabad,516,Bheemgal,4364,Gongappul,గొంగప్పుల్,transliterated,570855,503307,,
Telangana,Sangareddy,691,Chowtakur,7188,Gongojipet,గోంగోజీపేట,transliterated,573494,502293,,
Telangana,Jogulamba Gadwal,695,Gadwal,4603,Gonpad,గంపాడ్,authoritative,576227,509133,,
Telangana,Mulugu,720,Tadvai,4687,Gopaigudem (P.A),గోపాయిగూడెం (ప్.అ),transliterated,577991,506347,,
Telangana,Yadadri Bhuvanagiri,697,Thurkapally,4614,Gopal Puram,గోపాల్ పురం,transliterated,576475,508117,,
Telangana,Khammam,509,Kalluru,4763,Gopaladeviboinapally,గోపాలాదేవీబోయినపల్లి,transliterated,579797,507209,,
Telangana,Mahabubabad,688,Thorrur,4715,Gopalagiri,గొపలగిరి,transliterated,578537,506163,,
Telangana,Mahabubnagar,512,Bhoothpur,4574,Gopalapur (Khurd),గోపాలాపూర్ (ఖుర్ద్),transliterated,575548,509382,,
Telangana,Suryapet,696,Mothey,4640,Gopalapuram,గోపాలపురం,authoritative,576992,508212,,
Telangana,Suryapet,696,Huzurnagar,4669,Gopalapuram,గోపాలపురం,authoritative,910370,508204,,
Telangana,Bhadradri Kothagudem,690,Mulkalapally,4748,Gopalaraopeta (D),గోపాలరావుపేట (డ్),transliterated,579514,507117,,
Telangana,Wanaparthy,693,Weepangandla,4608,Gopaldinne,గోపాల్దిన్నే,transliterated,576186,509105,,
Telangana,Jogulamba Gadwal,695,Itikyala,4607,Gopaldinne,గొపల్దిన్నె,transliterated,576301,509128,,
Telangana,Mancherial,684,Tandur,4332,Gopalnagar,గోపాలనగర్,transliterated,569957,504272,,
Telangana,Nirmal,680,Sarangapur,4336,Gopalpet,గోపాల్పేట,transliterated,570098,504110,,
Telangana,Wanaparthy,693,Gopalpeta,4596,Gopalpeta,గోపాల్పేట,transliterated,576072,509206,,
Telangana,Khammam,509,Thallada,4762,Gopalpeta,గోపాల్పేట,transliterated,579769,507167,,
Telangana,Mancherial,684,Jaipur,4355,Gopalpur,గోపాల్పూర్,transliterated,570649,504216,,
Telangana,Peddapalli,682,Manthani,4401,Gopalpur,గోపాల్పూర్,transliterated,571815,505184,,
Telangana,Karimnagar,508,Ganneruvaram,6232,Gopalpur,గోపాల్పూర్,transliterated,572493,505530,,
Telangana,Hanumakonda,686,Elkathurthy,4449,Gopalpur,గోపాల్పూర్,transliterated,572688,505476,,
Telangana,Siddipet,692,Jagdevpur,4484,Gopalpur,గోపాల్పూర్,transliterated,573651,502312,,
Telangana,Vikarabad,698,Peddemul,4533,Gopalpur,గోపాల్పూర్,transliterated,574415,501142,,
Telangana,Wanaparthy,693,Pangal,4601,Gopalpur,గోపాల్పూర్,transliterated,576170,509120,,
Telangana,Jayashankar Bhupalapally,687,Chityal,4681,Gopalpur,గొపల్పూర్,transliterated,577820,506170,,
Telangana,Mahabubabad,688,Kothaguda,4710,Gopalpur,గోపాల్పూర్,transliterated,578440,506135,,
Telangana,Hanumakonda,686,Hanamkonda,4695,Gopalpur (Og),గోపాల్పూర్ (ఒగ్),transliterated,578164,506015,,
Telangana,Karimnagar,508,Ramadugu,4423,Gopalraopet,గోపాల్రావుపేట,transliterated,572229,505531,,
Telangana,Nizamabad,516,Nizamabad Rural,6233,Gopanpalle,గోపన్పల్లె,transliterated,570933,503003,,
Telangana,Kamareddy,685,Bichkunda,4374,Gopanpalle,గోపన్పల్లె,transliterated,571131,503306,,
Telangana,Sangareddy,691,Mogudampally,6278,Gopanpalle,గోపన్పల్లె,transliterated,573352,502221,,
Telangana,Vikarabad,698,Tandur,4534,Gopanpalle,గోపన్పల్లె,transliterated,574462,501141,,
Telangana,Mahabubnagar,512,Devarakadra,4573,Gopanpalle,గోపన్పల్లె,transliterated,575532,509219,,
Telangana,Jangoan,689,Jangoan,4699,Goparajpalle,గోపరాజపల్లె,transliterated,578223,506175,,
Telangana,Khammam,509,Konijerla,4761,Goparam,గోపారం,transliterated,579762,507305,,
Telangana,Khammam,509,Konijerla,4761,Gopathi,గోపతి,transliterated,579756,507305,,
Telangana,Mahabubnagar,512,Devarakadra,4573,Goplapurkalan,గొప్లపుర్కలన్,transliterated,575522,509409,,
Telangana,Sangareddy,691,Kondapur,4491,Goplaram (Kurd),గోప్లారం (కుర్ద్),transliterated,573853,502295,,
Telangana,Jagitial,681,Buggaram,6213,Gopulapuram,గోపులాపురం,transliterated,571706,505425,,
Telangana,Ranga Reddy,518,Shankarpalle,4515,Gopularam,గోపులారామ్,transliterated,574066,501203,,
Telangana,Rajanna Sircilla,683,Gambhiraopet,4433,Gorantial,గోరాన్షియల్,transliterated,572413,505305,,
Telangana,Suryapet,696,Maddirala,6300,Gorentla,గోరెంట్ల,transliterated,576602,508280,,
Telangana,Kamareddy,685,Nizamsagar,4385,Gorgal,గోర్గల్,transliterated,571430,503302,,
Telangana,Nagarkurnool,694,Thimmajipet,4575,Gorita,గోరిటా,transliterated,575567,509406,,
Telangana,Jogulamba Gadwal,695,Ghattu,4605,Gorlakhandoddi,గొర్లఖాన్‌దొడ్డి,authoritative,576269,509129,,
Telangana,Jayashankar Bhupalapally,687,Bhupalpally,4682,Gorlavedu,గొర్లవేడు,transliterated,577824,506168,,
Telangana,Sangareddy,691,Munipally,4477,Gorreghat,గొర్రెఘాట్,transliterated,573464,502345,,
Telangana,Jagitial,681,Mallial,4413,Gorregundam,గొర్రెగుండం,transliterated,572056,505452,,
Telangana,Kumuram Bheem Asifabad,699,Dahegoan,4329,Gorregutta,గొర్రెగుత్త,transliterated,569845,504273,,
Telangana,Sangareddy,691,Vatpally,6291,Gorrekal,గొర్రెకల్,transliterated,573229,502269,,
Telangana,Warangal,522,Geesugonda,4707,Gorrekunta (Ct),గొర్రెకుంట (సీటీ),transliterated,578354,506006,,
Telangana,Nagarkurnool,694,Peddakothapally,4599,Gorremadugu,గొర్రెమడుగు,transliterated,576144,509401,,
Telangana,Jagitial,681,Mallapur,4394,Gorrepalli,గొర్రెపల్లి,transliterated,571628,505331,,
Telangana,Sangareddy,691,Sirgapoor,6279,Gosaipalle,గోసాయిపల్లె,transliterated,572831,502286,,
Telangana,Khammam,509,Yerrupalem,4767,Gosaveedu,గొసవీదు,transliterated,579873,507201,,
Telangana,Vikarabad,698,Basheerabad,4535,Gotiga Kalan,గోటిగా కలన్,transliterated,574497,501143,,
Telangana,Vikarabad,698,Basheerabad,4535,Gotiga Khurd,గోటిగా ఖుర్ద్,transliterated,574498,501143,,
Telangana,Warangal,522,Nekkonda,4713,Gotlakonda,గొట్లకొండ,transliterated,578503,506369,,
Telangana,Vikarabad,698,Peddemul,4533,Gotlapalle,గొట్లపల్లె,transliterated,574430,501142,,
Telangana,Siddipet,692,Koheda,4443,Gottalamitta,గొట్టాలమిట్ట,transliterated,572597,505481,,
Telangana,Nizamabad,516,Makloor,4367,Gottimukkala,గొట్టిముక్కల,transliterated,570907,503213,,
Telangana,Medak,513,Shankarampet (A),4454,Gottimukkala,గొట్టిముక్కల,transliterated,572856,502290,,
Telangana,Vikarabad,698,Vikarabad,4530,Gottimukla,గొట్టిముక్ల,transliterated,574337,501101,,
Telangana,Kamareddy,685,Domakonda,4392,Gottimukla,గొట్టిముక్ల,transliterated,909513,503123,,
Telangana,Suryapet,696,Thungaturthy,4620,Gottiparthi,గొట్టిపర్తి,transliterated,576582,508280,,
Telangana,Sangareddy,691,Nagalgidda,6280,Goudgaon (Janwada),గౌడ్గాన్ (జన్వాడ),transliterated,572732,502286,,
Telangana,Sangareddy,691,Sirgapoor,6279,Goudgaon [K],గౌద్గాంవ్ [క్],transliterated,572729,502286,,
Telangana,Siddipet,692,Komuravelli,6284,Gouraipalle,గౌరైపల్లె,transliterated,577614,506355,,
Telangana,Jagitial,681,Kodimial,4420,Gourapur,గౌరపూర్,transliterated,572183,505501,,
Telangana,Nizamabad,516,Indalwai,6236,Gouraram,గౌరారాం,transliterated,571250,503164,,
Telangana,Siddipet,692,Wargal,4485,Gouraram,గౌరరమ్,transliterated,573692,502279,,
Telangana,Vikarabad,698,Dudyal,7540,Gouraram,గౌరారాం,transliterated,574939,509338,,
Telangana,Nagarkurnool,694,Telkapally,4581,Gouraram,గౌరారాం,transliterated,575680,509385,,
Telangana,Mulugu,720,Tadvai,4687,Gouraram (P.A),గౌరరమ్ (ప్.అ),transliterated,577971,506344,,
Telangana,Siddipet,692,Akkannapet,6285,Gouravelli,గౌరవెల్లి,transliterated,572617,505467,,
Telangana,Nagarkurnool,694,Telkapally,4581,Goureddypally,గౌరెద్ద్య్పల్లి,transliterated,909643,509385,,
Telangana,Adilabad,501,Inderavelly,4311,Goureepur,గౌరీపూర్,transliterated,569181,504346,,
Telangana,Adilabad,501,Gadiguda,6225,Gouri,గౌరి,transliterated,569228,504311,,
Telangana,Sangareddy,691,Mogudampally,6278,Gousabad,గౌసబద్,transliterated,573358,502221,,
Telangana,Yadadri Bhuvanagiri,697,B Pochampally,4630,Gouse Konda,గౌస్ కొండ,transliterated,576809,508284,,
Telangana,Nagarkurnool,694,Telkapally,4581,Gouthampalle,గౌథంపల్లె,transliterated,575686,509385,,
Telangana,Jangoan,689,Ragunathpally,4698,Govardhanagiri,గోవర్ధనగిరి,authoritative,578215,506301,,
Telangana,Wanaparthy,693,Weepangandla,4608,Govardhangiri,గోవర్ధంగిరి,transliterated,576322,509105,,
Telangana,Wanaparthy,693,Madanapur,6289,Govindahalli,గోవిందహళ్లి,transliterated,575995,509381,,
Telangana,Kumuram Bheem Asifabad,699,Asifabad,4319,Govindapur,గోవిందాపూర్,transliterated,569486,504293,,
Telangana,Nirmal,680,Mudhole,4341,Govindapur,గోవిందాపూర్,transliterated,570243,504101,,
Telangana,Siddipet,692,Doultabad,4465,Govindapur,గొవిందపూర్,transliterated,573141,502247,,
Telangana,Siddipet,692,Wargal,4485,Govindapur,గోవిందాపూర్,transliterated,573678,502334,,
Telangana,Vikarabad,698,Mominpet,4513,Govindapur,గోవిందాపూర్,transliterated,574015,501202,,
Telangana,Vikarabad,698,Pargi,4540,Govindapur,గోవిందాపూర్,transliterated,574638,501501,,
Telangana,Ranga Reddy,518,Kondurg,4558,Govindapur,గోవిందాపూర్,transliterated,575155,509207,,
Telangana,Warangal,522,Nallabelli,4692,Govindapur,గోవిందాపూర్,transliterated,578091,506132,,
Telangana,Mahabubabad,688,Kothaguda,4710,Govindapur,గోవిందాపూర్,transliterated,578406,506135,,
Telangana,Mahabubabad,688,Gudur,4711,Govindapur,గోవిందాపూర్,transliterated,578472,506103,,
Telangana,Sangareddy,691,Zahirabad,4474,Govindapur,గోవిందాపూర్,transliterated,912375,502221,,
Telangana,Bhadradri Kothagudem,690,Dummugudem,4729,Govindapuram,గోవిందాపురం,authoritative,578933,507137,,
Telangana,Khammam,509,Bonakal,4765,Govindapuram,గోవిందాపురం,authoritative,579846,507204,,
Telangana,Sangareddy,691,Hathnoora,4489,Govindarajupalle,గొవిందరజుపల్లె,transliterated,573791,502314,,
Telangana,Jagitial,681,Bheemaram (20),7541,Govindaram,గోవిందరం,transliterated,572109,505306,,
Telangana,Nizamabad,516,Dharpally,4378,Govindpalle,గోవిందపల్లె,authoritative,571248,503165,,
Telangana,Nizamabad,516,Armoor,4360,Govindpet,గోవిందపేట,transliterated,570779,503223,,
Telangana,Khammam,509,Kamepalli,4745,Govindrala,గొవింద్రల,transliterated,579465,507182,,
Telangana,Nizamabad,516,Mosara,6668,Govoor,గొవూర్,transliterated,571197,503206,,
Telangana,Khammam,509,Penuballi,4752,Gowararam,గోవారారం,transliterated,579576,507302,,
Telangana,Medchal Malkajgiri,700,Medchal,4519,Gowdavelli,గౌడవెల్లి,transliterated,574098,501401,,
Telangana,Yadadri Bhuvanagiri,697,Yadagirigutta,4616,Gowraipally,గౌరాయిపల్లి,transliterated,576517,508105,,
Telangana,Bhadradri Kothagudem,690,Dummugudem,4729,Gowraram,గౌరారాం,transliterated,578938,507137,,
Telangana,Mahabubabad,688,Bayyaram,4742,Gowraram,గొవ్రరమ్,transliterated,579434,507211,,
Telangana,Peddapalli,682,Peddapalli,4408,Gowreddipeta,గౌరెడ్డిపేట,transliterated,571987,505174,,
Telangana,Ranga Reddy,518,Abdullapurmet,6319,Gowrelli,గౌరెల్లి,transliterated,574181,501505,,
Telangana,Kumuram Bheem Asifabad,699,Kerameri,4313,Gowri,గౌరి,transliterated,569263,504293,,
Telangana,Sangareddy,691,Vatpally,6291,Gowtapoor,గౌతాపూర్,transliterated,573232,502270,,
Telangana,Kumuram Bheem Asifabad,699,Kerameri,4313,Goyagaon,గోయాగాన్,transliterated,569286,504293,,
Telangana,Kumuram Bheem Asifabad,699,Tiryani,4333,Goyagaon,గోయాగాన్,transliterated,569983,504297,,
Telangana,Adilabad,501,Ichoda,4322,Gubba,గుబ్బ,transliterated,569598,504307,,
Telangana,Khammam,509,Konijerla,4761,Gubbagurthi,గుబ్బగుర్తి,authoritative,579750,507165,,
Telangana,Adilabad,501,Bela,4308,Guda,గుడ,transliterated,569076,504309,,
Telangana,Jayashankar Bhupalapally,687,Bhupalpally,4682,Gudadupalle,గూడదుపల్లె,transliterated,577826,506168,,
Telangana,Kumuram Bheem Asifabad,699,Jainoor,4320,Gudamamda,గుదామంద,transliterated,569543,504311,,
Telangana,Mancherial,684,Vemanpally,4330,Gudampet,గూడంపేట,transliterated,569901,504214,,
Telangana,Nalgonda,514,Munugode,4647,Gudapur,గుదపూర్,transliterated,577119,508244,,
Telangana,Mahabubnagar,512,Hanwada,4555,Guddimalkapur,గుడ్డిమల్కాపూర్,transliterated,575071,509334,,
Telangana,Hyderabad,507,Asif Nagar,4506,Guddimalkapur,గుద్దిమల్కపూర్,transliterated,927791,500028,,
Telangana,Yadadri Bhuvanagiri,697,Narayanpur,4648,Guddimalkapuram,గుడ్డిమల్కాపురం,transliterated,577135,508253,,
Telangana,Narayanpet,721,Krishna,6264,Gudebellur,గుడెబెల్లూర్,transliterated,575925,509352,,
Telangana,Kumuram Bheem Asifabad,699,Chintalamanepally,6314,Gudem,గూడెం (శ్రీకాకుళం మండలం),authoritative,569403,504299,,
Telangana,Kamareddy,685,Kamareddy,4390,Gudem,గూడెం (శ్రీకాకుళం మండలం),authoritative,571549,503111,,
Telangana,Peddapalli,682,Odela,4426,Gudem,గూడెం (శ్రీకాకుళం మండలం),authoritative,572281,505152,,
Telangana,Rajanna Sircilla,683,Mustabad,4434,Gudem,గూడెం (శ్రీకాకుళం మండలం),authoritative,572433,505404,,
Telangana,Sangareddy,691,Patancheru,4494,Gudemgadda,గుదెంగద్ద,transliterated,916336,502313,,
Telangana,Kumuram Bheem Asifabad,699,Rebbena,4327,Gudepalle,గూడెపల్లె,transliterated,569807,504292,,
Telangana,Mancherial,684,Vemanpally,4330,Gudepalle,గూడెపల్లె,transliterated,569896,504214,,
Telangana,Mahabubnagar,512,Devarakadra,4573,Gudibanda,గుడిబండ,authoritative,575531,509409,,
Telangana,Mahabubnagar,512,Addakal,4586,Gudibanda,గుడిబండ,authoritative,575807,509382,,
Telangana,Suryapet,696,Kodad,4668,Gudibanda,గుడిబండ,authoritative,577564,508238,,
Telangana,Nagarkurnool,694,Urkonda,6295,Gudiganpalle,గుడిగన్పల్లె,transliterated,575353,509357,,
Telangana,Kumuram Bheem Asifabad,699,Asifabad,4319,Gudigudi,గుదిగుది,transliterated,569485,504293,,
Telangana,Nizamabad,516,Kammarpally,4363,Gudilingapur,గుడిలింగాపూర్,transliterated,570840,503308,,
Telangana,Suryapet,696,Chinthalapalem,6303,Gudimalkapuram,గుడిమల్కాపురం,transliterated,577597,508246,,
Telangana,Khammam,509,Khammam (Rural),4756,Gudimalla,గుదిమళ్ళ,authoritative,579671,507003,,
Telangana,Jayashankar Bhupalapally,687,Mogullapally,4680,Gudipahad,గుదిపహద్,transliterated,577782,506366,,
Telangana,Nagarkurnool,694,Nagarkurnool,4583,Gudipalle,గుడిపల్లె,transliterated,575737,509235,,
Telangana,Peddapalli,682,Palakurthy,6215,Gudipalli,గుడిపల్లి,authoritative,571749,505187,,
Telangana,Mancherial,684,Nennel,4331,Gudipet,గుడిపేట,transliterated,569939,504204,,
Telangana,Nalgonda,514,Kethepally,4637,Gudiwada,గుడివాడ,transliterated,576933,508211,,
Telangana,Kumuram Bheem Asifabad,699,Koutala,4316,Gudlabori,గుడ్లబోరి,transliterated,569375,504299,,
Telangana,Jayashankar Bhupalapally,687,Kataram,4402,Gudoor,గుదూర్,transliterated,571824,505503,,
Telangana,Ranga Reddy,518,Kandukur,4545,Gudoor,గుడూర్,transliterated,574805,500113,,
Telangana,Sangareddy,691,Mogudampally,6278,Gudpalle,గుడ్పల్లె,transliterated,573356,502221,,
Telangana,Vikarabad,698,Vikarabad,4530,Gudpalle,గుడ్పల్లె,transliterated,574339,501101,,
Telangana,Suryapet,696,Palakeedu,6301,Guduguntla Palem,గుడుగుంట్ల పాలెం,transliterated,577528,508218,,
Telangana,Nirmal,680,Mudhole,4341,Gudur,గూడూరు,authoritative,570244,504101,,
Telangana,Rajanna Sircilla,683,Mustabad,4434,Gudur,గూడూరు,authoritative,572435,505404,,
Telangana,Sangareddy,691,Nagalgidda,6280,Gudur,గూడూరు,authoritative,572748,502286,,
Telangana,Vikarabad,698,Doma,4537,Gudur,గూడూరు,authoritative,574544,501502,,
Telangana,Ranga Reddy,518,Kothur,4560,Gudur,గూడూరు,authoritative,575216,509325,,
Telangana,Nagarkurnool,694,Amrabad,4578,Gudur,గూడూరు,authoritative,575624,509201,,
Telangana,Mahabubnagar,512,Chinnachintakunta,4587,Gudur,గూడూరు,authoritative,575828,509110,,
Telangana,Yadadri Bhuvanagiri,697,Bibinagar,4629,Gudur,గూడూరు,authoritative,576783,508126,,
Telangana,Nalgonda,514,Miryalaguda,4664,Gudur,గూడూరు,authoritative,577503,508208,,
Telangana,Jangoan,689,Palakurthy,4697,Gudur,గూడూరు,authoritative,578186,506252,,
Telangana,Mahabubabad,688,Gudur,4711,Gudur,గూడూరు,authoritative,578467,506134,,
Telangana,Khammam,509,Vemsoor,4768,Guduru,గూడూరు,authoritative,579903,507303,,
Telangana,Khammam,509,Khammam (Rural),4756,Gudurupadu,గుడురుపాడు,transliterated,579650,507003,,
Telangana,Siddipet,692,Bejjanki,4437,Guggilla,గుగ్గిళ్ళ,transliterated,572509,505528,,
Telangana,Yadadri Bhuvanagiri,697,Narayanpur,4648,Gujja,గుజ్జ,transliterated,577145,508253,,
Telangana,Kamareddy,685,Gandhari,4382,Gujjul,గుజ్జుల్,transliterated,571340,503114,,
Telangana,Medchal Malkajgiri,700,Medipally,6318,Gulam Aliguda,గులాం అలిగూడ,transliterated,574159,500098,,
Telangana,Adilabad,501,Bheempur,6223,Guledi,గులేది,transliterated,568946,504312,,
Telangana,Mancherial,684,Luxettipet,4353,Gullakota,గుల్లకొత,transliterated,570588,504207,,
Telangana,Jagitial,681,Endapalli,7539,Gullakota,గుల్లకోట,transliterated,571721,505526,,
Telangana,Jagitial,681,Jagitial Rural,6211,Gullapeta,గుల్లపేట,transliterated,572073,505529,,
Telangana,Nirmal,680,Narsapur G,6208,Gulmadaga,గుల్మదగ,transliterated,570110,504109,,
Telangana,Vikarabad,698,Doma,4537,Gumdal,గుండాల్,transliterated,574557,509335,,
Telangana,Nizamabad,516,Yergatla,6239,Gumeriyal,గుమేరియల్,transliterated,570810,503308,,
Telangana,Jagitial,681,Korutla,4416,Gumlapur,గుమ్లాపూర్,transliterated,572123,505453,,
Telangana,Karimnagar,508,Choppadandi,4424,Gumlapur,గుమ్లాపూర్,transliterated,572244,505531,,
Telangana,Wanaparthy,693,Pebbair,4602,Gummadam,గుమ్మడం,transliterated,576220,509104,,
Telangana,Ranga Reddy,518,Kandukur,4545,Gummadavalle,గుమ్మడవాళ్లే,transliterated,574810,501506,,
Telangana,Suryapet,696,Maddirala,6300,Gummadavally,గుమ్మడవల్లి,transliterated,576589,508280,,
Telangana,Nalgonda,514,Kondamallepally,6307,Gummadavally,గుమ్మడవల్లి,transliterated,577241,508257,,
Telangana,Jayashankar Bhupalapally,687,Tekumatla,6248,Gummadavelli,గుమ్మడవెల్లి,transliterated,577803,506356,,
Telangana,Jangoan,689,Lingalaghanpur,4700,Gummadavelli,గుమ్మదవెల్లి,transliterated,578253,506201,,
Telangana,Sangareddy,691,Gummadidala,6277,Gummadidala,గుమ్మడిదల,authoritative,573904,502313,,
Telangana,Bhadradri Kothagudem,690,Aswaraopeta,4749,Gummadivalli,గుమ్మడివల్లి,transliterated,579521,507301,,
Telangana,Jayashankar Bhupalapally,687,Kataram,4402,Gummallapalle,గుమ్మల్లపల్లె,transliterated,571828,505503,,
Telangana,Nirmal,680,Pembi,6206,Gummanuyenglapur,గుమ్మనుయెంగ్లాపూర్,transliterated,570429,504203,,
Telangana,Peddapalli,682,Manthani,4401,Gumnoor,గుమ్నూర్,transliterated,571809,505184,,
Telangana,Nagarkurnool,694,Achampet,4579,Gumpampalle,గుంపంపల్లె,transliterated,575641,509401,,
Telangana,Wanaparthy,693,Srirangapur,6288,Gumpanpalle,గుంపన్పల్లె,transliterated,576207,509104,,
Telangana,Bhadradri Kothagudem,690,Annapureddypalli,6268,Gumpena,గుంపెన,transliterated,579497,507316,,
Telangana,Peddapalli,682,Odela,4426,Gumpula,గుంపుల,transliterated,572282,505152,,
Telangana,Suryapet,696,Chivemla,4639,Gumpula,గుంపుల,transliterated,576975,508214,,
Telangana,Mahabubabad,688,Mahabubabad,4718,Gumudur,గుముదూర్,transliterated,578590,506101,,
Telangana,Kumuram Bheem Asifabad,699,Koutala,4316,Gundaipet,గుందైపెత్,transliterated,569372,504299,,
Telangana,Ranga Reddy,518,Chevella,4529,Gundal,గుండాల్,transliterated,574312,501503,,
Telangana,Adilabad,501,Narnoor,4312,Gundala,గుండాల,authoritative,569244,504311,,
Telangana,Adilabad,501,Ichoda,4322,Gundala,గుండాల,authoritative,569628,504307,,
Telangana,Kumuram Bheem Asifabad,699,Tiryani,4333,Gundala,గుండాల,authoritative,570007,504297,,
Telangana,Yadadri Bhuvanagiri,697,Gundala,4618,Gundala,గుండాల,authoritative,576560,508277,,
Telangana,Bhadradri Kothagudem,690,Gundala,4741,Gundala,గుండాల,authoritative,579417,507123,,
Telangana,Nirmal,680,Dilawarpur,4343,Gundampalle,గుందంపల్లె,transliterated,570320,504306,,
Telangana,Jagitial,681,Mallapur,4394,Gundampalli,గుందంపల్లి,transliterated,571636,505331,,
Telangana,Nizamabad,516,Nizamabad Rural,6233,Gundaram,గుండారం,transliterated,570922,503186,,
Telangana,Kamareddy,685,Rajampet,6241,Gundaram,గుండారం,transliterated,571540,503110,,
Telangana,Peddapalli,682,Kamanpur,4400,Gundaram,గుండారం,transliterated,571769,505188,,
Telangana,Rajanna Sircilla,683,Yellareddipet,4432,Gundaram,గుందరమ్,transliterated,572395,505305,,
Telangana,Siddipet,692,Bejjanki,4437,Gundaram(P.S.),గుందరమ్(ప్.స్.),transliterated,572488,505528,,
Telangana,Medak,513,Toopran,4482,Gundareddipalle,గుండారెడ్డిపల్లె,transliterated,573587,502335,,
Telangana,Siddipet,692,Siddipet Urban,4459,Gundavallikhurd,గుండవల్లిఖుర్ద్,transliterated,572992,502107,,
Telangana,Suryapet,696,Palakeedu,6301,Gundeboina Gudem,గుండెబోయిన గుడెం,transliterated,577537,508218,,
Telangana,Hanumakonda,686,Kamalapur,4447,Gunded,గుందెద్,transliterated,572657,505122,,
Telangana,Mahabubnagar,512,Balanagar,4557,Gunded,గండెడ్,transliterated,575106,509202,,
Telangana,Kamareddy,685,Bichkunda,4374,Gundekalloor,గుండెకల్లూర్,transliterated,571125,503309,,
Telangana,Kamareddy,685,Bichkunda,4374,Gundenamali,గుండెనమాలి,transliterated,571143,503187,,
Telangana,Mahabubabad,688,Gudur,4711,Gundenga,గుందెంగ,transliterated,578453,506332,,
Telangana,Mulugu,720,Eturunagaram,4685,Gundenguvai,గుండెంగువై,transliterated,577901,506165,,
Telangana,Kumuram Bheem Asifabad,699,Penchicalpet,6313,Gundepalle,గుండేపల్లె,authoritative,569431,504296,,
Telangana,Vikarabad,698,Doulathabad,4552,Gundepalle,గుండేపల్లె,authoritative,574984,509336,,
Telangana,Bhadradri Kothagudem,690,Julurpadu,4746,Gundepudi,గుందెపుది,transliterated,579482,507166,,
Telangana,Suryapet,696,Thirumalagiri,4619,Gundepuri,గుండెపురి,transliterated,576579,508223,,
Telangana,Kumuram Bheem Asifabad,699,Asifabad,4319,Gundi,గుండి,transliterated,569487,504293,,
Telangana,Adilabad,501,Ichoda,4322,Gundi,గుండి,transliterated,569625,504307,,
Telangana,Karimnagar,508,Ramadugu,4423,Gundi,గుండి,transliterated,572223,505531,,
Telangana,Jogulamba Gadwal,695,Alampur,4612,Gundimalla,గుండిమళ్ళ,authoritative,576435,509152,,
Telangana,Adilabad,501,Ichoda,4322,Gundiwagu,గుండివాగు,transliterated,569632,504307,,
Telangana,Sangareddy,691,Hathnoora,4489,Gundla Machanur,గుండ్ల మచ్చనూర్,transliterated,573806,502296,,
Telangana,Suryapet,696,Mattampally,4670,Gundla Palle,గుండ్లపల్లి,authoritative,577589,508204,,
Telangana,Yadadri Bhuvanagiri,697,Yadagirigutta,4616,Gundla Palle,గుండ్లపల్లి,authoritative,955998,508101,,
Telangana,Bhadradri Kothagudem,690,Manuguru,4727,Gundla Singaram,గుండ్ల సింగారం,transliterated,956058,507117,,
Telangana,Yadadri Bhuvanagiri,697,Choutuppal,4631,Gundlabavi,గుండ్లబావి,transliterated,909756,508252,,
Telangana,Yadadri Bhuvanagiri,697,Alair,4617,Gundlagudem,గుండ్లగూడెం,authoritative,909961,508105,,
Telangana,Jayashankar Bhupalapally,687,Mogullapally,4680,Gundlakarthi,గుంద్లకర్థి,transliterated,577780,506366,,
Telangana,Ranga Reddy,518,Farooqnagar,4559,Gundlakunta,గుండ్లకుంట,authoritative,575192,509216,,
Telangana,Vikarabad,698,Marpalle,4512,Gundlamarpalle,గుండ్లమార్పల్లె,transliterated,573976,501202,,
Telangana,Warangal,522,Nallabelli,4692,Gundlapahad,గుండ్లపహాడ్,transliterated,578102,506132,,
Telangana,Nalgonda,514,Nalgonda,4646,Gundlapalle,గుండ్లపల్లె,authoritative,577095,508002,,
Telangana,Nalgonda,514,Nalgonda,4646,Gundlapally,గుండ్లపల్లి,transliterated,909825,508002,,
Telangana,Medchal Malkajgiri,700,Medchal,4519,Gundlapochampally,గుండ్లపోచంపల్లి,transliterated,574099,500100,,
Telangana,Hanumakonda,686,Velair,6252,Gundlasagar,గుండ్లసాగర్,transliterated,577713,506151,,
Telangana,Mancherial,684,Nennel,4331,Gundlasomaram,గుండ్లసోమరం,transliterated,569929,504251,,
Telangana,Nalgonda,514,Gundlapally,4651,Gundlatipparthi Varipalle,గుండ్లతిప్పర్తి వారిపల్లె,transliterated,577205,508258,,
Telangana,Narayanpet,721,Gundumal,7523,Gundmal,గుండ్మల్,transliterated,574966,509339,,
Telangana,Kamareddy,685,Jukkal,4373,Gundoor,గుండూర్,transliterated,571101,503305,,
Telangana,Nalgonda,514,Chityal,4633,Gundrampally,గుంద్రంపల్లి,transliterated,576864,508114,,
Telangana,Mahabubabad,688,Kothaguda,4710,Gundrapalle,గుండ్రపల్లె,transliterated,578412,506135,,
Telangana,Mahabubabad,688,Kuravi,4721,Gundrathimadugu,గుంద్రథిమదుగు,transliterated,578655,506102,,
Telangana,Khammam,509,Konijerla,4761,Gundrathimadugu,గుండ్రాతిమడుగు,transliterated,579759,507165,,
Telangana,Jayashankar Bhupalapally,687,Kataram,4402,Gundrathpalle,గుంద్రథ్పల్లె,transliterated,571819,505503,,
Telangana,Warangal,522,Nekkonda,4713,Gundrepalle,గుండ్రేపల్లె,transliterated,578499,506122,,
Telangana,Nagarkurnool,694,Kalwakurthy,4576,Gundur,గుండూర్,transliterated,575590,509324,,
Telangana,Ranga Reddy,518,Yacharam,4548,Gungal,గుంగల్,transliterated,574880,501506,,
Telangana,Ranga Reddy,518,Gandipet,6320,Gungurthy,గుంగుర్తి,transliterated,574226,500075,,
Telangana,Hanumakonda,686,Kamalapur,4447,Guniparthi,గునిపర్థి,transliterated,572670,505102,,
Telangana,Kumuram Bheem Asifabad,699,Wankidi,4314,Gunjada,గుంజద,transliterated,569307,504295,,
Telangana,Adilabad,501,Bheempur,6223,Gunjala,గుంజాల,transliterated,568954,504312,,
Telangana,Adilabad,501,Narnoor,4312,Gunjala,గుంజాల,transliterated,569250,504311,,
Telangana,Ranga Reddy,518,Jilled Chowdergudem,6322,Gunjalapahad,గుంజలపహద్,transliterated,575137,509207,,
Telangana,Ranga Reddy,518,Kondurg,4558,Gunjalapahad,గుంజలపహాడ్,transliterated,575170,509207,,
Telangana,Nizamabad,516,Makloor,4367,Gunjali,గుంజాలి,transliterated,570899,503246,,
Telangana,Peddapalli,682,Manthani,4401,Gunjapaduga,గుంజపాడుగా,transliterated,571784,505184,,
Telangana,Jagitial,681,Gollapalli,4412,Gunjapadugu,గుంజపదుగు,transliterated,572050,505532,,
Telangana,Mahabubabad,688,Kothaguda,4710,Gunjedu,గుంజేడు,transliterated,578441,506135,,
Telangana,Kamareddy,685,Mohammadnagar,7520,Gunkul,గుంకుల్,transliterated,571429,503302,,
Telangana,Karimnagar,508,Ganneruvaram,6232,Gunkulkondapur,గుంకుల్కొండాపూర్,transliterated,572501,505530,,
Telangana,Narayanpet,721,Dhanwada,4572,Gunmukla,గుంముక్ల,transliterated,575502,509205,,
Telangana,Mahabubabad,688,Danthalapalle,6255,Gunnepalle,గున్నెపల్లె,transliterated,578609,506324,,
Telangana,Sangareddy,691,Jharasangam,4476,Guntamarpalle,గుంటమార్పల్లె,transliterated,573419,502246,,
Telangana,Ranga Reddy,518,Abdullapurmet,6319,Guntapalle,గుంతపల్లె,transliterated,574192,501512,,
Telangana,Nizamabad,516,Kammarpally,4363,Guntepalle,గుంటెపల్లె,transliterated,570838,503308,,
Telangana,Sangareddy,691,Kondapur,4491,Gunthapalle,గుంతపల్లె,transliterated,573861,502295,,
Telangana,Wanaparthy,693,Atmakur,4592,Guntipalle,గుంటిపల్లె,authoritative,575980,509131,,
Telangana,Kumuram Bheem Asifabad,699,Penchicalpet,6313,Guntlapet,గుంట్లపేట,transliterated,569478,504296,,
Telangana,Mahabubnagar,512,Devarakadra,4573,Gurakonda,గురకొండ,transliterated,575521,509409,,
Telangana,Siddipet,692,Komuravelli,6284,Guravannapet,గురవన్నపేట,transliterated,577619,506355,,
Telangana,Warangal,522,Narsampet,4708,Gurijala,గురిజాల,transliterated,578482,506331,,
Telangana,Mahabubabad,688,Bayyaram,4742,Gurimella,గురిమెల్ల,transliterated,579424,507211,,
Telangana,Kamareddy,685,Bhiknoor,4391,Gurjakunta,గుర్జకుంట,transliterated,571575,503101,,
Telangana,Kamareddy,685,Gandhari,4382,Gurjal,గుర్జాల్,transliterated,571360,503114,,
Telangana,Mancherial,684,Bellampally,4350,Gurjal (R) @ Talla Gurjal,గుర్జాల్ (ర్) @ తల్ల గుర్జాల్,transliterated,570519,504251,,
Telangana,Sangareddy,691,Kohir,4475,Gurjuwada,గుర్జువాడ,transliterated,573387,502321,,
Telangana,Narayanpet,721,Makthal,4589,Gurlapalle,గుర్లపల్లె,transliterated,575881,509208,,
Telangana,Yadadri Bhuvanagiri,697,Valigonda,4627,Gurnadha Palle,గుర్నాధ పల్లె,transliterated,576745,508112,,
Telangana,Yadadri Bhuvanagiri,697,Bibinagar,4629,Gurrala Dandi,గుర్రాల దండి,transliterated,576798,508126,,
Telangana,Bhadradri Kothagudem,690,Dummugudem,4729,Gurralabailu,గుర్రాలబాయిలు,transliterated,579002,507137,,
Telangana,Khammam,509,Khammam (Rural),4756,Gurralapadu,గుర్రాలపాడు,authoritative,579670,507170,,
Telangana,Nalgonda,514,Gurrampode,4657,Gurram Pode,గుర్రం పోడ్,transliterated,577341,508256,,
Telangana,Jogulamba Gadwal,695,Gadwal,4603,Gurramgadda,గుర్రంగద్ద,transliterated,576238,509133,,
Telangana,Bhadradri Kothagudem,690,Chandrugonda,4747,Gurramgudem,గుర్రంగూడెం,transliterated,579500,507171,,
Telangana,Ranga Reddy,518,Jilled Chowdergudem,6322,Gurrampalle,గుర్రంపల్లి,authoritative,575164,509207,,
Telangana,Mahabubabad,688,Thorrur,4715,Gurthur,గుర్తూర్,transliterated,578530,506163,,
Telangana,Vikarabad,698,Dharur,4531,Gurudotla,గురుదొట్ల,transliterated,574368,501121,,
Telangana,Kumuram Bheem Asifabad,699,Koutala,4316,Gurudpet,గురుద్పెత్,transliterated,569385,504299,,
Telangana,Narayanpet,721,Krishna,6264,Gurujala,గురుజాల,authoritative,575923,509352,,
Telangana,Mahabubnagar,512,Nawabpet,4556,Gurukunta,గురుకుంట,transliterated,575080,509340,,
Telangana,Narayanpet,721,Maganoor,4590,Gururaolingampalle,గురురఒలింగంపల్లె,transliterated,575916,509352,,
Telangana,Nizamabad,516,Aloor,7528,Gutpa,గుత్ప,transliterated,570912,503213,,
Telangana,Khammam,509,Nelakondapalli,4759,Guvvalagudem,గువ్వలగూడెం,transliterated,579711,507158,,
Telangana,Jogulamba Gadwal,695,Kaloor Thimmandoddi,6297,Guvvaldinne,గువ్వల్దిన్నె,transliterated,575958,509129,,
Telangana,Nagarkurnool,694,Uppununthala,4580,Guvvalonipally(H),గువ్వలోనిపల్లి(హ్),transliterated,909639,509376,,
Telangana,Siddipet,692,Dubbak,4458,Habshipur,హబ్శిపూర్,transliterated,572971,502108,,
Telangana,Medchal Malkajgiri,700,Uppal,4524,Habsiguda,హబ్సిగూడ,transliterated,931517,500007,,
Telangana,Jagitial,681,Jagitial Rural,6211,Habsipur,హబ్సిపూర్,transliterated,572075,505454,,
Telangana,Nirmal,680,Lokeswaram,4342,Hadgaon,హడ్గాన్,transliterated,570274,504104,,
Telangana,Mahabubnagar,512,Nawabpet,4556,Hajilapur,హజిలపూర్,transliterated,575086,509340,,
Telangana,Mahabubnagar,512,Devarakadra,4573,Hajilapur,హాజిలాపూర్,transliterated,575525,509204,,
Telangana,Ranga Reddy,518,Farooqnagar,4559,Hajipalle,హాజీపల్లె,transliterated,575191,509410,,
Telangana,Kamareddy,685,Madnoor,4372,Hajipur,హాజీపూర్,transliterated,571077,503309,,
Telangana,Kamareddy,685,Nasurullabad,6244,Hajipur,హాజీపూర్,transliterated,571173,503301,,
Telangana,Kamareddy,685,Yellareddy,4386,Hajipur,హాజీపూర్,transliterated,571450,503122,,
Telangana,Vikarabad,698,Yelal,4536,Hajipur,హాజీపూర్,transliterated,574521,501144,,
Telangana,Yadadri Bhuvanagiri,697,Bommalaramaram,4613,Hajipuram,హాజీపురం,transliterated,576472,508126,,
Telangana,Hyderabad,507,Shaikpet,4496,Hakeempet,హకీంపేట,transliterated,927784,500014,,
Telangana,Vikarabad,698,Dudyal,7540,Hakimpeta,హాకింపేట,transliterated,574943,509350,,
Telangana,Nirmal,680,Kubeer,4338,Halda,హల్ద,transliterated,570140,504103,,
Telangana,Ranga Reddy,518,Shamshabad,4543,Hamidullanagar,హమీదుల్లానగర్,transliterated,574749,501218,,
Telangana,Nirmal,680,Kubeer,4338,Hampli (Buzurg),హాంప్లీ (బుజుర్గ్),transliterated,570154,504103,,
Telangana,Nirmal,680,Bhainsa,4339,Hampoli Khurd,హంపోలి ఖుర్ద్,transliterated,570196,504103,,
Telangana,Nizamabad,516,Bodhan,4370,Hangarga,హంగర్గా,transliterated,570969,503235,,
Telangana,Kamareddy,685,Jukkal,4373,Hangarga,హంగర్గా,transliterated,571090,503309,,
Telangana,Sangareddy,691,Narayankhed,4452,Hangarga [B],హంగర్గా [బ్],transliterated,572792,502286,,
Telangana,Sangareddy,691,Narayankhed,4452,Hangarga [K],హంగర్గా [క్],transliterated,572777,502286,,
Telangana,Nizamabad,516,Pothangal,7534,Hangerga,హాంగర్గా,transliterated,571027,503207,,
Telangana,Nirmal,680,Tanoor,4340,Hangirga,హంగీర్గా,transliterated,570221,504102,,
Telangana,Kamareddy,685,Banswada,4383,Hanmajipet,హంమజిపెత్,transliterated,571373,503187,,
Telangana,Rajanna Sircilla,683,Vemulawada Rural,6218,Hanmajipet,హన్మాజీపేట,transliterated,572346,505403,,
Telangana,Narayanpet,721,Kosgi,4551,Hanmanpally,హన్మన్పల్లి,transliterated,909546,509339,,
Telangana,Medak,513,Narsapur,4488,Hanmanthapur,హంమంథపూర్,transliterated,573766,502313,,
Telangana,Jangoan,689,Narmetta,4675,Hanmanthapur,హంమంథపూర్,transliterated,577683,506175,,
Telangana,Sangareddy,691,Narayankhed,4452,Hanmanthraopet,హన్మంత్రావుపేట,transliterated,572797,502286,,
Telangana,Vikarabad,698,Peddemul,4533,Hanmapur,హన్మాపూర్,transliterated,574428,501142,,
Telangana,Yadadri Bhuvanagiri,697,Bhongir,4628,Hanmapuram,హన్మాపురం,transliterated,576752,508117,,
Telangana,Suryapet,696,Mattampally,4670,Hanumantulagudem,హనుమంతుల గూడెం,authoritative,910372,508204,,
Telangana,Mahabubnagar,512,Hanwada,4555,Hanwada,హన్వాడా,transliterated,575064,509334,,
Telangana,Sangareddy,691,Zahirabad,4474,Harichand Naik Thanda,హరిచంద్ నైక్ తండ,transliterated,916332,502221,,
Telangana,Vikarabad,698,Dharur,4531,Haridaspalle,హరిదాస్పల్లె,transliterated,574360,501121,,
Telangana,Sangareddy,691,Kondapur,4491,Haridaspur,హరిదాస్పూర్,transliterated,573859,502295,,
Telangana,Ranga Reddy,518,Shamshabad,4543,Hariguda,హరిగూడ,transliterated,574733,501359,,
Telangana,Mahabubabad,688,Thorrur,4715,Haripriyal,హరిప్రియల్,transliterated,578543,506163,,
Telangana,Adilabad,501,Jainath,4307,Hariyali,హరియాలి,transliterated,569051,504309,,
Telangana,Adilabad,501,Bazarhatnoor,4323,Harkai,హర్కాయి,transliterated,569646,504307,,
Telangana,Nizamabad,516,Kammarpally,4363,Hasakothur,హసకొథుర్,transliterated,570829,503308,,
Telangana,Siddipet,692,Dubbak,4458,Hasan Mirapur,హసన్ మీరాపూర్,transliterated,572973,502114,,
Telangana,Hyderabad,507,Himayatnagar,4503,Hasanaliguda,హసనలిగూడ,transliterated,927780,500029,,
Telangana,Medak,513,Tekmal,4469,Hasanmohmadpalle,హసన్మొహ్మద్పల్లె,transliterated,573205,502302,,
Telangana,Kamareddy,685,Mohammadnagar,7520,Hasanpalle,హసన్పల్లె,transliterated,571442,503302,,
Telangana,Hanumakonda,686,Hasanparthy,4678,Hasanparthy (Og),హసన్పర్తి (ఒగ్),transliterated,577745,506371,,
Telangana,Kamareddy,685,Bichkunda,4374,Hasgul,హస్గుల్,transliterated,571129,503306,,
Telangana,Adilabad,501,Bhoraj,7529,Hashampur,హషంపూర్,transliterated,569041,504309,,
Telangana,Medchal Malkajgiri,700,Balanagar,4517,Hasmathpet,హస్మథ్పెత్,transliterated,931505,500011,,
Telangana,Sangareddy,691,Raikode,4472,Hasnabad,హస్నాబాద్,transliterated,573296,502257,,
Telangana,Vikarabad,698,Dudyal,7540,Hasnabad,హస్నాబాద్,transliterated,574917,509350,,
Telangana,Adilabad,501,Tamsi,4305,Hasnapur,హస్నాపూర్,transliterated,568974,504002,,
Telangana,Adilabad,501,Utnoor,4321,Hasnapur,హస్నాపూర్,transliterated,569563,504311,,
Telangana,Kamareddy,685,Pitlam,4384,Hasnapur,హస్నాపూర్,transliterated,571405,503310,,
Telangana,Karimnagar,508,Karimnagar Rural,4428,Hasnapur,హస్నాపూర్,transliterated,572322,505001,,
Telangana,Mahabubnagar,512,Bhoothpur,4574,Hasnapur,హస్నపూర్,transliterated,575541,509382,,
Telangana,Kamareddy,685,Dongli,7525,Hassa Takli,హస్సా తక్లి,transliterated,571054,503309,,
Telangana,Medak,513,Yeldurthy,4481,Hastalpur,హస్తల్పూర్,transliterated,573581,502255,,
Telangana,Ranga Reddy,518,Chevella,4529,Hasthepur,హస్తేపూర్,transliterated,574277,501503,,
Telangana,Adilabad,501,Bhoraj,7529,Hathighat,హతిఘాట్,transliterated,569018,504309,,
Telangana,Ranga Reddy,518,Hayathnagar,4525,Hathiguda (Og),హతిగూడ (ఒగ్),transliterated,574204,501505,,
Telangana,Kumuram Bheem Asifabad,699,Dahegoan,4329,Hathni,హత్ని,transliterated,569858,504273,,
Telangana,Sangareddy,691,Hathnoora,4489,Hathnoora,హత్నూర,transliterated,573794,502296,,
Telangana,Kumuram Bheem Asifabad,699,Kerameri,4313,Hatti,హట్టి,transliterated,569292,504293,,
Telangana,Adilabad,501,Adilabad Rural,6221,Hattigutta,హట్టిగుట్ట,transliterated,569012,504309,,
Telangana,Siddipet,692,Gajwel,4483,Havaiguda,హవాయిగూడ,transliterated,573637,502311,,
Telangana,Nirmal,680,Lokeswaram,4342,Hawarga,హవార్గా,transliterated,570277,504104,,
Telangana,Ranga Reddy,518,Shabad,4542,Hayathabad,హయథబద్,transliterated,574702,509217,,
Telangana,Nalgonda,514,Anumula,4660,Hazariguda,హజరిగూడ,transliterated,909862,508278,,
Telangana,Ranga Reddy,518,Kondurg,4558,Hazipet,హాజీపేట,transliterated,575168,509207,,
Telangana,Adilabad,501,Inderavelly,4311,Heerapur,హీరాపూర్,transliterated,569184,504346,,
Telangana,Kumuram Bheem Asifabad,699,Sirpur (T),4315,Heerapur,హీరాపూర్,transliterated,569362,504299,,
Telangana,Adilabad,501,Ichoda,4322,Heerapur,హీరాపూర్,transliterated,569606,504307,,
Telangana,Vikarabad,698,Kotepally,6312,Heerapur,హీరాపూర్,transliterated,574421,501106,,
Telangana,Vikarabad,698,Pargi,4540,Heerapur,హీరాపూర్,transliterated,574661,501501,,
Telangana,Adilabad,501,Utnoor,4321,Heerapur - J,హీరాపూర్ - జ్,transliterated,569580,504311,,
Telangana,Nizamabad,516,Pothangal,7534,Hegdoli,హెగ్డోలి,authoritative,571014,503207,,
Telangana,Kamareddy,685,Yellareddy,4386,Hemagiri,హేమగిరి,transliterated,571444,503122,,
Telangana,Mahabubnagar,512,Balanagar,4557,Hemajipur,హేమాజీపూర్,transliterated,575118,509202,,
Telangana,Suryapet,696,Mellachervu,4671,Hemlathanda,హేమ్లతండ,transliterated,910378,508246,,
Telangana,Ranga Reddy,518,Moinabad,4528,Himayathnagar,హిమాయతనగర్,transliterated,574257,501504,,
Telangana,Ranga Reddy,518,Gandipet,6320,Himayathsagar,హిమయథ్సగర్,transliterated,574239,500075,,
Telangana,Narayanpet,721,Krishna,6264,Hindupur,హిందూపూర్,authoritative,575924,509352,,
Telangana,Nirmal,680,Tanoor,4340,Hipnally,హిప్నల్లీ,transliterated,570219,504102,,
Telangana,Nizamabad,516,Dharpally,4378,Honnajipet,హొన్నాజీపేట,transliterated,571268,503165,,
Telangana,Sangareddy,691,Zahirabad,4474,Hothi [B],హొథి [బ్],transliterated,573363,502318,,
Telangana,Sangareddy,691,Zahirabad,4474,Hothi(K) (Og),హోతి(క్) (ఒగ్),transliterated,573377,502318,,
Telangana,Hanumakonda,686,Athmakur,4694,House Buzurg,హౌస్ బుజుర్గ్,transliterated,578142,506349,,
Telangana,Kumuram Bheem Asifabad,699,Sirpur (T),4315,Hudkili,హుద్కిలి,transliterated,569342,504299,,
Telangana,Sangareddy,691,Raikode,4472,Hulgera,హుల్గెరా,transliterated,573275,502256,,
Telangana,Nizamabad,516,Pothangal,7534,Humnapur,హుమ్నాపూర్,transliterated,571013,503207,,
Telangana,Nizamabad,516,Varni,4376,Humnapur,హుమ్నాపూర్,transliterated,571195,503206,,
Telangana,Sangareddy,691,Nyalkal,4473,Humnapur,హుమ్నాపూర్,transliterated,573308,502256,,
Telangana,Sangareddy,691,Chowtakur,7188,Hunnapur,హున్నాపూర్,transliterated,573468,502273,,
Telangana,Nizamabad,516,Saloora,7532,Hunsa,హున్స,transliterated,570983,503185,,
Telangana,Siddipet,692,Husnabad,4444,Husnabad,హుస్నాబాద్,authoritative,572606,505467,,
Telangana,Suryapet,696,Mothey,4640,Hussainabad,హుసైనాబాద్,transliterated,576991,508212,,
Telangana,Yadadri Bhuvanagiri,697,Bhongir,4628,Hussainabad,హుసైనాబాద్,transliterated,955999,508116,,
Telangana,Ranga Reddy,518,Shankarpalle,4515,Hussainipur,హుసైనీపూర్,transliterated,574053,501203,,
Telangana,Nizamabad,516,Sirikonda,4379,Hussainnagar,హుస్సైంనగర్,transliterated,571273,503165,,
Telangana,Sangareddy,691,Nyalkal,4473,Hussainnagar,హుసైన్నగర్,transliterated,573302,502256,,
Telangana,Hanumakonda,686,Shayampet,4691,Hussainpalle,హుసైన్పల్లె,transliterated,578081,506319,,
Telangana,Medak,513,Toopran,4482,Hussainpur,హుస్సైంపూర్,transliterated,573593,502334,,
Telangana,Sangareddy,691,Nyalkal,4473,Husselli,హుసెల్లి,transliterated,573319,502249,,
Telangana,Karimnagar,508,Huzurabad,4446,Huzurabad,హుజూరాబాద్,authoritative,572648,505468,,
Telangana,Nalgonda,514,Nampally,4654,Hydelapur,హ్య్దెలపూర్,transliterated,577260,508243,,
Telangana,Yadadri Bhuvanagiri,697,B Pochampally,4630,Hyderpur,హైదర్పూర్,transliterated,576822,508284,,
Telangana,Ranga Reddy,518,Rajendranagar,4527,Hydershakot (Og),హ్య్దెర్శకొత్ (ఒగ్),transliterated,573962,500091,,
Telangana,Ranga Reddy,518,Gandipet,6320,Hydershakote,హైదర్షాకోట్,authoritative,909538,500091,,
Telangana,Sangareddy,691,Munipally,4477,Hydlapoor,హైడ్లాపూర్,transliterated,573452,502345,,
Telangana,Nalgonda,514,Kanagal,4656,Hydlapur,హైడ్లాపూర్,transliterated,577320,508266,,
Telangana,Hyderabad,507,Golconda,4507,Ibrahim Bagh,ఇబ్రహీం బఘ్,authoritative,927820,500031,,
Telangana,Jagitial,681,Gollapalli,4412,Ibrahim Nagar,ఇబ్రహీం నాగర్,transliterated,572046,505529,,
Telangana,Nalgonda,514,Anumula,4660,Ibrahim Peta,ఇబ్రహీం పెటా,transliterated,577424,508278,,
Telangana,Medak,513,Narsapur,4488,Ibrahimbad,ఇబ్రహీంబాద్,transliterated,573750,502314,,
Telangana,Mahabubnagar,512,Hanwada,4555,Ibrahimbad,ఇబ్రహీంబాద్,transliterated,575070,509334,,
Telangana,Mahabubnagar,512,Koilkonda,4569,Ibrahimnagar,ఇబ్రహీంనగర్,transliterated,575431,509371,,
Telangana,Ranga Reddy,518,Chevella,4529,Ibrahimpalle,ఇబ్రహీంపల్లె,transliterated,574296,501503,,
Telangana,Jagitial,681,Ibrahimpatnam,4393,Ibrahimpatnam,ఇబ్రహీంపట్నం,authoritative,571614,505450,,
Telangana,Ranga Reddy,518,Ibrahimpatnam,4546,Ibrahimpatnam (Bagath) (Ct),ఇబ్రహీంపట్నం (బాగత్) (సీటీ),transliterated,574853,501506,,
Telangana,Ranga Reddy,518,Ibrahimpatnam,4546,Ibrahimpatnam (Khalsa),ఇబ్రహీంపట్నం (ఖల్సా),transliterated,574832,501506,,
Telangana,Kamareddy,685,Banswada,4383,Ibrahimpet,ఇబ్రహీంపేట,transliterated,571376,503187,,
Telangana,Nizamabad,516,Yedapally,4369,Ibrahimpur,ఇబ్రహీంపూర్,transliterated,570964,503202,,
Telangana,Siddipet,692,Narayanaraopet,6670,Ibrahimpur,ఇబ్రహీంపూర్,transliterated,572978,502107,,
Telangana,Sangareddy,691,Munipally,4477,Ibrahimpur,ఇబ్రహీంపూర్,transliterated,573465,502345,,
Telangana,Vikarabad,698,Pargi,4540,Ibrahimpur,ఇబ్రహీంపూర్,transliterated,574625,501501,,
Telangana,Jangoan,689,Ragunathpally,4698,Ibrahimpur,ఇబ్రహింపూర్,transliterated,578209,506244,,
Telangana,Yadadri Bhuvanagiri,697,Thurkapally,4614,Ibrahimpuram,ఇబ్రహీంపురం,transliterated,576482,508115,,
Telangana,Adilabad,501,Ichoda,4322,Ichoda (Ct),ఇచ్చోడ (సీటీ),transliterated,569638,504307,,
Telangana,Nalgonda,514,Devarakonda,4653,Iddampally,ఇద్దంపల్లి,transliterated,577232,508248,,
Telangana,Jogulamba Gadwal,695,Ieeja,4606,Ieej,ఇఈజ్,transliterated,576291,509127,,
Telangana,Yadadri Bhuvanagiri,697,Motakonduru,6309,Ikkurthy,ఇక్కుర్తి,transliterated,576541,508286,,
Telangana,Sangareddy,691,Ameenpur,6276,Ilapur,ఐలాపూర్,authoritative,573944,502319,,
Telangana,Mulugu,720,Kannaigudem,6251,Ilapur,ఐలాపూర్,authoritative,577896,506169,,
Telangana,Rajanna Sircilla,683,Illanthakunta,4436,Illanthakunta,ఇల్లంతకుంట,transliterated,572478,505402,,
Telangana,Khammam,509,Madhira,4766,Illendulapadu,ఇల్లెందులపాడు,transliterated,579866,507203,,
Telangana,Khammam,509,Madhira,4766,Illuru,ఇల్లూరు,authoritative,579867,507203,,
Telangana,Siddipet,692,Siddipet Urban,4459,Imambad (Og),ఇమాంబాద్ (ఒగ్),transliterated,572999,502276,,
Telangana,Ranga Reddy,518,Maheshwaram,4544,Imamguda,ఇమామగూడ,transliterated,574792,501359,,
Telangana,Suryapet,696,Suryapet,4638,Imampet,ఇమాంపేట,transliterated,576962,508214,,
Telangana,Jogulamba Gadwal,695,Alampur,4612,Imampur,ఇమాంపూర్,transliterated,576441,509152,,
Telangana,Vikarabad,698,Doulathabad,4552,Imdapur,ఇందాపూర్,transliterated,574978,509350,,
Telangana,Ranga Reddy,518,Abdullapurmet,6319,Inamguda,ఇనాంగూడ,authoritative,574195,501512,,
Telangana,Hanumakonda,686,Inavole,6249,Inavole,ఇనవోల్,transliterated,578303,506310,,
Telangana,Nizamabad,516,Kammarpally,4363,Inayat Nagar,ఇనాయత్ నాగర్,transliterated,570836,503307,,
Telangana,Mulugu,720,Mulug,4689,Incherla,ఇంచర్ల,transliterated,578037,506352,,
Telangana,Nizamabad,516,Indalwai,6236,Indalwai,ఇండల్వాయి,transliterated,571235,503164,,
Telangana,Vikarabad,698,Basheerabad,4535,Inderched,ఇండర్చ్డ్,transliterated,574473,501143,,
Telangana,Adilabad,501,Inderavelly,4311,Indervelly (B),ఇండర్వెల్లీ (బ్),transliterated,569176,504346,,
Telangana,Adilabad,501,Inderavelly,4311,Indervelly (K),ఇండర్వెల్లీ (క్),transliterated,569172,504346,,
Telangana,Mancherial,684,Jannaram,4334,Indhanpalle,ఇంధన్పల్లె,transliterated,570009,504205,,
Telangana,Kumuram Bheem Asifabad,699,Kerameri,4313,Indhapur,ఇంధాపూర్,transliterated,569282,504293,,
Telangana,Jagitial,681,Mallapur,4394,Indira Nagar,ఇందిరా నాగర్,transliterated,571633,505331,,
Telangana,Vikarabad,698,Kotepally,6312,Indole,ఇండోల్,transliterated,574417,501106,,
Telangana,Sangareddy,691,Raikode,4472,Indoor,ఇందూర్,transliterated,573286,502257,,
Telangana,Vikarabad,698,Peddemul,4533,Indoor,ఇందూర్,transliterated,574413,501142,,
Telangana,Nagarkurnool,694,Tadoor,4582,Indrakal,ఇంద్రకల్,transliterated,575707,509209,,
Telangana,Sangareddy,691,Kandi,6275,Indrakaran,ఇంద్రకరణ్,transliterated,573892,502329,,
Telangana,Ranga Reddy,518,Jilled Chowdergudem,6322,Indranagar,ఇంద్రానగర్,transliterated,575159,509207,,
Telangana,Sangareddy,691,Patancheru,4494,Indresham,ఇంద్రేశం,transliterated,573933,502319,,
Telangana,Yadadri Bhuvanagiri,697,B Pochampally,4630,Indriyala,ఇంద్రియాల,transliterated,576807,508284,,
Telangana,Siddipet,692,Doultabad,4465,Indupiriyal,ఇందుపిరియల్,transliterated,573112,502247,,
Telangana,Peddapalli,682,Odela,4426,Indurthi,ఇందుర్తి,transliterated,572280,505152,,
Telangana,Karimnagar,508,Chigurumamidi,4442,Indurthi,ఇందుర్తి,transliterated,572585,505481,,
Telangana,Jogulamba Gadwal,695,Ghattu,4605,Induvasi,ఇందువాసి,authoritative,576278,509129,,
Telangana,Ranga Reddy,518,Abdullapurmet,6319,Injapur,ఇంజాపూర్,transliterated,909534,501510,,
Telangana,Ranga Reddy,518,Hayathnagar,4525,Injapur (Og),ఇంజపూర్ (ఒగ్),transliterated,573960,501510,,
Telangana,Ranga Reddy,518,Kothur,4560,Inmulnarva,ఇన్ముల్‌నర్వ,authoritative,575222,509228,,
Telangana,Sangareddy,691,Patancheru,4494,Inole,ఇనోల్,transliterated,573934,502319,,
Telangana,Vikarabad,698,Tandur,4534,Inole,ఇనోల్,transliterated,574443,501141,,
Telangana,Nalgonda,514,Kethepally,4637,Inpamula,ఇన్పముల,transliterated,576938,508211,,
Telangana,Mahabubabad,688,Kesamudram,4717,Intikanne,ఇంతికన్నె,transliterated,578569,506112,,
Telangana,Mahabubabad,688,Inugurthy,7538,Inugurthy,ఇనుగుర్తి,transliterated,578575,506112,,
Telangana,Jangoan,689,Ghanpur (Station),4676,Ippagudem,ఇప్పగూడెం,transliterated,577707,506252,,
Telangana,Nagarkurnool,694,Urkonda,6295,Ippaipahad,ఇప్పైపహద్,transliterated,575342,509320,,
Telangana,Vikarabad,698,Kulkacharla,4539,Ippaipalle,ఇప్పైపల్లె,transliterated,574607,509335,,
Telangana,Nalgonda,514,Kethepally,4637,Ippala Gudem,ఇప్పల గుదెమ్,transliterated,576932,508211,,
Telangana,Mahabubabad,688,Kothaguda,4710,Ippalapagidapur,ఇప్పలపగిదపూర్,transliterated,578388,506135,,
Telangana,Ranga Reddy,518,Keshampet,4561,Ippalapalle,ఇప్పలపల్లె,transliterated,575237,509216,,
Telangana,Nagarkurnool,694,Thimmajipet,4575,Ippalapalle,ఇప్పలపల్లె,transliterated,575559,509406,,
Telangana,Nagarkurnool,694,Padara,6294,Ippalapalle,ఇప్పలపల్లె,transliterated,575626,509201,,
Telangana,Peddapalli,682,Mutharam (Manthani),4406,Ippalapalli,ఇప్పలపల్లి,transliterated,571945,505153,,
Telangana,Kumuram Bheem Asifabad,699,Asifabad,4319,Ippalnavegaon,ఇప్పల్నవెగాంవ్,transliterated,569483,504293,,
Telangana,Jagitial,681,Kathlapur,4418,Ippapalle,ఇప్పపల్లె,transliterated,572153,505306,,
Telangana,Nalgonda,514,Munugode,4647,Ipparthy,ఇప్పర్తి,transliterated,577113,508114,,
Telangana,Mahabubnagar,512,Nawabpet,4556,Ippatur,ఇప్పతుర్,transliterated,575097,509340,,
Telangana,Sangareddy,691,Mogudampally,6278,Ippepalle,ఇప్పేపల్లె,transliterated,573360,502221,,
Telangana,Nirmal,680,Khanapur,4347,Iqbalpur,ఇqబల్పూర్,transliterated,570445,504310,,
Telangana,Jangoan,689,Palakurthy,4697,Iravennu,ఇరవెన్ను,transliterated,578184,506244,,
Telangana,Sangareddy,691,Sangareddy,4492,Irigipalle,ఇరిగిపల్లె,transliterated,573869,502306,,
Telangana,Siddipet,692,Siddipet Rural,6281,Irkode,ఇర్కోడ్,transliterated,572990,502114,,
Telangana,Mahabubabad,688,Bayyaram,4742,Irsulapuram,ఇర్సులపురం,transliterated,579432,507211,,
Telangana,Nalgonda,514,Kanagal,4656,Iruganti Palle,ఇరుగంతి పల్లె,transliterated,577330,508247,,
Telangana,Mahabubabad,688,Kothaguda,4710,Irukulakunta,ఇరుకులకుంట,transliterated,578447,506135,,
Telangana,Karimnagar,508,Karimnagar,6231,Irukulla,ఇరుకుళ్ల,transliterated,572316,505001,,
Telangana,Ranga Reddy,518,Madgul,4564,Irwin,ఇర్విన్,transliterated,575300,509327,,
Telangana,Kamareddy,685,Bhiknoor,4391,Isannapalle,ఇసన్నపల్లె,transliterated,571581,503101,,
Telangana,Jogulamba Gadwal,695,Kaloor Thimmandoddi,6297,Isarlapad,ఇసర్లపాడ్,transliterated,576259,509129,,
Telangana,Jogulamba Gadwal,695,Ghattu,4605,Isarlapad,ఇసర్లపాడ్,transliterated,956060,509129,,
Telangana,Yadadri Bhuvanagiri,697,Ramannapet,4632,Iskilla,ఇస్కిల్ల,transliterated,576854,508113,,
Telangana,Kumuram Bheem Asifabad,699,Tiryani,4333,Islampur,ఇస్లాంపూర్,transliterated,570000,504297,,
Telangana,Nirmal,680,Kaddam Peddur,4335,Islampur,ఇస్లాంపూర్,transliterated,570039,504205,,
Telangana,Karimnagar,508,Gangadhara,4422,Islampur,ఇస్లాంపూర్,transliterated,572211,505445,,
Telangana,Sangareddy,691,Manoor,4451,Islampur,ఇస్లాంపూర్,transliterated,572774,502269,,
Telangana,Sangareddy,691,Jharasangam,4476,Islampur,ఇస్లాంపూర్,transliterated,573422,502321,,
Telangana,Medak,513,Toopran,4482,Islampur,ఇస్లాంపూర్,transliterated,573585,502335,,
Telangana,Medchal Malkajgiri,700,Ghatkesar,4523,Ismailkhanguda,ఇస్మాయిల్ఖాంగూడ,transliterated,574154,501301,,
Telangana,Ranga Reddy,518,Ibrahimpatnam,4546,Ismailshapampu,ఇస్మైల్శపంపు,transliterated,574831,501506,,
Telangana,Sangareddy,691,Patancheru,4494,Isnapur (Ct),ఇస్నాపూర్ (సీటీ),transliterated,573946,502307,,
Telangana,Adilabad,501,Neradigonda,4325,Ispur,ఇస్పూర్,transliterated,569744,504323,,
Telangana,Jagitial,681,Gollapalli,4412,Israjpalli,ఇస్రజ్పల్లి,transliterated,572034,505532,,
Telangana,Mahabubnagar,512,Koukuntla,7522,Isrampalle,ఇస్రాంపల్లె,transliterated,575535,509219,,
Telangana,Kamareddy,685,Kamareddy,4390,Isrojiwadi,ఇస్రోజీవాడి,transliterated,571546,503144,,
Telangana,Kamareddy,685,Palwancha,7519,Issaipet,ఇస్సైపెత్,transliterated,571287,503144,,
Telangana,Kamareddy,685,Bibipet,6242,Issanagar,ఇస్సానగర్,transliterated,571601,503125,,
Telangana,Kamareddy,685,Ramareddy,6243,Issannapalle,ఇస్సన్నపల్లె,transliterated,571327,503144,,
Telangana,Nizamabad,516,Armoor,4360,Issapalle,ఇస్సాపల్లె,transliterated,570775,503223,,
Telangana,Jayashankar Bhupalapally,687,Mogullapally,4680,Issipet,ఇస్సిపేట్,transliterated,577786,506366,,
Telangana,Suryapet,696,Atmakur (S),4622,Isthalapuram,ఇస్థలాపురం,transliterated,576627,508221,,
Telangana,Peddapalli,682,Sulthanabad,4425,Ithrajpalle,ఇత్రాజ్పల్లె,transliterated,572251,505186,,
Telangana,Kumuram Bheem Asifabad,699,Dahegoan,4329,Itial,ఇతిఅల్,transliterated,569844,504273,,
Telangana,Warangal,522,Narsampet,4708,Itikalpalle,ఇటికల్పల్లె,transliterated,578359,506132,,
Telangana,Nirmal,680,Pembi,6206,Itikyal,ఇటిక్యాల్,transliterated,570428,504203,,
Telangana,Siddipet,692,Jagdevpur,4484,Itikyal,ఇటిక్యాల్,transliterated,573663,502281,,
Telangana,Jogulamba Gadwal,695,Itikyala,4607,Itikyal,ఇటిక్యాల్,transliterated,576308,509128,,
Telangana,Nalgonda,514,Vemulapally,4644,Itikyala,ఇతిక్యల,transliterated,577052,508217,,
Telangana,Jangoan,689,Bachannapet,4674,Itikyalapalle,ఇతిక్యలపల్లె,transliterated,577657,506221,,
Telangana,Jagitial,681,Raikal,4395,Itkyal,ఇట్క్యాల్,transliterated,571658,505460,,
Telangana,Jogulamba Gadwal,695,Undavelly,6299,Itkyalpadu,ఇట్క్యాల్పాడు,transliterated,576403,509153,,
Telangana,Nalgonda,514,Shaligouraram,4624,Itukula Pahad,ఇటుకుల పహాడ్,transliterated,576678,508210,,
Telangana,Kumuram Bheem Asifabad,699,Asifabad,4319,Itukyal,ఇటుక్యాల్,transliterated,569514,504293,,
Telangana,Nizamabad,516,Balkonda,4361,Itwarpet,ఇట్వార్పేట్,transliterated,909469,503217,,
Telangana,Vikarabad,698,Mominpet,4513,Izrachettempalle,ఇజ్రచెట్టెంపల్లె,transliterated,574010,501202,,
Telangana,Siddipet,692,Wargal,4485,Jabbapur,జబ్బాపూర్,transliterated,573675,502279,,
Telangana,Jagitial,681,Jagitial Rural,6211,Jabithapur,జాబితాపూర్,transliterated,572091,505455,,
Telangana,Jogulamba Gadwal,695,Ieeja,4606,Jadadoddi,జడదొడ్డి,transliterated,576288,509135,,
Telangana,Jayashankar Bhupalapally,687,Chityal,4681,Jadalapet,జడలపేట,transliterated,577814,506170,,
Telangana,Jayashankar Bhupalapally,687,Kataram,4402,Jadaraopet,జడరావుపేట,transliterated,571823,505503,,
Telangana,Narayanpet,721,Maddur,4554,Jadavaraopalle,జాదవరావుపల్లె,transliterated,575026,509411,,
Telangana,Mahabubnagar,512,Jadcherla,4567,Jadcherla,జడ్చర్ల,authoritative,912660,509301,,
Telangana,Mahabubnagar,512,Jadcherla,4567,Jadcherla (Ct),జాడ్చర్ల (సీటీ),transliterated,575384,509301,,
Telangana,Nizamabad,516,Saloora,7532,Jadijamalpur,జడిజమాల్పూర్,transliterated,570986,503185,,
Telangana,Peddapalli,682,Srirampur,4407,Jafarkhanpet,జాఫర్ఖాన్పేట,transliterated,571963,505174,,
Telangana,Vikarabad,698,Pargi,4540,Jafferpalle,జాఫర్పల్లె,transliterated,574658,501501,,
Telangana,Nirmal,680,Soan,6209,Jafrapur,జాఫ్రాపూర్,transliterated,570369,504105,,
Telangana,Bhadradri Kothagudem,690,Mulkalapally,4748,Jaganadhapuram,జగనాధపురం,transliterated,579511,507115,,
Telangana,Khammam,509,Sathupalli,4751,Jaganadhapuram,జగనధపురం,transliterated,579565,507303,,
Telangana,Warangal,522,Rayaparthy,4703,Jagannadhapalle,జగన్నాధపల్లె,transliterated,578299,506314,,
Telangana,Suryapet,696,Munagala,4642,Jagannadhapuram,జగన్నాధపురం,authoritative,909791,508233,,
Telangana,Kamareddy,685,Pedda Kodapgal,6245,Jagannathapalle,జగన్నాథపల్లె,transliterated,571149,503305,,
Telangana,Kumuram Bheem Asifabad,699,Kagaznagar,4318,Jagannathpur,జగన్నాథపూర్,transliterated,569466,504296,,
Telangana,Sangareddy,691,Narayankhed,4452,Jagannathpur,జగన్నాథపూర్,transliterated,572805,502286,,
Telangana,Yadadri Bhuvanagiri,697,B Pochampally,4630,Jagath Palle,జగత్ పల్లె,transliterated,576812,508284,,
Telangana,Wanaparthy,693,Peddamandadi,4594,Jagathpalle,జగత్పల్లె,transliterated,576038,509206,,
Telangana,Mahabubabad,688,Bayyaram,4742,Jagathraopet,జగత్రావుపేట,transliterated,579426,507211,,
Telangana,Nagarkurnool,694,Urkonda,6295,Jagboinpalle,జాగ్బోయిన్పల్లె,transliterated,575338,509320,,
Telangana,Jagitial,681,Velgatur,4398,Jagdevpet,జగదేవపేట,transliterated,571712,505526,,
Telangana,Siddipet,692,Jagdevpur,4484,Jagdevpur,జగ్దేవ్‌పూర్,authoritative,573665,502281,,
Telangana,Jayashankar Bhupalapally,687,Kothapallygori,7531,Jaggaiahpet,జగ్గైఅహ్పెత్,transliterated,578068,506348,,
Telangana,Medak,513,Chilpched,6274,Jaggampet,జగ్గంపేట,transliterated,573548,502314,,
Telangana,Mulugu,720,Mulug,4689,Jaggannapet,జగ్గన్నపేట,transliterated,578046,506343,,
Telangana,Bhadradri Kothagudem,690,Dammapeta,4750,Jaggaram,జగ్గారం,transliterated,579540,507306,,
Telangana,Jagitial,681,Metpalli,4417,Jaggasagar,జగ్గసగర్,transliterated,572134,505325,,
Telangana,Jagitial,681,Jagitial,4414,Jagitial,జగితిఅల్,transliterated,572081,505327,,
Telangana,Nizamabad,516,Bheemgal,4364,Jagriyal,జాగ్రియాల్,transliterated,570846,503307,,
Telangana,Medak,513,Regode,4471,Jagriyal,జాగ్రియాల్,transliterated,573247,502290,,
Telangana,Medak,513,Shivampet,4487,Jagyathanda,జగ్యథంద,transliterated,916337,502334,,
Telangana,Yadadri Bhuvanagiri,697,Choutuppal,4631,Jai Kesaram,జై కేసరం,transliterated,576835,508252,,
Telangana,Yadadri Bhuvanagiri,697,Bibinagar,4629,Jain Palle,జైన్ పల్లె,transliterated,576782,508126,,
Telangana,Wanaparthy,693,Gopalpeta,4596,Jain Thirumalapur,జైన్ తిరుమలాపూర్,transliterated,576074,509206,,
Telangana,Jagitial,681,Dharmapuri,4397,Jaina,జైనా,transliterated,571693,505425,,
Telangana,Adilabad,501,Jainath,4307,Jainad,జైనాద్,transliterated,569062,504309,,
Telangana,Ranga Reddy,518,Manchal,4547,Jainammaguda,జైనమ్మగూడ,transliterated,574864,501508,,
Telangana,Kumuram Bheem Asifabad,699,Jainoor,4320,Jainoor (Ct),జైనూర్ (సీటీ),transliterated,569557,504313,,
Telangana,Mancherial,684,Jaipur,4355,Jaipur,జైపూర్,transliterated,570628,504216,,
Telangana,Nizamabad,516,Yedapally,4369,Jaithapur,జైతాపూర్,transliterated,570958,503202,,
Telangana,Kumuram Bheem Asifabad,699,Wankidi,4314,Jaithpur,జైత్పూర్,transliterated,569331,504295,,
Telangana,Ranga Reddy,518,Kandukur,4545,Jaithwaram (Khalsa),జైత్వరం (ఖల్సా),transliterated,574801,500113,,
Telangana,Ranga Reddy,518,Kandukur,4545,Jaithwaram (Maqta),జైథ్వరమ్ (మqత),transliterated,574802,500113,,
Telangana,Narayanpet,721,Narayanpet,4570,Jajapur,జాజాపూర్,authoritative,575451,509210,,
Telangana,Suryapet,696,Jajireddygudem,4623,Jajireddy Gudem,జాజిరెడ్డి గుడెం,transliterated,576649,508224,,
Telangana,Mancherial,684,Kannepally,6229,Jajjarvelly,జజ్జర్వెల్లి,transliterated,569836,504251,,
Telangana,Nagarkurnool,694,Urkonda,6295,Jakanalapalle,జకనలపల్లె,transliterated,575341,509320,,
Telangana,Ranga Reddy,518,Jilled Chowdergudem,6322,Jakaram,జకారం,transliterated,575172,509207,,
Telangana,Kumuram Bheem Asifabad,699,Rebbena,4327,Jakkalpalle,జక్కల్పల్లె,transliterated,569808,504292,,
Telangana,Wanaparthy,693,Wanaparthy,4595,Jakkampalle,జక్కంపల్లె,transliterated,576046,509206,,
Telangana,Kumuram Bheem Asifabad,699,Sirpur (T),4315,Jakkapur,జక్కాపూర్,transliterated,569341,504299,,
Telangana,Kamareddy,685,Nizamsagar,4385,Jakkapur,జక్కపూర్,transliterated,571434,503302,,
Telangana,Narayanpet,721,Narwa,4588,Jakkenapalle,జక్కెనపల్లె,transliterated,575851,509130,,
Telangana,Mancherial,684,Vemanpally,4330,Jakkepalle,జక్కెపల్లె,transliterated,569885,504219,,
Telangana,Vikarabad,698,Yelal,4536,Jakkepalle,జక్కేపల్లె,transliterated,574522,501144,,
Telangana,Khammam,509,Kusumanchi,4755,Jakkepalli,జక్కెపల్లి,transliterated,579644,507159,,
Telangana,Narayanpet,721,Makthal,4589,Jaklair,జక్లైర్,transliterated,575872,509353,,
Telangana,Nizamabad,516,Varni,4376,Jakore,జకొరె,transliterated,571213,503201,,
Telangana,Nizamabad,516,Jakranpally,4366,Jakranpalle,జక్రాన్పల్లె,transliterated,570890,503175,,
Telangana,Yadadri Bhuvanagiri,697,Rajapeta,4615,Jala,జల,transliterated,576498,508105,,
Telangana,Suryapet,696,Thirumalagiri,4619,Jalal Puram,జలాల్ పురం,transliterated,576581,508223,,
Telangana,Nirmal,680,Mudhole,4341,Jalalpur,జలాల్పూర్,transliterated,570249,504101,,
Telangana,Nizamabad,516,Balkonda,4361,Jalalpur,జలాల్పూర్,transliterated,570792,503217,,
Telangana,Nizamabad,516,Nizamabad Rural,6233,Jalalpur,జలాల్పూర్,transliterated,570924,503186,,
Telangana,Nizamabad,516,Varni,4376,Jalalpur,జలాల్పూర్,transliterated,571215,503201,,
Telangana,Kamareddy,685,Nagireddypet,4387,Jalalpur,జలాల్పూర్,transliterated,571476,503122,,
Telangana,Yadadri Bhuvanagiri,697,Bommalaramaram,4613,Jalalpur,జలాల్పూర్,transliterated,576458,508126,,
Telangana,Adilabad,501,Ichoda,4322,Jalda,జల్దా,transliterated,569621,504307,,
Telangana,Kamareddy,685,Lingampet,4388,Jaldipalle,జల్దీపల్లె,transliterated,571507,503122,,
Telangana,Siddipet,692,Gajwel,4483,Jaligaon,జాలిగాన్,transliterated,573627,502278,,
Telangana,Khammam,509,Madhira,4766,Jalimudi,జాలిముడి,transliterated,579850,507304,,
Telangana,Peddapalli,682,Kamanpur,4400,Jalipalle,జాలిపల్లె,transliterated,571764,505188,,
Telangana,Nizamabad,516,Pothangal,7534,Jallapalle,జల్లపల్లె,transliterated,571037,503207,,
Telangana,Jogulamba Gadwal,695,Manopad,4611,Jallapur,జల్లపూర్,transliterated,576402,509153,,
Telangana,Peddapalli,682,Ramagiri,6216,Jallaram (Ct),జల్లారామ్ (సీటీ),transliterated,571779,505184,,
Telangana,Ranga Reddy,518,Balapur,6323,Jalpalle (Og),జల్పల్లె (ఒగ్),transliterated,574222,500005,,
Telangana,Warangal,522,Khanapur,4709,Jalubanda,జాలుబండ,transliterated,578372,506132,,
Telangana,Nirmal,680,Sarangapur,4336,Jam,జామ్,transliterated,570080,504110,,
Telangana,Yadadri Bhuvanagiri,697,Bibinagar,4629,Jam Palle,జామ్ పల్లె,transliterated,576799,508126,,
Telangana,Khammam,509,Yerrupalem,4767,Jamalapuram,జమలాపురం,authoritative,579890,507201,,
Telangana,Sangareddy,691,Raikode,4472,Jamalpur,జమల్పూర్,transliterated,573272,502257,,
Telangana,Mahabubabad,688,Mahabubabad,4718,Jamandlapalle,జమండ్లపల్లె,transliterated,578601,506103,,
Telangana,Nalgonda,514,Munugode,4647,Jamasthanpalle,జమస్థంపల్లె,transliterated,577120,508244,,
Telangana,Sangareddy,691,Nizampet (28),7535,Jambikunta,జంబికుంట,transliterated,572840,502371,,
Telangana,Kumuram Bheem Asifabad,699,Kagaznagar,4318,Jambuga,జంబుగా,transliterated,569470,504296,,
Telangana,Adilabad,501,Adilabad Rural,6221,Jamdapur,జందాపూర్,transliterated,568976,504309,,
Telangana,Yadadri Bhuvanagiri,697,Bibinagar,4629,Jameelapet,జమీలపేట,transliterated,576778,508126,,
Telangana,Sangareddy,691,Raikode,4472,Jamga (Khurd),జమ్గా (ఖుర్ద్),transliterated,573280,502257,,
Telangana,Kumuram Bheem Asifabad,699,Jainoor,4320,Jamgaom,జామ్గాం,transliterated,569550,504313,,
Telangana,Nirmal,680,Kubeer,4338,Jamgaon,జంగాంవ్,transliterated,570131,504103,,
Telangana,Sangareddy,691,Kangti,4450,Jamgiburg,జంగిబుర్గ్,transliterated,572705,502287,,
Telangana,Sangareddy,691,Kangti,4450,Jamgikhurd,జంగీఖుర్ద్,transliterated,572704,502287,,
Telangana,Adilabad,501,Tamsi,4305,Jamidi,జమిది,transliterated,568971,504312,,
Telangana,Adilabad,501,Sathnala,7515,Jamini,జామిని,transliterated,569070,504309,,
Telangana,Nizamabad,516,Yedapally,4369,Jamlam,జమ్లం,transliterated,570962,503202,,
Telangana,Nalgonda,514,Tirumalagiri Sagar,6306,Jammanakota,జమ్మనకొత,transliterated,577402,508202,,
Telangana,Wanaparthy,693,Pangal,4601,Jammapur,జమ్మాపూర్,authoritative,576178,509120,,
Telangana,Jogulamba Gadwal,695,Gadwal,4603,Jammiched,జమ్మిచ్డ్,transliterated,576233,509133,,
Telangana,Bhadradri Kothagudem,690,Aswaraopeta,4749,Jammigudem,జమ్మిగూడెం,transliterated,579533,507306,,
Telangana,Karimnagar,508,Jammikunta,4440,Jammikunta,జమ్మికుంట,authoritative,572550,505122,,
Telangana,Kumuram Bheem Asifabad,699,Jainoor,4320,Jamni,జామ్ని,transliterated,569555,504313,,
Telangana,Jogulamba Gadwal,695,Dharoor,4591,Jampally,జాంపల్లి,transliterated,909653,509133,,
Telangana,Vikarabad,698,Marpalle,4512,Jamshedapur,జంషేదాపూర్,transliterated,573969,502321,,
Telangana,Jayashankar Bhupalapally,687,Kothapallygori,7531,Jamshedbaigpet,జంషేద్బాయిగ్పేట్,transliterated,578070,506348,,
Telangana,Medak,513,Ramayampet,4457,Jamsing Lingapur,జామ్సింగ్ లింగాపూర్,transliterated,572932,502248,,
Telangana,Kumuram Bheem Asifabad,699,Lingapur,6311,Jamuldhara,జముల్ధారా,transliterated,569777,504313,,
Telangana,Nizamabad,516,Vailpoor,4365,Janakampeta,జనకంపేట,transliterated,570878,503307,,
Telangana,Suryapet,696,Chilkur,4667,Janakinagar,జానకీనగర్,transliterated,909918,508206,,
Telangana,Suryapet,696,Nereducherla,4665,Janala Dinne,జనాల దిన్నె,transliterated,577521,508218,,
Telangana,Yadadri Bhuvanagiri,697,Ramannapet,4632,Janam Palle,జనం పల్లె,transliterated,576850,508113,,
Telangana,Wanaparthy,693,Srirangapur,6288,Janampeta,జానంపేట,authoritative,576205,509104,,
Telangana,Bhadradri Kothagudem,690,Pinapaka,4725,Janampeta,జానంపేట,authoritative,578829,507117,,
Telangana,Suryapet,696,Palakeedu,6301,Janapahad,జనపహాడ్,transliterated,577538,508218,,
Telangana,Medak,513,Toopran,4482,Jandapallyy,జండపల్లి,transliterated,573583,502335,,
Telangana,Mahabubabad,688,Gangaram,6253,Jangalapalli,జంగలపల్లి,transliterated,578423,506135,,
Telangana,Bhadradri Kothagudem,690,Cherla,4726,Jangalapalli (G),జంగలపల్లి (గ్),transliterated,578887,507140,,
Telangana,Mahabubabad,688,Kothaguda,4710,Jangalapally,జంగలపల్లి,transliterated,578409,506135,,
Telangana,Mancherial,684,Nennel,4331,Jangalpet,జంగల్పేట,transliterated,569921,504219,,
Telangana,Nalgonda,514,Kanagal,4656,Jangamai Guda,జంగమై గుడ,transliterated,577329,508247,,
Telangana,Kamareddy,685,Yellareddy,4386,Jangamaipalle,జంగమైపల్లె,transliterated,571468,503122,,
Telangana,Wanaparthy,693,Peddamandadi,4594,Jangamaipalle,జంగమైపల్లె,transliterated,575791,509206,,
Telangana,Kamareddy,685,Bhiknoor,4391,Jangampalle,జంగంపల్లె,authoritative,571567,503102,,
Telangana,Yadadri Bhuvanagiri,697,Yadagirigutta,4616,Jangampally,జంగంపల్లి,transliterated,576524,508115,,
Telangana,Nalgonda,514,Thipparthy,4645,Jangamreddi Gudem,జంగంరెడ్డి గుడెం,transliterated,577074,508247,,
Telangana,Ranga Reddy,518,Thalakondapally,4562,Jangamreddypally,జంగంరెడ్డిపల్లి,transliterated,909574,509321,,
Telangana,Kamareddy,685,Sadashivanagar,4381,Jangaon,జనగాం,authoritative,571318,503120,,
Telangana,Kamareddy,685,Bibipet,6242,Jangaon,జనగాం,authoritative,571595,503125,,
Telangana,Siddipet,692,Akkannapet,6285,Jangaon,జనగాం,authoritative,572623,505466,,
Telangana,Siddipet,692,Akberpet-Bhoompally,7524,Jangapalle,జంగపల్లె,transliterated,573095,502102,,
Telangana,Karimnagar,508,Ganneruvaram,6232,Jangapalli,జంగపల్లి,transliterated,572500,505530,,
Telangana,Rajanna Sircilla,683,Illanthakunta,4436,Jangareddipalli,జంగారెడ్డిపల్లి,transliterated,572479,505402,,
Telangana,Ranga Reddy,518,Amangal,4563,Jangareddy Pally,జంగరెద్ద్య్ పల్ల్య్,transliterated,912689,509321,,
Telangana,Mahabubabad,688,Kothaguda,4710,Jangavaniguda,జంగవనిగూడ,transliterated,578393,506135,,
Telangana,Jayashankar Bhupalapally,687,Bhupalpally,4682,Jangedu,జంగేడు,transliterated,577828,506169,,
Telangana,Mahabubabad,688,Mahabubabad,4718,Jangligonda,జంగ్లిగొండ,transliterated,578596,506104,,
Telangana,Peddapalli,682,Ramagundam,4399,Jangoan,జంగొఅన్,transliterated,956035,505208,,
Telangana,Jangoan,689,Jangoan,4699,Jangoan,జంగోన్,transliterated,956036,506167,,
Telangana,Ranga Reddy,518,Gandipet,6320,Janibegum,జనిబేగం,transliterated,574237,500086,,
Telangana,Kamareddy,685,Yellareddy,4386,Jankampalle (Khurd),జంకంపల్లె (ఖుర్ద్),transliterated,571447,503122,,
Telangana,Nizamabad,516,Yedapally,4369,Jankampet,జంకంపేట,transliterated,570960,503186,,
Telangana,Kumuram Bheem Asifabad,699,Kagaznagar,4318,Jankapur,జంకాపూర్,transliterated,569476,504296,,
Telangana,Mahabubnagar,512,Mahabubnagar Urban,4568,Jannappapalle,జన్నప్పపల్లె,transliterated,575392,509002,,
Telangana,Khammam,509,Enkoor,4753,Jannaram,జన్నారం,authoritative,579604,507168,,
Telangana,Nizamabad,516,Navipet,4358,Jannipalle,జన్నిపల్లె,transliterated,570707,503246,,
Telangana,Nagarkurnool,694,Kodair,4600,Janumpalle,జనుంపల్లె,transliterated,576151,509102,,
Telangana,Wanaparthy,693,Pebbair,4602,Janumpalle,జనుంపల్లె,transliterated,576213,509104,,
Telangana,Ranga Reddy,518,Shankarpalle,4515,Janwada,జన్వాడ,transliterated,574064,501203,,
Telangana,Ranga Reddy,518,Manchal,4547,Japala,జపల,transliterated,574868,501508,,
Telangana,Adilabad,501,Neradigonda,4325,Jasnapur,జస్నాపూర్,transliterated,569724,504323,,
Telangana,Khammam,509,Kamepalli,4745,Jasthipally,జస్తిపల్లి,transliterated,579471,507122,,
Telangana,Nagarkurnool,694,Pentlavelli,6292,Jataprole,జటప్రోల్,transliterated,576341,509105,,
Telangana,Adilabad,501,Bazarhatnoor,4323,Jatarla,జాతర్ల,transliterated,569659,504304,,
Telangana,Rajanna Sircilla,683,Illanthakunta,4436,Jawaharpet,జవహర్పేట,transliterated,572473,505530,,
Telangana,Mahabubabad,688,Narsimhulapet,4719,Jayapuram,జయపురం,authoritative,578617,506324,,
Telangana,Rajanna Sircilla,683,Vemulawada Rural,6218,Jayavaram,జయవరం,authoritative,572358,505302,,
Telangana,Peddapalli,682,Palakurthy,6215,Jayyaram,జయ్యారామ్,transliterated,571750,505187,,
Telangana,Mahabubabad,688,Chinnagudur,6254,Jayyaram,జయ్యారామ్,transliterated,578626,506104,,
Telangana,Jangoan,689,Lingalaghanpur,4700,Jeedikal,జీదికల్,transliterated,578252,506201,,
Telangana,Medak,513,Manoharabad,6273,Jeedipalle,జీదిపల్లె,transliterated,573610,502336,,
Telangana,Jayashankar Bhupalapally,687,Mutharam Mahadevpur,4404,Jeelapalle,జీలపల్లె,transliterated,571903,505503,,
Telangana,Hanumakonda,686,Elkathurthy,4449,Jeelgul,జీల్గుల్,transliterated,572687,505498,,
Telangana,Khammam,509,Kusumanchi,4755,Jeellacheruvu,జీళ్లచెరువు,transliterated,579635,507170,,
Telangana,Nagarkurnool,694,Lingal,4598,Jeelugupalle,జీలుగుపల్లె,transliterated,576111,509401,,
Telangana,Mahabubnagar,512,Devarakadra,4573,Jeenugurala,జీనుగురల,transliterated,575528,509204,,
Telangana,Narayanpet,721,Utkoor,4571,Jeeramhalli,జీరంహల్లి,transliterated,575477,509311,,
Telangana,Sangareddy,691,Jharasangam,4476,Jeerlapalle,జీర్లపల్లె,transliterated,573420,502246,,
Telangana,Vikarabad,698,Basheerabad,4535,Jeevangi,జీవంగి,transliterated,574476,501143,,
Telangana,Kumuram Bheem Asifabad,699,Jainoor,4320,Jendaguda,జెండగూడ,transliterated,569541,504313,,
Telangana,Suryapet,696,Chilkur,4667,Jerripotula Gudem,జెర్రిపొతుల గుదెమ్,transliterated,909914,508204,,
Telangana,Bhadradri Kothagudem,690,Cherla,4726,Jettigudem,జెట్టిగూడెం,transliterated,578900,507140,,
Telangana,Nirmal,680,Tanoor,4340,Jewla (Buzurg),జ్యూల (బుజుర్గ్),transliterated,570227,504102,,
Telangana,Nirmal,680,Tanoor,4340,Jewla (Khurd),జ్యూల (ఖుర్ద్),transliterated,570216,504102,,
Telangana,Nirmal,680,Sarangapur,4336,Jewly,జ్యూలీ,transliterated,570083,504110,,
Telangana,Kumuram Bheem Asifabad,699,Tiryani,4333,Jewni,జ్యూని,transliterated,569982,504294,,
Telangana,Sangareddy,691,Jharasangam,4476,Jharasangam,ఝరసంగం,transliterated,573416,502246,,
Telangana,Adilabad,501,Gadiguda,6225,Jhari,జారి,transliterated,569219,504311,,
Telangana,Nirmal,680,Tanoor,4340,Jhari (Buzurg),జారి (బుజుర్గ్),transliterated,570211,504103,,
Telangana,Nirmal,680,Tanoor,4340,Jhari (Khurd),జారి (ఖుర్ద్),transliterated,570200,504103,,
Telangana,Yadadri Bhuvanagiri,697,B Pochampally,4630,Jiblak Palle,జిబ్లాక్ పల్లె,transliterated,576823,508284,,
Telangana,Jogulamba Gadwal,695,Gadwal,4603,Jilladabanda,జిల్లాడబండ,authoritative,576229,509133,,
Telangana,Ranga Reddy,518,Balapur,6323,Jillalguda (Ct),జిల్లల్గూడ (చ్త్),transliterated,574213,500097,,
Telangana,Ranga Reddy,518,Kondurg,4558,Jilled,జిల్లెద్,transliterated,575160,509207,,
Telangana,Kumuram Bheem Asifabad,699,Penchicalpet,6313,Jilleda,జిల్లేదా,transliterated,569441,504296,,
Telangana,Mancherial,684,Vemanpally,4330,Jilleda,జిల్లేదా,transliterated,569884,504219,,
Telangana,Jogulamba Gadwal,695,Waddepally,4610,Jilledudinne,జిల్లేదుడిన్నె,transliterated,576388,509126,,
Telangana,Rajanna Sircilla,683,Thangallapalli,6217,Jillella,జిల్లెళ్ళ,authoritative,572460,505405,,
Telangana,Nagarkurnool,694,Kalwakurthy,4576,Jillella,జిల్లెళ్ళ,authoritative,575581,509320,,
Telangana,Jogulamba Gadwal,695,Alampur,4612,Jillellapadu,జిల్లెల్లపదు,transliterated,576450,509152,,
Telangana,Nagarkurnool,694,Balmoor,4597,Jillellapalle,జిల్లెల్లపల్లె,transliterated,576097,509401,,
Telangana,Nagarkurnool,694,Balmoor,4597,Jinkunta,జింకుంట,transliterated,576082,509385,,
Telangana,Bhadradri Kothagudem,690,Dummugudem,4729,Jinnagattu,జిన్నగట్టు,transliterated,579010,507137,,
Telangana,Sangareddy,691,Jinnaram,4493,Jinnaram,జిన్నారాం,transliterated,573907,502319,,
Telangana,Vikarabad,698,Kotepally,6312,Jinnaram,జిన్నారాం,transliterated,574401,501106,,
Telangana,Mahabubnagar,512,Gandeed,4538,Jinnaram,జిన్నారాం,transliterated,574568,509339,,
Telangana,Bhadradri Kothagudem,690,Dummugudem,4729,Jinnelagudem,జిన్నెలగూడెం,transliterated,578951,507137,,
Telangana,Yadadri Bhuvanagiri,697,Bibinagar,4629,Jiya Palle,జియా పల్లె,transliterated,576779,508126,,
Telangana,Vikarabad,698,Tandur,4534,Jodandapur,జోదండాపూర్,transliterated,574445,501141,,
Telangana,Kumuram Bheem Asifabad,699,Kerameri,4313,Jodeghat,జోడేఘాట్,transliterated,569302,504293,,
Telangana,Ranga Reddy,518,Farooqnagar,4559,Jogammaguda,జొగమ్మగూడ,transliterated,575200,509202,,
Telangana,Jagitial,681,Korutla,4416,Joganpalli,జోగన్పల్లి,transliterated,572116,505460,,
Telangana,Rajanna Sircilla,683,Chandurthi,4419,Jogapur,జోగాపూర్,transliterated,572164,505307,,
Telangana,Adilabad,501,Ichoda,4322,Jogipet,జోగిపేట,transliterated,569634,504307,,
Telangana,Sangareddy,691,Andole,4479,Jogipet (Ct),జోగిపేట (సీటీ),transliterated,573524,502270,,
Telangana,Nirmal,680,Lokeswaram,4342,Joharpur,జోహర్పూర్,transliterated,570292,504101,,
Telangana,Nagarkurnool,694,Peddakothapally,4599,Jonnalaboguda,జొన్నలబొగూడ,transliterated,576131,509412,,
Telangana,Jayashankar Bhupalapally,687,Chityal,4681,Jookal,జూకల్,transliterated,577817,506356,,
Telangana,Nizamabad,516,Nandipet,4359,Joorpur,జూర్పూర్,transliterated,570755,503212,,
Telangana,Karimnagar,508,Karimnagar,6231,Jublinagar,జుబ్లీనగర్,transliterated,572310,505415,,
Telangana,Khammam,509,Kusumanchi,4755,Jujjularaopeta,జుజ్జులరావుపేట,transliterated,579637,507157,,
Telangana,Sangareddy,691,Narayankhed,4452,Jukal,జుకల్,transliterated,572800,502286,,
Telangana,Medak,513,Shankarampet (A),4454,Jukal,జుకల్,transliterated,572846,502271,,
Telangana,Ranga Reddy,518,Shamshabad,4543,Jukal,జుకల్,transliterated,574729,501218,,
Telangana,Kamareddy,685,Jukkal,4373,Jukkal,జుక్కల్,authoritative,571102,503305,,
Telangana,Mahabubnagar,512,Mohammadabad,7187,Julapalle,జులపల్లె,transliterated,574590,509337,,
Telangana,Ranga Reddy,518,Thalakondapally,4562,Julapalle,జులపల్లె,transliterated,575266,509357,,
Telangana,Peddapalli,682,Kamanpur,4400,Julapalli,జులపల్లి,transliterated,571765,505188,,
Telangana,Peddapalli,682,Julapalli,4409,Julapalli,జులపల్లి,transliterated,572001,505525,,
Telangana,Jogulamba Gadwal,695,Waddepally,4610,Julekal,జులేకల్,transliterated,576384,509126,,
Telangana,Sangareddy,691,Kandi,6275,Julkal,జుల్కల్,transliterated,573891,502285,,
Telangana,Yadadri Bhuvanagiri,697,B Pochampally,4630,Julur,జులూర్,transliterated,576804,508284,,
Telangana,Bhadradri Kothagudem,690,Julurpadu,4746,Julurupad,జులూరుపాడ్,transliterated,579477,507166,,
Telangana,Nirmal,680,Kubeer,4338,Jumda,జుండా,transliterated,570149,504103,,
Telangana,Sangareddy,691,Jharasangam,4476,Junegaon,జునెగాంవ్,transliterated,573421,502345,,
Telangana,Adilabad,501,Ichoda,4322,Junni,జున్ని,transliterated,569599,504307,,
Telangana,Adilabad,501,Bela,4308,Junoni,జునోని,transliterated,569102,504309,,
Telangana,Vikarabad,698,Yelal,4536,Juntpalle,జంట్పల్లె,transliterated,574529,501144,,
Telangana,Nalgonda,514,Gurrampode,4657,Junuthla,జునుథ్ల,transliterated,577352,508256,,
Telangana,Karimnagar,508,Huzurabad,4446,Jupak,జుపక్,transliterated,572647,505498,,
Telangana,Nagarkurnool,694,Charakonda,6293,Jupalle,జుపల్లె,transliterated,575327,509324,,
Telangana,Khammam,509,Tirumalayapalem,4754,Jupeda,జూపెడా,transliterated,579611,507161,,
Telangana,Wanaparthy,693,Atmakur,4592,Jurial,జ్యూరియల్,transliterated,575979,509131,,
Telangana,Mancherial,684,Jannaram,4334,Juviguda,జువిగూడ,transliterated,570025,504205,,
Telangana,Kamareddy,685,Gandhari,4382,Juvvadi,జువ్వది,transliterated,571359,503120,,
Telangana,Sangareddy,691,Narayankhed,4452,Juzalpur,జుజాల్పూర్,transliterated,572804,502286,,
Telangana,Suryapet,696,Thungaturthy,4620,K Kotha Gudem,క్ కోత గుడెం,transliterated,909698,508280,,
Telangana,Bhadradri Kothagudem,690,Dummugudem,4729,K. Dummugudem,క్. దుమ్ముగూడెం,transliterated,578981,507137,,
Telangana,Bhadradri Kothagudem,690,Dummugudem,4729,K. Veerabhadrapuram,క్. వీరభద్రపురం,transliterated,578952,507137,,
Telangana,Bhadradri Kothagudem,690,Dummugudem,4729,K.Jinnelagudem,క్.జిన్నెలగూడెం,transliterated,578948,507137,,
Telangana,Mulugu,720,Venkatapuram,4724,K.Kondapuram [Z],క్.కొందపురం [జ్],transliterated,578807,507133,,
Telangana,Nalgonda,514,Nalgonda,4646,K.Kondaram,క్.కొందరం,transliterated,909827,508002,,
Telangana,Bhadradri Kothagudem,690,Dummugudem,4729,K.Reguballi,క్.రేగుబల్లి,transliterated,578985,507137,,
Telangana,Suryapet,696,Suryapet,4638,K.T.Annaram,క్.ట్.అన్నారం,transliterated,909775,508376,,
Telangana,Mahabubabad,688,Bayyaram,4742,Kachanapalle,కాచనపల్లె,transliterated,579430,507211,,
Telangana,Bhadradri Kothagudem,690,Gundala,4741,Kachanapally,కచనపల్లి,transliterated,579422,507123,,
Telangana,Mancherial,684,Jaipur,4355,Kachanpalle,కాచన్పల్లె,transliterated,570632,504216,,
Telangana,Kamareddy,685,Bhiknoor,4391,Kachapur,కాచాపూర్,transliterated,571573,503101,,
Telangana,Peddapalli,682,Julapalli,4409,Kachapur,కాచాపూర్,transliterated,572003,505525,,
Telangana,Karimnagar,508,Shankarapatnam,4441,Kachapur,కచపూర్,transliterated,572565,505470,,
Telangana,Siddipet,692,Koheda,4443,Kachapur,కాచాపూర్,transliterated,572602,505466,,
Telangana,Nalgonda,514,Neredugommu,6308,Kacharaj Palle,కాచరాజ్ పల్లె,transliterated,577226,508248,,
Telangana,Jagitial,681,Medipalli,4415,Kacharam,కాచారం,authoritative,572103,505453,,
Telangana,Ranga Reddy,518,Shamshabad,4543,Kacharam,కాచారం,authoritative,574726,501218,,
Telangana,Yadadri Bhuvanagiri,697,Yadagirigutta,4616,Kacharam,కాచారం,authoritative,576519,508115,,
Telangana,Khammam,509,Yerrupalem,4767,Kacharam,కాచారం,authoritative,579877,507202,,
Telangana,Mulugu,720,Wajedu,4723,Kacharam (G),కాచారం (గ్),transliterated,578726,507136,,
Telangana,Nalgonda,514,Gurrampode,4657,Kacharam (P) Koppole,కాచారం (ప్) కొప్పోలే,transliterated,577354,508256,,
Telangana,Khammam,509,Konijerla,4761,Kacharam H,కాచారం హ్,transliterated,579765,507165,,
Telangana,Suryapet,696,Garidepally,4666,Kachavarigudem,కచ్చవారిగూడెం,transliterated,909910,508204,,
Telangana,Mahabubabad,688,Nellikudur,4716,Kachikal,కాచికల్,transliterated,578553,506368,,
Telangana,Khammam,509,Khammam (Rural),4756,Kachirajugudem,కాచిరాజుగూడెం,transliterated,579649,507003,,
Telangana,Karimnagar,508,Gangadhara,4422,Kachireddipalle,కచిరెద్దిపల్లె,transliterated,572203,505445,,
Telangana,Medchal Malkajgiri,700,Ghatkesar,4523,Kachwanisingaram,కచ్వానిసింగారం,transliterated,574160,500088,,
Telangana,Kumuram Bheem Asifabad,699,Kagaznagar,4318,Kadamba,కదంబ,transliterated,569475,504296,,
Telangana,Peddapalli,682,Sulthanabad,4425,Kadambapur,కదంబాపూర్,transliterated,572268,505185,,
Telangana,Narayanpet,721,Kosgi,4551,Kadampalle,కదంపల్లె,transliterated,574959,509339,,
Telangana,Nalgonda,514,Nakrekal,4636,Kadaparthy,కదపర్థ్య్,transliterated,576920,508210,,
Telangana,Jangoan,689,Devaruppula,4701,Kadavendi,కదవెంది,transliterated,578265,506302,,
Telangana,Vikarabad,698,Nawabpet,4514,Kadcharla,కడ్చర్ల,transliterated,574021,501111,,
Telangana,Mulugu,720,Wajedu,4723,Kadekal (Z),కదెకల్ (జ్),transliterated,578687,507136,,
Telangana,Hanumakonda,686,Khazipet,6247,Kadipikonda (Ct),కదిపికొండ (సీటీ),transliterated,578156,506003,,
Telangana,Vikarabad,698,Pargi,4540,Kadlapur,కడ్లాపూర్,transliterated,574650,501501,,
Telangana,Medak,513,Tekmal,4469,Kadloor,కడ్లూర్,transliterated,573212,502302,,
Telangana,Adilabad,501,Gadiguda,6225,Kadodi,కడోడి,transliterated,569208,504311,,
Telangana,Sangareddy,691,Sirgapoor,6279,Kadpal,కడ్పాల్,transliterated,572834,502286,,
Telangana,Nirmal,680,Soan,6209,Kadthal,కడ్తాల్,authoritative,570361,504105,,
Telangana,Ranga Reddy,518,Kadthal,6324,Kadthal,కడ్తాల్,authoritative,575279,509358,,
Telangana,Wanaparthy,693,Wanaparthy,4595,Kadukuntla,కడుకుంట్ల,transliterated,576050,509381,,
Telangana,Ranga Reddy,518,Manchal,4547,Kagazghat,కాగజ్ఘాట్,transliterated,574867,501506,,
Telangana,Suryapet,696,Nadigudem,4641,Kagitha Rama-Chandrapuram,కాగిత రామా-చంద్రపురం,transliterated,576995,508234,,
Telangana,Jayashankar Bhupalapally,687,Chityal,4681,Kailapur,కైలాపూర్,transliterated,577811,506356,,
Telangana,Hyderabad,507,Charminar,4510,Kaiwanja,కైవంజ,transliterated,927821,500002,,
Telangana,Narayanpet,721,Maddur,4554,Kajipuram,కజిపురం,transliterated,575030,509371,,
Telangana,Hyderabad,507,Tirumalgiri,4499,Kakaguda,కకగూడ,transliterated,927765,500015,,
Telangana,Bhadradri Kothagudem,690,Julurpadu,4746,Kakarla,కాకర్ల,authoritative,579481,507166,,
Telangana,Mahabubnagar,512,Nawabpet,4556,Kakarlapahad,కకర్లపహద్,transliterated,575090,509340,,
Telangana,Sangareddy,691,Nyalkal,4473,Kakijanwada,కాకిజాన్వాడ,transliterated,573305,502256,,
Telangana,Sangareddy,691,Jharasangam,4476,Kakkerwada,కక్కెర్వాడ,transliterated,573410,502246,,
Telangana,Yadadri Bhuvanagiri,697,Ramannapet,4632,Kakkireni,కక్కిరేని,transliterated,576856,508113,,
Telangana,Ranga Reddy,518,Shabad,4542,Kakloor,కక్లూర్,transliterated,574717,509217,,
Telangana,Jogulamba Gadwal,695,Gadwal,4603,Kakulavaram,కాకులవరం,authoritative,576230,509133,,
Telangana,Ranga Reddy,518,Keshampet,4561,Kakunoor,కకునూర్,transliterated,575243,509408,,
Telangana,Sangareddy,691,Sangareddy,4492,Kalabgoor,కలబ్గూర్,transliterated,573871,502294,,
Telangana,Khammam,509,Thallada,4762,Kalakodima,కాలకొడిమ,authoritative,579784,507167,,
Telangana,Ranga Reddy,518,Madgul,4564,Kalakonda,కలకొండ,transliterated,575299,509327,,
Telangana,Khammam,509,Bonakal,4765,Kalakota,కలకోట,transliterated,579842,507304,,
Telangana,Suryapet,696,Munagala,4642,Kalakova,కలకోవా,transliterated,577016,508233,,
Telangana,Karimnagar,508,Shankarapatnam,4441,Kalavala,కలవల,transliterated,572564,505502,,
Telangana,Nalgonda,514,Munugode,4647,Kalavalapalle,కాలవలపల్లి,authoritative,577118,508244,,
Telangana,Sangareddy,691,Nyalkal,4473,Kalbemal,కల్బేమల్,authoritative,573333,502249,,
Telangana,Nizamabad,516,Bodhan,4370,Kaldurthi,కాల్దుర్తి,transliterated,570973,503185,,
Telangana,Jayashankar Bhupalapally,687,Mahadevpur,4403,Kaleswaram,కాళేశ్వరం,transliterated,571859,505504,,
Telangana,Jogulamba Gadwal,695,Undavelly,6299,Kalgotla,కల్గోట్ల,transliterated,576422,509153,,
Telangana,Sangareddy,691,Kalher,4453,Kalher,కల్హెర్,transliterated,572820,502371,,
Telangana,Nizamabad,516,Jakranpally,4366,Kaligote,కలిగోటే,transliterated,570897,503175,,
Telangana,Jagitial,681,Kathlapur,4418,Kalikota,కలికొత,transliterated,572155,505306,,
Telangana,Jayashankar Bhupalapally,687,Tekumatla,6248,Kalikota,కలికొత,transliterated,577791,506356,,
Telangana,Mulugu,720,Venkatapuram,4724,Kalipaka [G],కలిపక [గ్],transliterated,578803,507133,,
Telangana,Bhadradri Kothagudem,690,Cherla,4726,Kaliveru (Z),కలివేరు (జ్),transliterated,578892,507140,,
Telangana,Jogulamba Gadwal,695,Manopad,4611,Kalkuntla,కల్కుంట్ల,transliterated,576409,509128,,
Telangana,Nizamabad,516,Aloor,7528,Kalladi,కళ్ళది,transliterated,570911,503213,,
Telangana,Sangareddy,691,Munipally,4477,Kallapalle,కల్లపల్లె,transliterated,573439,502345,,
Telangana,Nirmal,680,Kaddam Peddur,4335,Kalleda,కల్లేదా,transliterated,570043,504202,,
Telangana,Jagitial,681,Jagitial Rural,6211,Kalleda,కల్లేదా,transliterated,572077,505454,,
Telangana,Warangal,522,Parvathagiri,4714,Kalleda,కల్లేదా,transliterated,578521,506365,,
Telangana,Kumuram Bheem Asifabad,699,Kerameri,4313,Kallegaon,కల్లెగాన్,transliterated,569301,504293,,
Telangana,Jangoan,689,Lingalaghanpur,4700,Kallem,కల్లెమ్,transliterated,578242,506201,,
Telangana,Mahabubnagar,512,Rajapur,6261,Kallepalle,కల్లేపల్లి (శ్రీకాకుళం మండలం),authoritative,575133,509202,,
Telangana,Wanaparthy,693,Chinnambavi,6287,Kalloor,కల్లూర్,transliterated,576347,509105,,
Telangana,Nirmal,680,Kuntala,4337,Kallur,కల్లూరు,authoritative,570123,504109,,
Telangana,Nizamabad,516,Pothangal,7534,Kallur,కల్లూరు,authoritative,571039,503207,,
Telangana,Jagitial,681,Korutla,4416,Kallur,కల్లూరు,authoritative,572114,505330,,
Telangana,Suryapet,696,Nereducherla,4665,Kallur,కల్లూరు,authoritative,577518,508218,,
Telangana,Suryapet,696,Nereducherla,4665,Kallur,కల్లూరు,authoritative,909901,508218,,
Telangana,Khammam,509,Kalluru,4763,Kalluru,కల్లూరు,authoritative,579799,507209,,
Telangana,Khammam,509,Vemsoor,4768,Kallurugudem,కల్లురుగూడెం,transliterated,579902,507164,,
Telangana,Suryapet,696,Garidepally,4666,Kalmala Chervu,కల్మల చెర్వు,transliterated,577551,508201,,
Telangana,Nalgonda,514,Kattangur,4635,Kalmera,కల్మెరా,transliterated,576905,508205,,
Telangana,Jogulamba Gadwal,695,Kaloor Thimmandoddi,6297,Kaloor Thimmandoddi,కలూర్ థిమ్మందొద్ది,transliterated,576260,509129,,
Telangana,Nizamabad,516,Mugpal,6235,Kalpole,కల్పోలే,transliterated,570951,503230,,
Telangana,Nizamabad,516,Nizamabad Rural,6233,Kalur,కాలూర్,transliterated,570928,503003,,
Telangana,Suryapet,696,Garidepally,4666,Kaluvapalle,కలువపల్లె,transliterated,577548,508201,,
Telangana,Nalgonda,514,Miryalaguda,4664,Kalva Palle,కల్వ పల్లె,transliterated,577502,508208,,
Telangana,Peddapalli,682,Ramagiri,6216,Kalvacherla,కలవచర్ల,authoritative,571772,505212,,
Telangana,Jagitial,681,Medipalli,4415,Kalvakota,కల్వకోట,transliterated,572101,505453,,
Telangana,Bhadradri Kothagudem,690,Karakagudem,6269,Kalvalanagaram,కల్వాలనగరం,transliterated,578820,507117,,
Telangana,Nalgonda,514,Madugulapally,6305,Kalvalapalem,కల్వలపాలెం,transliterated,577058,508217,,
Telangana,Jangoan,689,Ragunathpally,4698,Kalvalapalle,కల్వాలపల్లె,transliterated,578220,506244,,
Telangana,Ranga Reddy,518,Hayathnagar,4525,Kalvancha (Og),కల్వంచ (ఒగ్),transliterated,574207,500070,,
Telangana,Jayashankar Bhupalapally,687,Chityal,4681,Kalvapalle,కాల్వపల్లె,authoritative,577792,506356,,
Telangana,Mahabubabad,688,Danthalapalle,6255,Kalvapalle,కాల్వపల్లె,authoritative,578605,506324,,
Telangana,Yadadri Bhuvanagiri,697,Rajapeta,4615,Kalvapally,కల్వపల్లి,transliterated,576509,508105,,
Telangana,Wanaparthy,693,Weepangandla,4608,Kalvarala,కల్వరాల,transliterated,576187,509120,,
Telangana,Sangareddy,691,Kandi,6275,Kalvemula,కల్వేముల,transliterated,573889,502285,,
Telangana,Nirmal,680,Dilawarpur,4343,Kalwa,కల్వా,transliterated,570308,504306,,
Telangana,Kumuram Bheem Asifabad,699,Dahegoan,4329,Kalwada,కల్వాడ,transliterated,569861,504273,,
Telangana,Ranga Reddy,518,Maheshwaram,4544,Kalwakole,కల్వకొలె,transliterated,574772,509325,,
Telangana,Medak,513,Nizampet,6271,Kalwakunta,కల్వకుంట,transliterated,572942,502102,,
Telangana,Nalgonda,514,Munugode,4647,Kalwakuntla,కల్వకుంత్ల,transliterated,577128,508244,,
Telangana,Narayanpet,721,Narwa,4588,Kalwal,కల్వాల్,transliterated,575854,509208,,
Telangana,Nalgonda,514,Gurrampode,4657,Kalwapalle,కల్వాపల్లె,transliterated,577347,508257,,
Telangana,Nirmal,680,Tanoor,4340,Kalyani,కల్యాణి,transliterated,570217,504102,,
Telangana,Nizamabad,516,Renjal,4357,Kalyapur,కల్యాపూర్,transliterated,570694,503245,,
Telangana,Nalgonda,514,Gundlapally,4651,Kamadenigowararam,కమదెనిగొవరరమ్,transliterated,577207,508258,,
Telangana,Adilabad,501,Utnoor,4321,Kamaipet,కామైపేట,transliterated,569587,504346,,
Telangana,Nirmal,680,Mamada,4346,Kamal Kote,కమల్ కోటే,transliterated,570422,504310,,
Telangana,Jagitial,681,Ibrahimpatnam,4393,Kamala Nagar,కమల నాగర్,transliterated,571609,505327,,
Telangana,Nizamabad,516,Navipet,4358,Kamalapur,కమలాపూర్,transliterated,570719,503245,,
Telangana,Nizamabad,516,Dichpally,4377,Kamalapur,కమలాపూర్,transliterated,571231,503164,,
Telangana,Jagitial,681,Dharmapuri,4397,Kamalapur,కమలపూర్,transliterated,571700,505425,,
Telangana,Hanumakonda,686,Kamalapur,4447,Kamalapur,కమలాపూర్,transliterated,572662,505102,,
Telangana,Sangareddy,691,Manoor,4451,Kamalapur,కమలాపూర్,transliterated,572754,502286,,
Telangana,Vikarabad,698,Yelal,4536,Kamalapur,కమలాపూర్,transliterated,574509,501144,,
Telangana,Nagarkurnool,694,Charakonda,6293,Kamalapur,కమలపూర్,transliterated,575598,509324,,
Telangana,Jayashankar Bhupalapally,687,Bhupalpally,4682,Kamalapur,కమలాపూర్,transliterated,577829,506169,,
Telangana,Bhadradri Kothagudem,690,Mulkalapally,4748,Kamalapuram,కమలాపురం,authoritative,579510,507115,,
Telangana,Khammam,509,Mudigonda,4758,Kamalapuram,కమలాపురం,authoritative,579702,507158,,
Telangana,Mulugu,720,Mangapet,4686,Kamalapuram (Ct),కమలాపురం (సీటీ),transliterated,577948,506172,,
Telangana,Siddipet,692,Maddur,4673,Kamalayapalle,కమలాయపల్లె,transliterated,577626,506223,,
Telangana,Sangareddy,691,Jharasangam,4476,Kamalpalle,కమల్పల్లె,transliterated,573407,502246,,
Telangana,Khammam,509,Raghunadhapalem,4757,Kamanchikal,కామంచికల్లు,authoritative,579654,507003,,
Telangana,Jayashankar Bhupalapally,687,Palimela,6250,Kamanpalle,కమంపల్లె,transliterated,571886,505504,,
Telangana,Peddapalli,682,Kamanpur,4400,Kamanpur,కమన్పూర్,transliterated,571766,505188,,
Telangana,Karimnagar,508,Kothapally,6230,Kamanpur,కమన్పూర్,transliterated,572306,505001,,
Telangana,Hanumakonda,686,Athmakur,4694,Kamaram,కమరమ్,transliterated,578138,506342,,
Telangana,Mahabubabad,688,Gangaram,6253,Kamaram,కామారం,transliterated,578415,506135,,
Telangana,Mulugu,720,Tadvai,4687,Kamaram (P.A),కామారం (ప్.అ),transliterated,578017,506344,,
Telangana,Mulugu,720,Tadvai,4687,Kamaram (P.T),కామారం (ప్.ట్),transliterated,577980,506344,,
Telangana,Nalgonda,514,Tripuraram,4662,Kamareddi Gudem,కమరెద్ది గుదెమ్,transliterated,577457,508278,,
Telangana,Vikarabad,698,Vikarabad,4530,Kamareddiguda,కామారెడ్డిగూడ,transliterated,574323,501101,,
Telangana,Hanumakonda,686,Parkal,4679,Kamareddipalle,కమరెద్దిపల్లె,transliterated,577770,506319,,
Telangana,Kamareddy,685,Kamareddy,4390,Kamareddy,కామారెడ్డి,authoritative,956001,503111,,
Telangana,Narayanpet,721,Makthal,4589,Kamathnarva,కామాత్నర్వ,transliterated,575886,509208,,
Telangana,Adilabad,501,Bheempur,6223,Kamathwada,కామత్వాడ,transliterated,568952,504312,,
Telangana,Mahabubabad,688,Bayyaram,4742,Kambalapalle,కంబాలపల్లె,transliterated,579429,507211,,
Telangana,Jayashankar Bhupalapally,687,Kataram,4402,Kambalpad,కంబాల్పాడ్,transliterated,571841,505503,,
Telangana,Nalgonda,514,Chandampeta,4652,Kambhalapally,కంభలపల్లి,transliterated,577228,508248,,
Telangana,Nalgonda,514,Gundlapally,4651,Kame Palle,కామేపల్లి,authoritative,577194,508258,,
Telangana,Mancherial,684,Dandepally,4348,Kamepalle,కామేపల్లి,authoritative,570489,504206,,
Telangana,Khammam,509,Kamepalli,4745,Kamepally,కామేపల్లి,authoritative,579469,507122,,
Telangana,Adilabad,501,Bela,4308,Kamgarpur,కామ్గార్పూర్,transliterated,569077,504309,,
Telangana,Adilabad,501,Ichoda,4322,Kamgiri,కామగిరి,transliterated,569602,504307,,
Telangana,Sangareddy,691,Narayankhed,4452,Kamjipoor,కామ్జిపూర్,transliterated,572781,502287,,
Telangana,Nirmal,680,Sarangapur,4336,Kamkati,కంకతి,transliterated,570085,504104,,
Telangana,Nirmal,680,Nirmal Rural,6210,Kamlapur,కమ్లాపూర్,transliterated,570342,504106,,
Telangana,Ranga Reddy,518,Farooqnagar,4559,Kammadanam,కమ్మదనం,transliterated,575203,509216,,
Telangana,Kamareddy,685,Sadashivanagar,4381,Kammajiwadi,కమ్మాజీవాడి,transliterated,571306,503145,,
Telangana,Nizamabad,516,Kammarpally,4363,Kammar Palle,కమ్మర్ పల్లె,transliterated,570828,503308,,
Telangana,Peddapalli,682,Dharmaram,4411,Kammarikhanpeta,కమ్మరిఖాన్పేట,transliterated,572030,505416,,
Telangana,Hanumakonda,686,Velair,6252,Kammaripet,కమ్మరిపేట,transliterated,572684,506142,,
Telangana,Kumuram Bheem Asifabad,699,Dahegoan,4329,Kammarpalle,కమ్మర్పల్లె,transliterated,569864,504273,,
Telangana,Warangal,522,Narsampet,4708,Kammepalle,కమ్మెపల్లె,transliterated,578357,506333,,
Telangana,Kumuram Bheem Asifabad,699,Penchicalpet,6313,Kammergaon,కమ్మెర్గాన్,transliterated,569439,504296,,
Telangana,Ranga Reddy,518,Chevella,4529,Kammeta,కమ్మెట,transliterated,574290,501503,,
Telangana,Jagitial,681,Beerpur,6212,Kammunur,కమ్మునుర్,transliterated,571666,505454,,
Telangana,Nalgonda,514,Tripuraram,4662,Kampa Sagar,కంప సాగర్,transliterated,577465,508208,,
Telangana,Nalgonda,514,Tripuraram,4662,Kampala Palle,కంపల పల్లె,transliterated,577458,508278,,
Telangana,Mahabubabad,688,Seerole,7518,Kampalle,కంపల్లె,transliterated,578661,506105,,
Telangana,Narayanpet,721,Damargidda,4553,Kamsanipalle,కంసానిపల్లె,transliterated,575021,509407,,
Telangana,Nagarkurnool,694,Uppununthala,4580,Kamsanipalle,కంసానిపల్లె,transliterated,575667,509376,,
Telangana,Ranga Reddy,518,Farooqnagar,4559,Kamsanpalle,కంసన్పల్లె,transliterated,575198,509202,,
Telangana,Narayanpet,721,Dhanwada,4572,Kamsanpalle,కంసన్పల్లె,transliterated,575501,509205,,
Telangana,Vikarabad,698,Basheerabad,4535,Kamsanpalle Maqta,కంసన్పల్లె మక్తా,transliterated,574480,501143,,
Telangana,Kamareddy,685,Nasurullabad,6244,Kamshetpalle,కంశెత్పల్లె,transliterated,571178,503301,,
Telangana,Nizamabad,516,Nandipet,4359,Kamtam,కంతం,transliterated,570747,503246,,
Telangana,Adilabad,501,Jainath,4307,Kamtha,కంత,transliterated,569065,504309,,
Telangana,Peddapalli,682,Peddapalli,4408,Kanagarthi,కనగర్తి,transliterated,571980,505187,,
Telangana,Rajanna Sircilla,683,Konaraopet,4431,Kanagarthi,కనగర్తి,transliterated,572380,505301,,
Telangana,Karimnagar,508,Ellandakunta,6234,Kanagarthi,కనగర్థి,transliterated,572552,505122,,
Telangana,Wanaparthy,693,Kothakota,4593,Kanaipalle,కనైపల్లె,transliterated,576007,509381,,
Telangana,Ranga Reddy,518,Moinabad,4528,Kanakamamidi,కనకమామిడి,transliterated,574271,501504,,
Telangana,Jayashankar Bhupalapally,687,Regonda,4690,Kanaparthy,కనపర్తి,transliterated,578064,506348,,
Telangana,Khammam,509,Mudigonda,4758,Kanapuram,కనపురం,authoritative,579694,507158,,
Telangana,Yadadri Bhuvanagiri,697,Bommalaramaram,4613,Kanchalthanda,కంచల్తాండ,transliterated,909949,508117,,
Telangana,Yadadri Bhuvanagiri,697,Adda Guduru,6310,Kanchanapally,కాంచనపల్లి,transliterated,576688,508277,,
Telangana,Hyderabad,507,Bandlaguda,4509,Kanchanbagh,కంచంబఘ్,transliterated,927811,500058,,
Telangana,Nalgonda,514,Nalgonda,4646,Kanchanpalle,కాంచన్పల్లె,transliterated,577087,508002,,
Telangana,Jangoan,689,Ragunathpally,4698,Kanchanpalle,కాంచన్పల్లె,transliterated,578217,506244,,
Telangana,Medak,513,Kowdipally,4480,Kanchanpally,కాంచన్పల్లి,transliterated,573532,502316,,
Telangana,Yadadri Bhuvanagiri,697,Valigonda,4627,Kanchanpally,కాంచన్పల్లి,transliterated,576725,508285,,
Telangana,Nalgonda,514,Nalgonda,4646,Kanchanpally,కంచంపల్లి,transliterated,909820,508002,,
Telangana,Kamareddy,685,Bhiknoor,4391,Kancherla,కంచెర్ల,transliterated,571580,503101,,
Telangana,Rajanna Sircilla,683,Veernapalli,6220,Kancherla,కంచెర్ల,transliterated,572392,505305,,
Telangana,Mahabubabad,688,Kuravi,4721,Kancherlagudem,కంచర్లగూడెం,transliterated,578657,506102,,
Telangana,Jayashankar Bhupalapally,687,Mahadevpur,4403,Kancherlapalle,కంచెర్లపల్లె,transliterated,571866,505504,,
Telangana,Wanaparthy,693,Pebbair,4602,Kanchiraopalle,కంచిరావుపల్లె,transliterated,576196,509120,,
Telangana,Kamareddy,685,Lingampet,4388,Kanchmahal,కంచ్మహల్,transliterated,571496,503122,,
Telangana,Jogulamba Gadwal,695,Undavelly,6299,Kanchupadu,కంచుపదు,transliterated,576415,509153,,
Telangana,Suryapet,696,Atmakur (S),4622,Kandagatla,కందగట్ల,transliterated,576624,508224,,
Telangana,Nizamabad,516,Renjal,4357,Kandakurthi,కందకుర్తి,transliterated,570687,503235,,
Telangana,Vikarabad,698,Peddemul,4533,Kandanelli,కందనెల్లి,transliterated,574432,501142,,
Telangana,Narayanpet,721,Damargidda,4553,Kandanpalle,కందన్పల్లె,transliterated,575011,509407,,
Telangana,Kamareddy,685,Bichkunda,4374,Kandarpalle,కందలవారిపల్లె,authoritative,571133,503306,,
Telangana,Nizamabad,516,Navipet,4358,Kandepalle,ఖండేపల్లి,authoritative,570712,503245,,
Telangana,Sangareddy,691,Kandi,6275,Kandi,కంది,authoritative,573883,502285,,
Telangana,Suryapet,696,Mellachervu,4671,Kandibanda,కందిబండ,transliterated,577592,508238,,
Telangana,Hyderabad,507,Bandlaguda,4509,Kandikal,కందికల్,transliterated,927810,500053,,
Telangana,Rajanna Sircilla,683,Illanthakunta,4436,Kandikatkoor,కందికత్కూర్,transliterated,572471,505401,,
Telangana,Mahabubabad,688,Kuravi,4721,Kandikonda,కందికొండ,transliterated,578650,506105,,
Telangana,Ranga Reddy,518,Farooqnagar,4559,Kandivanam,కందివనం,transliterated,575195,509410,,
Telangana,Medchal Malkajgiri,700,Medchal,4519,Kandlakoya,కండ్లకోయ,transliterated,574101,501401,,
Telangana,Vikarabad,698,Pudur,4541,Kandlapalle,కండ్లపల్లి,authoritative,574666,501102,,
Telangana,Jagitial,681,Beerpur,6212,Kandlapalli,కండ్లపల్లి,transliterated,571673,505454,,
Telangana,Jagitial,681,Jagitial Rural,6211,Kandlapalli,కంద్లపల్లి,transliterated,572082,505454,,
Telangana,Adilabad,501,Bazarhatnoor,4323,Kandli,కండ్లి,transliterated,569666,504307,,
Telangana,Karimnagar,508,Huzurabad,4446,Kandugula,కందుగుల,transliterated,572652,505101,,
Telangana,Ranga Reddy,518,Kandukur,4545,Kandukur,కందుకూరు,authoritative,574813,500113,,
Telangana,Khammam,509,Vemsoor,4768,Kandukuru,కందుకూరు,authoritative,579908,507164,,
Telangana,Suryapet,696,Nereducherla,4665,Kandulavarigudem,కందులవారిగూడెం,transliterated,909903,508218,,
Telangana,Mahabubnagar,512,Addakal,4586,Kandur,కందూరు,authoritative,575812,509382,,
Telangana,Ranga Reddy,518,Chevella,4529,Kanduwada,కందువాడ,transliterated,574311,501503,,
Telangana,Siddipet,692,Thoguta,4463,Kangal,కంగల్,transliterated,573075,502114,,
Telangana,Nalgonda,514,Kanagal,4656,Kangal,కంగల్,transliterated,577318,508255,,
Telangana,Peddapalli,682,Odela,4426,Kangarthi,కంగర్తి,transliterated,572276,505152,,
Telangana,Sangareddy,691,Kangti,4450,Kangti,కాంగ్టి,transliterated,572711,502286,,
Telangana,Wanaparthy,693,Kothakota,4593,Kanimetta,కనిమెట్ట,authoritative,576004,509381,,
Telangana,Hanumakonda,686,Kamalapur,4447,Kaniparthi,కనిపర్థి,transliterated,572665,505101,,
Telangana,Nirmal,680,Dilawarpur,4343,Kanjar,కంజర్,transliterated,570327,504306,,
Telangana,Nirmal,680,Laxmanchanda,4345,Kanjar,కంజర్,transliterated,570376,504310,,
Telangana,Nizamabad,516,Mugpal,6235,Kanjar,కంజర్,transliterated,570945,503175,,
Telangana,Adilabad,501,Bazarhatnoor,4323,Kankadurga,కంకదుర్గ,transliterated,569667,504304,,
Telangana,Kamareddy,685,Tadwai,4389,Kankal,కంకల్,transliterated,571520,503120,,
Telangana,Vikarabad,698,Pudur,4541,Kankal,కంకల్,transliterated,574689,501102,,
Telangana,Mancherial,684,Kasipet,4349,Kankalapur,కంకలపూర్,transliterated,570503,504231,,
Telangana,Nalgonda,514,Thipparthy,4645,Kankanala Palle,కంకణాలపల్లి,authoritative,577064,508247,,
Telangana,Vikarabad,698,Kotepally,6312,Kankanalapalle,కంకణాలపల్లె,transliterated,574402,501106,,
Telangana,Yadadri Bhuvanagiri,697,Narayanpur,4648,Kankanalguda,కంకణాలగూడ,transliterated,577139,508253,,
Telangana,Wanaparthy,693,Amarchintha,6290,Kankanvanipalle,కంకణ్వాణిపల్లె,transliterated,575968,509130,,
Telangana,Nirmal,680,Lokeswaram,4342,Kankapur,కంకాపూర్,transliterated,570293,504101,,
Telangana,Nirmal,680,Laxmanchanda,4345,Kankapur,కంకాపూర్,transliterated,570373,504310,,
Telangana,Mahabubnagar,512,Moosapet,6260,Kankapur,కంకపూర్,transliterated,575800,509382,,
Telangana,Kumuram Bheem Asifabad,699,Koutala,4316,Kanki,కంకి,transliterated,569386,504299,,
Telangana,Sangareddy,691,Munipally,4477,Kankole,కంకోలే,transliterated,573460,502345,,
Telangana,Jayashankar Bhupalapally,687,Mutharam Mahadevpur,4404,Kankunoor,కంకునూర్,transliterated,571915,505503,,
Telangana,Sangareddy,691,Gummadidala,6277,Kankunta,కంకుంట,transliterated,573902,502313,,
Telangana,Mancherial,684,Jaipur,4355,Kankur,కంకుర్,transliterated,570617,504216,,
Telangana,Vikarabad,698,Chowdapur,7186,Kanmankalva,కన్మంకల్వ,transliterated,574622,509340,,
Telangana,Mahabubnagar,512,Addakal,4586,Kanmanoor,కంమనూర్,transliterated,576027,509381,,
Telangana,Mulugu,720,Kannaigudem,6251,Kannaigudem,కన్నైగూడెం,transliterated,577879,506169,,
Telangana,Mulugu,720,Mulug,4689,Kannaigudem,కన్నాయిగూడెం,transliterated,578050,506352,,
Telangana,Mahabubabad,688,Garla,4743,Kannaigudem,కన్నాయిగూడెం,transliterated,579447,507210,,
Telangana,Bhadradri Kothagudem,690,Aswaraopeta,4749,Kannaigudem,కన్నాయిగూడెం,transliterated,579524,507301,,
Telangana,Mahabubnagar,512,Koilkonda,4569,Kannaipalle,కన్నాయిపల్లె,transliterated,575418,509371,,
Telangana,Jangoan,689,Ragunathpally,4698,Kannaipalle,కన్నాయిపల్లె,transliterated,578219,506244,,
Telangana,Peddapalli,682,Palakurthy,6215,Kannala,కన్నల,transliterated,571758,505187,,
Telangana,Peddapalli,682,Manthani,4401,Kannala,కన్నల,transliterated,571792,505184,,
Telangana,Nirmal,680,Kaddam Peddur,4335,Kannapur,కన్నపూర్,transliterated,570056,504202,,
Telangana,Kamareddy,685,Ramareddy,6243,Kannapur,కన్నపూర్,transliterated,571328,503144,,
Telangana,Kamareddy,685,Lingampet,4388,Kannapur,కన్నాపూర్,transliterated,571517,503124,,
Telangana,Jagitial,681,Jagitial Rural,6211,Kannapur,కన్నాపూర్,transliterated,572069,505454,,
Telangana,Karimnagar,508,Shankarapatnam,4441,Kannapur,కన్నాపూర్,transliterated,572568,505470,,
Telangana,Bhadradri Kothagudem,690,Dummugudem,4729,Kannapuram,కన్నాపురం,authoritative,578966,507137,,
Telangana,Hanumakonda,686,Velair,6252,Kannaram,కన్నారం,transliterated,939783,505471,,
Telangana,Warangal,522,Nallabelli,4692,Kannaraopet,కన్నారావుపేట,transliterated,578090,506350,,
Telangana,Kamareddy,685,Nagireddypet,4387,Kannareddy,కన్నారెడ్డి,transliterated,571478,503108,,
Telangana,Medak,513,Kowdipally,4480,Kannavaram,కన్నవరం,authoritative,573534,502316,,
Telangana,Mulugu,720,Tadvai,4687,Kanneboinapalle,కన్నెబొఇనపల్లె,transliterated,577956,506347,,
Telangana,Mahabubabad,688,Dornakal,4722,Kannegundla,కన్నెగుండ్ల,transliterated,578675,506368,,
Telangana,Kumuram Bheem Asifabad,699,Koutala,4316,Kannepalle,కన్నేపల్లె,authoritative,569387,504299,,
Telangana,Mancherial,684,Kannepally,6229,Kannepalle,కన్నేపల్లె,authoritative,569842,504219,,
Telangana,Kumuram Bheem Asifabad,699,Tiryani,4333,Kannepalle,కన్నేపల్లె,authoritative,569996,504297,,
Telangana,Mancherial,684,Chennur,4356,Kannepalle,కన్నేపల్లె,authoritative,570654,504204,,
Telangana,Jayashankar Bhupalapally,687,Mahadevpur,4403,Kannepalle,కన్నేపల్లె,authoritative,571860,505504,,
Telangana,Kumuram Bheem Asifabad,699,Wankidi,4314,Kanneragaon,కన్నెరగాన్,transliterated,569335,504296,,
Telangana,Hanumakonda,686,Kamalapur,4447,Kannur,కన్నూర్,transliterated,572656,505101,,
Telangana,Adilabad,501,Sathnala,7515,Kanpa (Mediguda),కన్ప (మేడిగూడ),transliterated,569071,504002,,
Telangana,Karimnagar,508,Veenavanka,4439,Kanparthi,కన్పర్తి,transliterated,572539,505129,,
Telangana,Sangareddy,691,Andole,4479,Kansanpalle,కన్సన్పల్లె,transliterated,573500,502270,,
Telangana,Mahabubabad,688,Thorrur,4715,Kantaipalem,కంటైపాలెం,transliterated,578533,506163,,
Telangana,Hanumakonda,686,Nadikuda,6547,Kantathmakur,కాంతాత్మకూర్,transliterated,577761,506391,,
Telangana,Adilabad,501,Boath,4324,Kantegaon,కంటెగాన్,transliterated,569685,504304,,
Telangana,Bhadradri Kothagudem,690,Cherla,4726,Kantepalli (G),కంటెపల్లి (గ్),transliterated,578904,507133,,
Telangana,Kamareddy,685,Jukkal,4373,Kanthali,కంతలి,authoritative,571098,503305,,
Telangana,Mulugu,720,Kannaigudem,6251,Kanthanpalle,కంఠన్పల్లె,transliterated,577885,506165,,
Telangana,Peddapalli,682,Sulthanabad,4425,Kanukula,కనుకుల,transliterated,572271,505185,,
Telangana,Karimnagar,508,Huzurabad,4446,Kanukulagidda,కనుకులాగిద్దా,transliterated,572653,505498,,
Telangana,Mahabubnagar,512,Gandeed,4538,Kaplapur,కప్లాపూర్,transliterated,574566,509339,,
Telangana,Sangareddy,691,Jharasangam,4476,Kappad,కప్పడ్,transliterated,573406,502257,,
Telangana,Nirmal,680,Mamada,4346,Kappanpalle,కప్పన్పల్లె,transliterated,570407,504310,,
Telangana,Ranga Reddy,518,Ibrahimpatnam,4546,Kappapahad,కప్పపహాడ్,transliterated,574851,501506,,
Telangana,Jagitial,681,Velgatur,4398,Kapparaopet,కప్పరావుపేట,transliterated,571714,505526,,
Telangana,Adilabad,501,Talamadugu,4309,Kappardevi,కప్పర్దేవి,transliterated,569133,504312,,
Telangana,Mahabubnagar,512,Bhoothpur,4574,Kappeta,కప్పేట,transliterated,575553,509382,,
Telangana,Yadadri Bhuvanagiri,697,Atmakur (M),4626,Kaprai Pally,కప్రాయి పల్లీ,transliterated,576722,508111,,
Telangana,Suryapet,696,Kodad,4668,Kapugallu,కపుగల్లు,transliterated,577569,508238,,
Telangana,Bhadradri Kothagudem,690,Mulkalapally,4748,Kapugangaram,కాపుగంగారం,transliterated,579512,507315,,
Telangana,Warangal,522,Sangem,4705,Kapulakanaparthy,కాపులకనపర్తి,transliterated,578325,506005,,
Telangana,Jayashankar Bhupalapally,687,Malharrao,4405,Kapuram,కాపురం,transliterated,571932,505184,,
Telangana,Kamareddy,685,Tadwai,4389,Karadpalle,కరడ్పల్లె,transliterated,571519,503120,,
Telangana,Khammam,509,Penuballi,4752,Karaigudem,కరాయిగూడెం,transliterated,579589,507302,,
Telangana,Bhadradri Kothagudem,690,Karakagudem,6269,Karakagudem,కరకగూడెం,authoritative,578819,507117,,
Telangana,Suryapet,696,Huzurnagar,4669,Karakayalagudem,కరకాయలగూడెం,transliterated,910369,508204,,
Telangana,Kamareddy,685,Gandhari,4382,Karakwadi,కరక్వాడి,transliterated,571337,503114,,
Telangana,Adilabad,501,Jainath,4307,Karanji,కరంజి,transliterated,569056,504309,,
Telangana,Adilabad,501,Bheempur,6223,Karanji (T),కరంజి (ట్),transliterated,568945,504312,,
Telangana,Kumuram Bheem Asifabad,699,Kerameri,4313,Karanjiwada,కరంజివాడ,transliterated,569260,504293,,
Telangana,Vikarabad,698,Tandur,4534,Karankote,కారంకోట్,transliterated,574450,501158,,
Telangana,Adilabad,501,Boath,4324,Karathwada,కరత్వాడ,transliterated,569689,504304,,
Telangana,Sangareddy,691,Raikode,4472,Karchal,కర్చల్,transliterated,573288,502257,,
Telangana,Sangareddy,691,Patancheru,4494,Kardanur,కర్దనూర్,transliterated,573940,502300,,
Telangana,Karimnagar,508,Shankarapatnam,4441,Kareempet,కరీంపేట,transliterated,572572,505490,,
Telangana,Vikarabad,698,Kotepally,6312,Kareempur,కరీంపూర్,transliterated,574397,501106,,
Telangana,Nirmal,680,Mudhole,4341,Karegaon,కరేగాన్,transliterated,570245,504102,,
Telangana,Nizamabad,516,Chandur,6669,Karegaon,కరేగాన్,transliterated,571203,503206,,
Telangana,Kamareddy,685,Pitlam,4384,Karegaon,కరేగాన్,transliterated,571406,503310,,
Telangana,Bhadradri Kothagudem,690,Palvoncha,4737,Karegattu,కరేగట్టు,transliterated,579355,507115,,
Telangana,Nizamabad,516,Pothangal,7534,Karegoan,కరేగోన్,transliterated,571026,503207,,
Telangana,Nizamabad,516,Bheemgal,4364,Karepalle,కారేపల్లె,transliterated,570862,503307,,
Telangana,Karimnagar,508,Karimnagar,6231,Karimnagar,కరీంనగర్,authoritative,956037,505001,,
Telangana,Bhadradri Kothagudem,690,Julurpadu,4746,Karivarigudem,కరివారిగూడెం,transliterated,579479,507120,,
Telangana,Suryapet,696,Thungaturthy,4620,Karivirala,కరివిరాల,transliterated,576597,508280,,
Telangana,Suryapet,696,Nadigudem,4641,Karivirala,కరివిరాల,transliterated,576996,508234,,
Telangana,Kumuram Bheem Asifabad,699,Chintalamanepally,6314,Karjavelli,కర్జవెల్లి,transliterated,569399,504299,,
Telangana,Nirmal,680,Sarangapur,4336,Karji,కర్జి,transliterated,570077,504110,,
Telangana,Mahabubabad,688,Thorrur,4715,Karkal,కర్కల్,transliterated,578542,506318,,
Telangana,Ranga Reddy,518,Kadthal,6324,Karkalpahad,కర్కల్పహాడ్,transliterated,575278,509358,,
Telangana,Jayashankar Bhupalapally,687,Ghanpur (Mulug),4683,Karkapalle,కర్కపల్లె,transliterated,577844,506168,,
Telangana,Siddipet,692,Markook,6282,Karkapatla,కర్కపత్ల,transliterated,573720,502281,,
Telangana,Mahabubnagar,512,Nawabpet,4556,Karkonda,కార్కొండ,transliterated,575095,509340,,
Telangana,Mahabubabad,688,Kothaguda,4710,Karlai,కర్లై,transliterated,578448,506135,,
Telangana,Mulugu,720,Govindaraopet,4688,Karlapalle,కర్లపల్లె,transliterated,578034,506347,,
Telangana,Mancherial,684,Hajipur,6227,Karnamamidi,కర్ణమామిడి,transliterated,570602,504207,,
Telangana,Mahabubabad,688,Kothaguda,4710,Karnegandi,కర్నెగండి,transliterated,578414,506135,,
Telangana,Adilabad,501,Bela,4308,Karoni (B),కరోని (బ్),transliterated,569115,504309,,
Telangana,Mahabubnagar,512,Nawabpet,4556,Karoor,కరూర్,transliterated,575099,509340,,
Telangana,Jogulamba Gadwal,695,Yerravalli,7517,Karpakula,కర్పకుల,transliterated,576320,509128,,
Telangana,Sangareddy,691,Nagalgidda,6280,Karsgutti,కర్స్గుత్తి,transliterated,572735,502286,,
Telangana,Nagarkurnool,694,Bijinapally,4584,Karukonda,కారుకొండ,transliterated,575750,509215,,
Telangana,Bhadradri Kothagudem,690,Laxmidevipalli,6266,Karukonda,కారుకొండ,transliterated,579379,507118,,
Telangana,Mahabubnagar,512,Bhoothpur,4574,Karvena,కర్వేనా,transliterated,575546,509302,,
Telangana,Wanaparthy,693,Madanapur,6289,Karvena,కర్వేనా,transliterated,575975,509110,,
Telangana,Sangareddy,691,Hathnoora,4489,Kasal,కసల్,transliterated,573795,502296,,
Telangana,Nalgonda,514,Kethepally,4637,Kasangode,కాసంగోడ్,transliterated,576935,508211,,
Telangana,Medak,513,Chegunta,4466,Kasanpally,కాసన్పల్లి,transliterated,573157,502247,,
Telangana,Suryapet,696,Jajireddygudem,4623,Kasarla Pahad,కసర్ల పహద్,transliterated,576656,508224,,
Telangana,Rajanna Sircilla,683,Thangallapalli,6217,Kasbekatkur,కాస్బెకట్కూర్,transliterated,572457,505301,,
Telangana,Karimnagar,508,Ganneruvaram,6232,Kashimpet,కాశీంపేట,transliterated,572497,505530,,
Telangana,Mulugu,720,Mulug,4689,Kasimdevipet,కాశిందేవిపేట,transliterated,578038,506352,,
Telangana,Sangareddy,691,Zahirabad,4474,Kasimpur,కసింపూర్,transliterated,573350,502221,,
Telangana,Bhadradri Kothagudem,690,Dummugudem,4729,Kasinagaram,కసినగరమ్,transliterated,578956,507137,,
Telangana,Mancherial,684,Tandur,4332,Kasipet,కాసిపేట,transliterated,569966,504272,,
Telangana,Peddapalli,682,Manthani,4401,Kasipeta,కాసిపేట,transliterated,571783,505184,,
Telangana,Sangareddy,691,Kandi,6275,Kasipur,కాసీపూర్,transliterated,573885,502285,,
Telangana,Jogulamba Gadwal,695,Alampur,4612,Kasipur,కాసీపూర్,transliterated,576446,509152,,
Telangana,Kamareddy,685,Pedda Kodapgal,6245,Kaslabad,కస్లాబాద్,transliterated,571159,503310,,
Telangana,Vikarabad,698,Mominpet,4513,Kaslabad,కస్లాబాద్,transliterated,574004,501202,,
Telangana,Medak,513,Shankarampet (R),4467,Kaslapur,కాస్లాపూర్,transliterated,573162,502248,,
Telangana,Nalgonda,514,Chandur,4655,Kastala,కస్తల,transliterated,577303,508255,,
Telangana,Vikarabad,698,Kodangal,4549,Kastoorpalle,కస్తూర్పల్లె,transliterated,574910,509336,,
Telangana,Siddipet,692,Mirdoddi,4464,Kasulabad,కాసులాబాద్,transliterated,573085,502108,,
Telangana,Jayashankar Bhupalapally,687,Kataram,4402,Kataram,కతారం,transliterated,571840,505503,,
Telangana,Mahabubnagar,512,Addakal,4586,Katavaram,కాటవరం,authoritative,575809,509382,,
Telangana,Kumuram Bheem Asifabad,699,Bejjur,4317,Katepalle,కాటెపల్లె,authoritative,569410,504299,,
Telangana,Mancherial,684,Vemanpally,4330,Katepalle,కాటెపల్లె,authoritative,569909,504214,,
Telangana,Kamareddy,685,Pedda Kodapgal,6245,Katepally,కాటేపల్లి,transliterated,571386,503310,,
Telangana,Yadadri Bhuvanagiri,697,Atmakur (M),4626,Katepally,కాటేపల్లి,transliterated,909714,508111,,
Telangana,Kamareddy,685,Gandhari,4382,Katewadi,కాటేవాడి,transliterated,571343,503114,,
Telangana,Kamareddy,685,Jukkal,4373,Kathalwadi,కథల్వాడి,transliterated,571091,503305,,
Telangana,Wanaparthy,693,Atmakur,4592,Kathepalle,కథేపల్లె,transliterated,575986,509131,,
Telangana,Mancherial,684,Tandur,4332,Katherla,కాథర్ల,transliterated,569968,504272,,
Telangana,Jagitial,681,Kathlapur,4418,Kathlapur,కథ్లపూర్,transliterated,572144,505462,,
Telangana,Peddapalli,682,Dharmaram,4411,Katkanpalli,కట్కన్పల్లి,transliterated,572028,505416,,
Telangana,Jagitial,681,Raikal,4395,Katkapur,కత్కపూర్,transliterated,571646,505460,,
Telangana,Jangoan,689,Bachannapet,4674,Katkoor,కత్కూర్,transliterated,577659,506224,,
Telangana,Bhadradri Kothagudem,690,Dammapeta,4750,Katkoor,కట్కూర్,transliterated,579538,507306,,
Telangana,Khammam,509,Mudigonda,4758,Katkoor,కట్కూర్,transliterated,579687,507170,,
Telangana,Siddipet,692,Akkannapet,6285,Katkur,కత్కుర్,transliterated,572683,505466,,
Telangana,Jagitial,681,Medipalli,4415,Katlakunta,కట్లకుంట,transliterated,572093,505453,,
Telangana,Karimnagar,508,Choppadandi,4424,Katnepalle,కట్నేపల్లె,transliterated,572245,505531,,
Telangana,Peddapalli,682,Sulthanabad,4425,Katnepalle,కట్నేపల్లె,transliterated,572257,505525,,
Telangana,Hanumakonda,686,Shayampet,4691,Katrapalle,కాట్రపల్లె,authoritative,578085,506349,,
Telangana,Mahabubabad,688,Kesamudram,4717,Katrapalle,కాట్రపల్లె,authoritative,578570,506112,,
Telangana,Karimnagar,508,Huzurabad,4446,Katrepalle,కాట్రేపల్లె,transliterated,572651,505480,,
Telangana,Narayanpet,721,Makthal,4589,Katrevpalle,కత్రెవ్పల్లె,transliterated,575889,509353,,
Telangana,Warangal,522,Wardhannapet,4704,Katrial,కాట్రియల్,transliterated,578310,506313,,
Telangana,Nalgonda,514,Kattangur,4635,Kattangoor,కత్తంగూర్,transliterated,576911,508205,,
Telangana,Khammam,509,Nelakondapalli,4759,Kattu Kacharam,కట్టు కాచారం,transliterated,579731,507169,,
Telangana,Mahabubabad,688,Narsimhulapet,4719,Kausalyadevipalle,కౌసల్యదెవిపల్లె,transliterated,578621,506104,,
Telangana,Bhadradri Kothagudem,690,Aswaraopeta,4749,Kavadigundla,కావడిగుండ్ల,transliterated,579523,507301,,
Telangana,Narayanpet,721,Narayanpet,4570,Kavarampalle,కవరంపల్లె,authoritative,575449,509210,,
Telangana,Ranga Reddy,518,Shamshabad,4543,Kaveliguda,కావేలిగూడ,transliterated,574722,501504,,
Telangana,Sangareddy,691,Kohir,4475,Kavelli,కవెల్లి,transliterated,573380,502321,,
Telangana,Ranga Reddy,518,Abdullapurmet,6319,Kawadipalle,కవాడిపల్లె,transliterated,574197,501505,,
Telangana,Mancherial,684,Jannaram,4334,Kawal,కవాల్,transliterated,570011,504205,,
Telangana,Adilabad,501,Bhoraj,7529,Kedarpur,కేదార్పూర్,transliterated,569023,504309,,
Telangana,Jagitial,681,Pegadapalli,4421,Keesulatapalli,కీసులతపల్లి,transliterated,572198,505532,,
Telangana,Kumuram Bheem Asifabad,699,Kerameri,4313,Keli Khurd,కెలి ఖుర్ద్,transliterated,569270,504293,,
Telangana,Karimnagar,508,Manakondur,4427,Kelledu,కెళ్ళేడు,transliterated,572289,505505,,
Telangana,Kamareddy,685,Tadwai,4389,Kelojiwadi,కేలోజీవాడి,transliterated,571521,503111,,
Telangana,Kumuram Bheem Asifabad,699,Kerameri,4313,Kerameri,కేరమేరి,transliterated,569276,504293,,
Telangana,Yadadri Bhuvanagiri,697,Valigonda,4627,Kerchipalli,కెర్చిపల్లి,transliterated,909724,508112,,
Telangana,Kamareddy,685,Madnoor,4372,Keroor,కెరూర్,transliterated,571066,503309,,
Telangana,Sangareddy,691,Vatpally,6291,Keroor,కెరూర్,transliterated,573239,502270,,
Telangana,Vikarabad,698,Pudur,4541,Kervelli,కెర్వెల్లి,transliterated,574684,501102,,
Telangana,Wanaparthy,693,Revally,6286,Kesampeta,కేశంపేట,transliterated,576070,509206,,
Telangana,Mahabubabad,688,Kesamudram,4717,Kesamudram,కేసముద్రం,authoritative,578573,506112,,
Telangana,Peddapalli,682,Mutharam (Manthani),4406,Kesanapalli,కేసనపల్లి,transliterated,571954,505153,,
Telangana,Nizamabad,516,Dharpally,4378,Kesaram,కేసరం,transliterated,571244,503164,,
Telangana,Suryapet,696,Jajireddygudem,4623,Kesaram,కేసరం,transliterated,576650,508214,,
Telangana,Suryapet,696,Suryapet,4638,Kesaram (Part),కేసరం (పార్ట్),transliterated,576961,508214,,
Telangana,Nirmal,680,Tanoor,4340,Kesarelly,కేసరెల్లి,transliterated,570229,504102,,
Telangana,Siddipet,692,Akkannapet,6285,Kesavapur,కేశవాపూర్,transliterated,572627,505466,,
Telangana,Medchal Malkajgiri,700,Muduchinthalapally,6671,Kesavapur,కెసవపూర్,transliterated,574136,500101,,
Telangana,Jogulamba Gadwal,695,Ieeja,4606,Kesavapuram,కేసవాపురం,authoritative,576297,509135,,
Telangana,Nalgonda,514,Madugulapally,6305,Kesavapuram,కేసవాపురం,authoritative,577438,508234,,
Telangana,Bhadradri Kothagudem,690,Aswapuram,4728,Kesavapuram,కేసవాపురం,authoritative,578923,507133,,
Telangana,Ranga Reddy,518,Chevella,4529,Kesavaram,కేశవరం,authoritative,574309,501503,,
Telangana,Ranga Reddy,518,Shabad,4542,Kesavaram,కేశవరం,authoritative,574719,509217,,
Telangana,Ranga Reddy,518,Keshampet,4561,Keshampet,కెశంపెత్,transliterated,575240,509408,,
Telangana,Nizamabad,516,Balkonda,4361,Keshapur,కెశపూర్,transliterated,570790,503217,,
Telangana,Nizamabad,516,Nizamabad Rural,6233,Keshapur,కెశపూర్,transliterated,570934,503230,,
Telangana,Suryapet,696,Thungaturthy,4620,Keshava Puram,కేశవ పురం,transliterated,576600,508280,,
Telangana,Karimnagar,508,Shankarapatnam,4441,Keshavapatnam,కెశవపత్నమ్,transliterated,572573,505490,,
Telangana,Mahabubabad,688,Gudur,4711,Keshavapatnam,కేశవపట్నం,transliterated,578458,506134,,
Telangana,Bhadradri Kothagudem,690,Dummugudem,4729,Keshavapatnam,కేశవపట్నం,transliterated,578957,507137,,
Telangana,Mulugu,720,Tadvai,4687,Keshavapoor,కేశవపూర్,transliterated,578011,506172,,
Telangana,Warangal,522,Rayaparthy,4703,Keshavapur,కేశవాపూర్,transliterated,578285,506314,,
Telangana,Suryapet,696,Nadigudem,4641,Keshavapuram,కేశవపురం,transliterated,909787,508234,,
Telangana,Bhadradri Kothagudem,690,Cherla,4726,Keshavapuram (G),కేశవపురం (గ్),transliterated,578864,507133,,
Telangana,Adilabad,501,Ichoda,4322,Keshavpatnam,కేశవపట్నం,transliterated,569626,504307,,
Telangana,Medchal Malkajgiri,700,Muduchinthalapally,6671,Keshawaram,కేశవరం,transliterated,574117,500101,,
Telangana,Nizamabad,516,Jakranpally,4366,Keshpalle,కేష్పల్లె,transliterated,570895,503175,,
Telangana,Nizamabad,516,Jakranpally,4366,Keshpally,కేష్పల్లి,transliterated,909472,503175,,
Telangana,Nalgonda,514,Thipparthy,4645,Keshrajpalle,కేశ్రాజపల్లె,transliterated,577062,508002,,
Telangana,Hanumakonda,686,Elkathurthy,4449,Keshwapur,కెశ్వపూర్,transliterated,572698,505476,,
Telangana,Warangal,522,Duggondi,4693,Keshwapur,కేశ్వాపూర్,transliterated,578106,506342,,
Telangana,Jangoan,689,Bachannapet,4674,Kesireddipalle,కేసిరెడ్డిపల్లె,transliterated,577661,506221,,
Telangana,Adilabad,501,Inderavelly,4311,Keslaguda,కేస్లగూడ,transliterated,569189,504346,,
Telangana,Kumuram Bheem Asifabad,699,Asifabad,4319,Keslapur,కేస్లాపూర్,transliterated,569494,504293,,
Telangana,Adilabad,501,Boath,4324,Keslapur,కేస్లాపూర్,transliterated,569700,504323,,
Telangana,Mancherial,684,Bheemini,4328,Keslapur,కేస్లాపూర్,transliterated,569847,504273,,
Telangana,Khammam,509,Enkoor,4753,Kesupally,కేసుపల్లి,transliterated,579598,507168,,
Telangana,Sangareddy,691,Nagalgidda,6280,Keswar,కెస్వర్,transliterated,572749,502286,,
Telangana,Wanaparthy,693,Pangal,4601,Kethepalle,కేతేపల్లె,transliterated,576183,509120,,
Telangana,Nalgonda,514,Kethepally,4637,Kethepalle,కేతేపల్లె,transliterated,576936,508211,,
Telangana,Kumuram Bheem Asifabad,699,Chintalamanepally,6314,Kethini,కెథిని,transliterated,569400,504299,,
Telangana,Ranga Reddy,518,Moinabad,4528,Kethireddipalle,కేతిరెడ్డిపల్లె,transliterated,574268,501504,,
Telangana,Sangareddy,691,Vatpally,6291,Khaderabad,ఖదెరబద్,transliterated,573264,502270,,
Telangana,Nizamabad,516,Navipet,4358,Khadirabad,ఖదీరాబాద్,transliterated,570710,503245,,
Telangana,Adilabad,501,Bela,4308,Khadki,ఖడ్కీ,transliterated,569118,504309,,
Telangana,Adilabad,501,Gadiguda,6225,Khadki,ఖడ్కీ,transliterated,569231,504311,,
Telangana,Kamareddy,685,Banswada,4383,Khadlapur,ఖద్లపూర్,transliterated,571372,503187,,
Telangana,Adilabad,501,Bela,4308,Khagdur,ఖగ్దూర్,transliterated,569079,504309,,
Telangana,Hyderabad,507,Khairatabad,4505,Khairatabad,ఖైరతాబాద్,transliterated,927787,500004,,
Telangana,Yadadri Bhuvanagiri,697,Choutuppal,4631,Khairathpur,ఖైరత్పూర్,authoritative,576830,508252,,
Telangana,Adilabad,501,Narnoor,4312,Khairdatwa,ఖైర్దత్వ,transliterated,569243,504311,,
Telangana,Kumuram Bheem Asifabad,699,Rebbena,4327,Khairgaon,ఖైర్గాన్,transliterated,569779,504292,,
Telangana,Kumuram Bheem Asifabad,699,Kerameri,4313,Khairi,ఖైరీ,transliterated,569279,504293,,
Telangana,Nizamabad,516,Saloora,7532,Khajapur,ఖాజాపూర్,transliterated,570984,503185,,
Telangana,Medak,513,Shankarampet (R),4467,Khajapur,ఖాజాపూర్,transliterated,573159,502248,,
Telangana,Ranga Reddy,518,Kothur,4560,Khajiguda,ఖాజీగూడ,transliterated,575223,509228,,
Telangana,Nalgonda,514,Nalgonda,4646,Khajiramaram,ఖాజీరామారం,transliterated,577066,508002,,
Telangana,Sangareddy,691,Nyalkal,4473,Khaleelpur[M],ఖలీల్పూర్[మ్],transliterated,573338,502249,,
Telangana,Kumuram Bheem Asifabad,699,Wankidi,4314,Khamana,ఖమానా,transliterated,569325,504295,,
Telangana,Kamareddy,685,Pitlam,4384,Khambapur,ఖంబాపూర్,transliterated,571408,503310,,
Telangana,Mancherial,684,Chennur,4356,Khambojipet,ఖంబోజీపేట,transliterated,570662,504201,,
Telangana,Khammam,509,Madhira,4766,Khammampadu,ఖమ్మంపాడు,authoritative,579869,507203,,
Telangana,Sangareddy,691,Munipally,4477,Khammampalle,ఖమ్మంపల్లె,transliterated,573461,502345,,
Telangana,Peddapalli,682,Mutharam (Manthani),4406,Khammampalli,ఖమ్మంపల్లి,transliterated,571946,505184,,
Telangana,Adilabad,501,Narnoor,4312,Khampur,ఖంపూర్,transliterated,569246,504311,,
Telangana,Sangareddy,691,Mogudampally,6278,Khan Jamalapur,ఖాన్ జమలాపూర్,transliterated,573354,502221,,
Telangana,Suryapet,696,Ananthagiri,6302,Khana Puram,ఖానా పురం,transliterated,577563,508206,,
Telangana,Peddapalli,682,Dharmaram,4411,Khanampalli,ఖానంపల్లి,transliterated,572020,505187,,
Telangana,Sangareddy,691,Nizampet (28),7535,Khanapoor (B),ఖానాపూర్ (బ్),transliterated,572823,502371,,
Telangana,Adilabad,501,Adilabad Rural,6221,Khanapur,ఖానాపూర్,transliterated,569015,504346,,
Telangana,Nirmal,680,Khanapur,4347,Khanapur,ఖానాపూర్,transliterated,570452,504203,,
Telangana,Nizamabad,516,Armoor,4360,Khanapur,ఖనపూర్,transliterated,570766,503223,,
Telangana,Nizamabad,516,Nizamabad Rural,6233,Khanapur,ఖానాపూర్,transliterated,570930,503003,,
Telangana,Kamareddy,685,Jukkal,4373,Khanapur,ఖనపూర్,transliterated,571110,503305,,
Telangana,Peddapalli,682,Manthani,4401,Khanapur,ఖనపూర్,transliterated,571796,505184,,
Telangana,Sangareddy,691,Kohir,4475,Khanapur,ఖనపూర్,transliterated,573391,502210,,
Telangana,Ranga Reddy,518,Gandipet,6320,Khanapur,ఖనపూర్,transliterated,574227,500075,,
Telangana,Ranga Reddy,518,Chevella,4529,Khanapur,ఖానాపూర్,transliterated,574302,501503,,
Telangana,Vikarabad,698,Peddemul,4533,Khanapur,ఖానాపూర్,transliterated,574426,501142,,
Telangana,Ranga Reddy,518,Manchal,4547,Khanapur,ఖానాపూర్,transliterated,574854,501506,,
Telangana,Mahabubnagar,512,Rajapur,6261,Khanapur,ఖానాపూర్,transliterated,575112,509340,,
Telangana,Ranga Reddy,518,Thalakondapally,4562,Khanapur,ఖానాపూర్,transliterated,575273,509321,,
Telangana,Narayanpet,721,Makthal,4589,Khanapur,ఖానాపూర్,transliterated,575892,509208,,
Telangana,Wanaparthy,693,Atmakur,4592,Khanapur,ఖానాపూర్,transliterated,575973,509131,,
Telangana,Jogulamba Gadwal,695,Undavelly,6299,Khanapur,ఖానాపూర్,transliterated,576414,509128,,
Telangana,Nalgonda,514,Gundlapally,4651,Khanapur,ఖానాపూర్,transliterated,577197,508258,,
Telangana,Warangal,522,Khanapur,4709,Khanapur,ఖానాపూర్,transliterated,578373,506132,,
Telangana,Mahabubabad,688,Thorrur,4715,Khanapur,ఖనపూర్,transliterated,578529,506163,,
Telangana,Sangareddy,691,Kalher,4453,Khanapur (Kadeem),ఖానాపూర్ (కదీం),transliterated,572829,502371,,
Telangana,Khammam,509,Raghunadhapalem,4757,Khanapuram Haveli (Ct),ఖనపురం హవెలి (చ్త్),transliterated,579685,507002,,
Telangana,Kumuram Bheem Asifabad,699,Lingapur,6311,Khanchanpalle,ఖంచంపల్లె,transliterated,569772,504313,,
Telangana,Adilabad,501,Adilabad Rural,6221,Khandala,ఖండాల,transliterated,569010,504346,,
Telangana,Kamareddy,685,Jukkal,4373,Khandeballoor,ఖండేబల్లూర్,transliterated,571108,503305,,
Telangana,Nizamabad,516,Bodhan,4370,Khandgaon,ఖంద్గాంవ్,transliterated,570971,503235,,
Telangana,Sangareddy,691,Raikode,4472,Khanjamalpur,ఖంజమాల్పూర్,transliterated,573266,502257,,
Telangana,Vikarabad,698,Tandur,4534,Khanjapur,ఖంజాపూర్,transliterated,574470,501141,,
Telangana,Khammam,509,Kalluru,4763,Khankhanpeta,ఖంఖాన్పేట,transliterated,579804,507209,,
Telangana,Peddapalli,682,Manthani,4401,Khansaibpeta,ఖాన్సాయిబ్పేట,transliterated,571797,505184,,
Telangana,Yadadri Bhuvanagiri,697,B Pochampally,4630,Khaprai Palle,ఖప్రాయి పల్లె,transliterated,576805,508284,,
Telangana,Kamareddy,685,Madnoor,4372,Kharag,ఖరగ్,transliterated,571067,503309,,
Telangana,Sangareddy,691,Nagalgidda,6280,Kharamungi,ఖరముంగి,transliterated,572745,502286,,
Telangana,Nirmal,680,Tanoor,4340,Kharbala,ఖర్బాలా,transliterated,570230,504102,,
Telangana,Wanaparthy,693,Wanaparthy,4595,Khasimnagar,ఖాసింనగర్,transliterated,576059,509206,,
Telangana,Vikarabad,698,Basheerabad,4535,Khasimpur,ఖాసింపూర్,transliterated,574500,501143,,
Telangana,Nirmal,680,Kubeer,4338,Khasra,ఖస్రా,transliterated,570147,504103,,
Telangana,Siddipet,692,Nangnoor,4461,Khata,ఖాతా,transliterated,573043,502280,,
Telangana,Kamareddy,685,Bichkunda,4374,Khatgaon,ఖట్గాన్,transliterated,571126,503309,,
Telangana,Medak,513,Medak,4456,Khazipalle,ఖాజీపల్లె,transliterated,572924,502117,,
Telangana,Sangareddy,691,Jinnaram,4493,Khazipalle,ఖాజీపల్లె,transliterated,573918,502319,,
Telangana,Medak,513,Narsapur,4488,Khazipet,ఖాజీపేట,transliterated,573759,502316,,
Telangana,Hanumakonda,686,Khazipet,6247,Khazipet,ఖజిపెత్,transliterated,956061,506003,,
Telangana,Karimnagar,508,Kothapally,6230,Khazipur,ఖాజీపూర్,transliterated,572302,505401,,
Telangana,Siddipet,692,Akberpet-Bhoompally,7524,Khazipur,ఖాజీపూర్,transliterated,573081,502102,,
Telangana,Kumuram Bheem Asifabad,699,Wankidi,4314,Khedegaon,ఖేడెగాన్,transliterated,569337,504295,,
Telangana,Kamareddy,685,Jukkal,4373,Khemraja Kallali,ఖేమ్రాజా కల్లాలి,transliterated,571105,503305,,
Telangana,Warangal,522,Khila Warangal,6246,Khila Warangal,ఖిలా వారంగల్,transliterated,923543,506008,,
Telangana,Peddapalli,682,Dharmaram,4411,Khilavanaparthy,ఖిలవనపర్థ్య్,transliterated,572025,505187,,
Telangana,Kumuram Bheem Asifabad,699,Wankidi,4314,Khirdi,ఖిర్దీ,transliterated,569327,504295,,
Telangana,Adilabad,501,Talamadugu,4309,Khodad,ఖోదాద్,transliterated,569127,504002,,
Telangana,Nalgonda,514,Marriguda,4649,Khudabaksh Palle,ఖుదబక్ష్ పల్లె,transliterated,577147,508245,,
Telangana,Sangareddy,691,Raikode,4472,Khudavanadpoor (Dp),ఖుదవనద్పూర్ (ద్ప్),transliterated,573298,502257,,
Telangana,Nizamabad,516,Nandipet,4359,Khudavandapur,ఖుదావందాపూర్,transliterated,570756,503212,,
Telangana,Vikarabad,698,Pargi,4540,Khudavanpur,ఖుదావన్పూర్,transliterated,574657,501501,,
Telangana,Nizamabad,516,Varni,4376,Khunipur,ఖునీపూర్,transliterated,571214,503201,,
Telangana,Rajanna Sircilla,683,Gambhiraopet,4433,Khurdulingampalle,ఖుర్దులింగంపల్లె,transliterated,572416,505305,,
Telangana,Sangareddy,691,Andole,4479,Kichanapalle,కిచనపల్లె,transliterated,573502,502270,,
Telangana,Nirmal,680,Basar,6205,Kirgul (Buzurg),కిర్గుల్ (బుజుర్గ్),transliterated,570266,504101,,
Telangana,Nizamabad,516,Balkonda,4361,Kisannagar,కిసంనగర్,transliterated,570802,503218,,
Telangana,Ranga Reddy,518,Shamshabad,4543,Kishanguda,కిషనగూడ,transliterated,574737,509325,,
Telangana,Ranga Reddy,518,Farooqnagar,4559,Kishannagar,కిషన్నగర్,transliterated,575193,509410,,
Telangana,Nirmal,680,Mamada,4346,Kishanraopet,కిషన్రావుపేట,transliterated,570401,504310,,
Telangana,Jagitial,681,Velgatur,4398,Kishanraopet,కిశంరఒపెత్,transliterated,571718,505526,,
Telangana,Adilabad,501,Neradigonda,4325,Kishtapur,కిష్టాపూర్,transliterated,569732,504323,,
Telangana,Mancherial,684,Jannaram,4334,Kishtapur,కిష్టాపూర్,transliterated,570012,504205,,
Telangana,Kamareddy,685,Birkur,4375,Kishtapur,కిష్టాపూర్,transliterated,571183,503321,,
Telangana,Kamareddy,685,Pitlam,4384,Kishtapur,కిష్టాపూర్,transliterated,571401,503310,,
Telangana,Jayashankar Bhupalapally,687,Palimela,6250,Kishtapur,కిష్టాపూర్,transliterated,571876,505504,,
Telangana,Jayashankar Bhupalapally,687,Palimela,6250,Kishtapur,కిశ్తపూర్,transliterated,571895,505504,,
Telangana,Vikarabad,698,Yelal,4536,Kishtapur,కిష్టాపూర్,transliterated,574534,501144,,
Telangana,Vikarabad,698,Doma,4537,Kishtapur,కిష్టాపూర్,transliterated,574539,501502,,
Telangana,Mahabubabad,688,Kothaguda,4710,Kishtapur,కిశ్తపూర్,transliterated,578439,506135,,
Telangana,Ranga Reddy,518,Gandipet,6320,Kismatpur (Ct),కిస్మత్పూర్ (సీటీ),transliterated,574244,500030,,
Telangana,Wanaparthy,693,Wanaparthy,4595,Kistagiri,కిస్తగిరి,transliterated,576053,509106,,
Telangana,Sangareddy,691,Jinnaram,4493,Kistaipalle,కిస్తైపల్లె,transliterated,573919,502319,,
Telangana,Mahabubnagar,512,Jadcherla,4567,Kistampally,కిస్తంపల్లి,transliterated,912755,509301,,
Telangana,Mancherial,684,Chennur,4356,Kistampet,కిస్తంపెత్,transliterated,570661,504204,,
Telangana,Jagitial,681,Raikal,4395,Kistampet,కిస్తాంపేట,transliterated,571663,505307,,
Telangana,Peddapalli,682,Srirampur,4407,Kistampet,కిస్తంపెత్,transliterated,571976,505153,,
Telangana,Siddipet,692,Komuravelli,6284,Kistampet,కిస్తాంపేట,transliterated,577612,506223,,
Telangana,Kumuram Bheem Asifabad,699,Rebbena,4327,Kistapur,కిస్టాపుర్,authoritative,569806,504292,,
Telangana,Nirmal,680,Lokeswaram,4342,Kistapur,కిస్టాపుర్,authoritative,570287,504104,,
Telangana,Mancherial,684,Jaipur,4355,Kistapur,కిస్టాపుర్,authoritative,570645,504216,,
Telangana,Karimnagar,508,Ramadugu,4423,Kistapur,కిస్టాపుర్,authoritative,572233,505531,,
Telangana,Medak,513,Chegunta,4466,Kistapur,కిస్టాపుర్,authoritative,573136,502102,,
Telangana,Ranga Reddy,518,Chevella,4529,Kistapur,కిస్టాపుర్,authoritative,574300,501503,,
Telangana,Wanaparthy,693,Pangal,4601,Kistapur,కిస్టాపుర్,authoritative,576172,509120,,
Telangana,Nalgonda,514,Munugode,4647,Kistapuram,కిస్తాపురం,transliterated,577112,508114,,
Telangana,Mulugu,720,Tadvai,4687,Kistapuram,కిస్తాపురం,transliterated,577986,506344,,
Telangana,Suryapet,696,Mellachervu,4671,Kistapuram,కిస్తపురం,transliterated,910377,508246,,
Telangana,Khammam,509,Madhira,4766,Kistapuram @ Munagala,కిస్తాపురం @ మునగల,transliterated,579854,507203,,
Telangana,Mahabubnagar,512,Jadcherla,4567,Kistaram,కిష్టారం,authoritative,575380,509302,,
Telangana,Khammam,509,Sathupalli,4751,Kistaram,కిష్టారం,authoritative,579567,507303,,
Telangana,Bhadradri Kothagudem,690,Mulkalapally,4748,Kistaram (D),కిస్తారం (డ్),transliterated,579504,507117,,
Telangana,Nalgonda,514,Chinthapally,4650,Kistrainaplly,కిస్త్రైనప్ల్ల్య్,transliterated,909843,508250,,
Telangana,Adilabad,501,Bela,4308,Kobhai,కోభాయి,transliterated,569082,504309,,
Telangana,Suryapet,696,Kodad,4668,Kodad (Ct),కోడాడ్ (సీటీ),transliterated,577573,508206,,
Telangana,Nagarkurnool,694,Kodair,4600,Kodair,కోడైర్,transliterated,576156,509102,,
Telangana,Sangareddy,691,Jinnaram,4493,Kodakanchi,కొడకంచి,transliterated,573914,502319,,
Telangana,Jangoan,689,Kodakandla,4702,Kodakandla,కొడకండ్ల,authoritative,578275,506222,,
Telangana,Siddipet,692,Gajwel,4483,Kodakondla,కొడకొండ్ల,transliterated,573641,502312,,
Telangana,Vikarabad,698,Kodangal,4549,Kodangal,కొడంగల్,authoritative,574905,509338,,
Telangana,Sangareddy,691,Hathnoora,4489,Kodapak,కొడపాక్,transliterated,573812,502313,,
Telangana,Jayashankar Bhupalapally,687,Regonda,4690,Kodavatancha,కొడవటంచ,transliterated,578057,506348,,
Telangana,Khammam,509,Thallada,4762,Kodavatimetta,కొడవటిమెట్ట,transliterated,579775,507167,,
Telangana,Jangoan,689,Bachannapet,4674,Kodavatoor,కొడవటూర్,transliterated,577663,506221,,
Telangana,Nizamabad,516,Pothangal,7534,Kodcherla,కోడ్చర్ల,transliterated,571038,503207,,
Telangana,Sangareddy,691,Andole,4479,Kodekal,కోడెకల్,transliterated,573514,502270,,
Telangana,Adilabad,501,Jainath,4307,Kodekotha,కోడెకోత,transliterated,569055,504309,,
Telangana,Mahabubnagar,512,Jadcherla,4567,Kodgal,కొద్గల్,transliterated,575361,509302,,
Telangana,Nizamabad,516,Mendora,6237,Kodicherla,కోడిచెర్ల,transliterated,570784,503219,,
Telangana,Ranga Reddy,518,Kothur,4560,Kodicherla,కోడిచెర్ల,transliterated,575224,509228,,
Telangana,Jagitial,681,Kodimial,4420,Kodimial,కొడిమియల్,transliterated,572177,505501,,
Telangana,Mahabubabad,688,Gangaram,6253,Kodiselamitta,కొడిసెలమిట్ట,transliterated,578451,506135,,
Telangana,Vikarabad,698,Pudur,4541,Kodmoor,కోడ్మూర్,transliterated,574688,501102,,
Telangana,Sangareddy,691,Raikode,4472,Kodoor,కొదూర్,transliterated,573297,502257,,
Telangana,Suryapet,696,Jajireddygudem,4623,Kodoor,కొదూర్,transliterated,576658,508224,,
Telangana,Rajanna Sircilla,683,Vemulawada Rural,6218,Kodumunja,కొడుముంజ,transliterated,572364,505302,,
Telangana,Khammam,509,Chinthakani,4760,Kodumuru,కొదుమూరు,authoritative,579733,507208,,
Telangana,Mahabubnagar,512,Jadcherla,4567,Koduparthy,కొదుపర్థ్య్,transliterated,575369,509302,,
Telangana,Nagarkurnool,694,Thimmajipet,4575,Koduparthy,కొడుపర్తి,transliterated,575572,509406,,
Telangana,Sangareddy,691,Pulkal,4478,Kodur,కోడూరు,authoritative,573484,502293,,
Telangana,Jangoan,689,Ragunathpally,4698,Koduru,కోడూరు,authoritative,578221,506303,,
Telangana,Peddapalli,682,Sulthanabad,4425,Kodurupaka,కొదురుపక,transliterated,572260,505185,,
Telangana,Rajanna Sircilla,683,Boinpalli,4429,Kodurupaka,కొదురుపాక,transliterated,572341,505524,,
Telangana,Hanumakonda,686,Damera,6375,Kogilvai,కోగిల్వై,transliterated,578123,506006,,
Telangana,Siddipet,692,Koheda,4443,Koheda,కోహెడ,authoritative,572603,505473,,
Telangana,Ranga Reddy,518,Abdullapurmet,6319,Koheda,కోహెడ,authoritative,574190,501505,,
Telangana,Kumuram Bheem Asifabad,699,Sirpur U,4326,Kohinur (Khurd),కోహినూర్ (ఖుర్ద్),transliterated,569765,504313,,
Telangana,Sangareddy,691,Kohir,4475,Kohir,కోహిర్‌,authoritative,573385,502210,,
Telangana,Jogulamba Gadwal,695,Waddepally,4610,Koildinne,కోయిల్దిన్నె,transliterated,576386,509126,,
Telangana,Mahabubnagar,512,Koilkonda,4569,Koilkonda,కోయిల్కొండ,transliterated,575432,509371,,
Telangana,Nizamabad,516,Balkonda,4361,Kojan Kothur,కోజన్ కోతూర్,transliterated,570791,503217,,
Telangana,Jagitial,681,Ibrahimpatnam,4393,Kojan Kothur,కోజన్ కోతూర్,transliterated,909515,505450,,
Telangana,Vikarabad,698,Nawabpet,4514,Kojjavanampalle,కొజ్జవనంపల్లె,transliterated,574020,501111,,
Telangana,Ranga Reddy,518,Gandipet,6320,Kokapet (Og),కోకాపేట (ఒగ్),transliterated,574247,500075,,
Telangana,Karimnagar,508,Ramadugu,4423,Kokkerakunta,కొక్కెరకుంట,transliterated,572237,505451,,
Telangana,Nalgonda,514,Chinthapally,4650,Kokkirala Gouraram,కొక్కిరల గౌరరమ్,transliterated,577184,508373,,
Telangana,Suryapet,696,Munagala,4642,Kokkireni,కొక్కిరేణి,authoritative,577019,508233,,
Telangana,Khammam,509,Tirumalayapalem,4754,Kokkireni,కొక్కిరేణి,authoritative,579630,507163,,
Telangana,Siddipet,692,Mulug,4486,Kokkonda,కొక్కొంద,transliterated,573696,502336,,
Telangana,Adilabad,501,Gadiguda,6225,Kolama,కొలమ,transliterated,569226,504311,,
Telangana,Peddapalli,682,Odela,4426,Kolanoor,కొలనూర్,transliterated,572272,505162,,
Telangana,Warangal,522,Rayaparthy,4703,Kolanpalle,కోలన్పల్లె,transliterated,578286,506314,,
Telangana,Yadadri Bhuvanagiri,697,Alair,4617,Kolanupaka,కొలనుపాక,transliterated,576532,508101,,
Telangana,Rajanna Sircilla,683,Konaraopet,4431,Kolanur,కొలనూర్,transliterated,572388,505301,,
Telangana,Ranga Reddy,518,Shamshabad,4543,Kolbowidoddi,కోల్బోవిదొడ్డి,transliterated,574724,509325,,
Telangana,Mahabubabad,688,Gudur,4711,Kolhapuram,కొల్హాపురం,transliterated,578476,506103,,
Telangana,Adilabad,501,Gudihatnoor,4310,Kolhari,కొల్హారి,transliterated,569161,504308,,
Telangana,Adilabad,501,Bazarhatnoor,4323,Kolhari,కొల్హారి,transliterated,569661,504304,,
Telangana,Karimnagar,508,Choppadandi,4424,Kolimikunta,కొలిమికుంట,transliterated,572248,505415,,
Telangana,Nizamabad,516,Jakranpally,4366,Kolipaka,కొలిపాక,transliterated,570889,503223,,
Telangana,Vikarabad,698,Mominpet,4513,Kolkonda,కోల్కొండ,transliterated,573998,501202,,
Telangana,Jangoan,689,Devaruppula,4701,Kolkonda,కోల్కొండ,transliterated,578262,506303,,
Telangana,Sangareddy,691,Sadasivpet,4490,Kolkur,కోల్కూర్,transliterated,573820,502291,,
Telangana,Rajanna Sircilla,683,Gambhiraopet,4433,Kollamaddi,కొల్లమద్ది,transliterated,572425,505304,,
Telangana,Narayanpet,721,Narayanpet,4570,Kollampalle,కొల్లంపల్లె,transliterated,575464,509205,,
Telangana,Ranga Reddy,518,Maheshwaram,4544,Kollapadkal,కొల్లపడ్కల్,transliterated,574777,509325,,
Telangana,Medak,513,Shankarampet (A),4454,Kollapalle,కొల్లపల్లె,transliterated,572858,502271,,
Telangana,Nagarkurnool,694,Kollapur,4609,Kollapur,కొల్లాపూర్,authoritative,576363,509102,,
Telangana,Mahabubnagar,512,Nawabpet,4556,Kolloor,కొల్లూర్,transliterated,575074,509202,,
Telangana,Nizamabad,516,Pothangal,7534,Kollur,కొల్లుర్,transliterated,571012,503207,,
Telangana,Kamareddy,685,Banswada,4383,Kollur,కొల్లూర్,transliterated,571366,503321,,
Telangana,Sangareddy,691,Jharasangam,4476,Kollur,కొల్లూర్,transliterated,573404,502246,,
Telangana,Sangareddy,691,Ramchandrapuram,4495,Kollur,కొల్లూర్,transliterated,573954,502300,,
Telangana,Nalgonda,514,Kondamallepally,6307,Kolmunthal Pahad,కోల్ముంతల్ పహాడ్,transliterated,577240,508243,,
Telangana,Narayanpet,721,Maganoor,4590,Kolpur,కొల్పూర్,transliterated,575935,509352,,
Telangana,Medchal Malkajgiri,700,Muduchinthalapally,6671,Kolthur,కొల్తూరు,authoritative,574110,500101,,
Telangana,Nirmal,680,Tanoor,4340,Kolur,కోలూర్,transliterated,570218,504102,,
Telangana,Jagitial,681,Beerpur,6212,Kolvai,కొల్వై,transliterated,571669,505454,,
Telangana,Kamareddy,685,Sadashivanagar,4381,Kolwaral,కోల్వారల్,transliterated,571307,503145,,
Telangana,Kamareddy,685,Mohammadnagar,7520,Komalancha,కోమలంచ,transliterated,571423,503187,,
Telangana,Jangoan,689,Ragunathpally,4698,Komalla,కోమల్లా,transliterated,578214,506244,,
Telangana,Nizamabad,516,Armoor,4360,Komanpalle,కోమన్పల్లె,transliterated,570765,503217,,
Telangana,Nizamabad,516,Vailpoor,4365,Komanpalle,కోమన్పల్లె,transliterated,570872,503311,,
Telangana,Nizamabad,516,Saloora,7532,Komanpalle,కోమన్పల్లె,transliterated,570998,503185,,
Telangana,Jagitial,681,Beerpur,6212,Komanpalle,కొమంపల్లె,transliterated,571670,505529,,
Telangana,Suryapet,696,Kodad,4668,Komarabanda,కొమరబండ,transliterated,577557,508206,,
Telangana,Bhadradri Kothagudem,690,Yellandu,4740,Komararam,కొమరారం,authoritative,579400,507124,,
Telangana,Siddipet,692,Gajwel,4483,Komatibanda,కోమటిబండ,transliterated,573631,502278,,
Telangana,Kumuram Bheem Asifabad,699,Wankidi,4314,Komatiguda,కొమతిగూడ,transliterated,569336,504295,,
Telangana,Jagitial,681,Ibrahimpatnam,4393,Komatikondapur,కోమటికొండాపూర్,transliterated,571604,505450,,
Telangana,Nagarkurnool,694,Lingal,4598,Komatikunta,కోమటికుంట,transliterated,576104,509401,,
Telangana,Suryapet,696,Palakeedu,6301,Komatikunta,కోమటికుంట,transliterated,577533,508218,,
Telangana,Mahabubabad,688,Inugurthy,7538,Komatipalle,కోమటిపల్లె,transliterated,578576,506112,,
Telangana,Mahabubabad,688,Gangaram,6253,Komatlagudem,కోమట్లగూడెం,authoritative,578427,506135,,
Telangana,Khammam,509,Singareni,4744,Komatlagudem,కోమట్లగూడెం,authoritative,579459,507122,,
Telangana,Nizamabad,516,Donkeshwar,7530,Komatpalle,కోమట్పల్లె,transliterated,570743,503212,,
Telangana,Peddapalli,682,Odela,4426,Komera,కొమెర,transliterated,572274,505152,,
Telangana,Ranga Reddy,518,Shabad,4542,Komerabanda,కొమెరాబండ,transliterated,574713,509217,,
Telangana,Mancherial,684,Kasipet,4349,Kometichenu,కొమెటిచ్చెను,transliterated,570504,504231,,
Telangana,Mahabubnagar,512,Moosapet,6260,Komireddipalle,కొమ్మిరెడ్డిపల్లి,authoritative,575804,509382,,
Telangana,Suryapet,696,Jajireddygudem,4623,Kommala,కొమ్మల,transliterated,576657,508224,,
Telangana,Warangal,522,Geesugonda,4707,Kommala,కొమ్మల,transliterated,578353,506331,,
Telangana,Bhadradri Kothagudem,690,Dummugudem,4729,Kommanapalli,కోమనపల్లి,authoritative,579012,507137,,
Telangana,Mahabubabad,688,Bayyaram,4742,Kommavaram,కొమ్మవరం,authoritative,579428,507211,,
Telangana,Nalgonda,514,Devarakonda,4653,Komme Palle,కొమ్మె పల్లె,transliterated,577247,508248,,
Telangana,Khammam,509,Kamepalli,4745,Kommenapally,కొమ్మెనపల్లి,transliterated,579473,507182,,
Telangana,Khammam,509,Sathupalli,4751,Kommepally,కొమ్మెపల్లి,transliterated,579568,507303,,
Telangana,Mancherial,684,Chennur,4356,Kommera,కొమ్మెర,transliterated,570676,504201,,
Telangana,Kumuram Bheem Asifabad,699,Asifabad,4319,Kommuguda,కొమ్ముగూడ,transliterated,569497,504293,,
Telangana,Kumuram Bheem Asifabad,699,Asifabad,4319,Kommuguda,కొమ్ముగూడ,transliterated,569506,504293,,
Telangana,Mahabubabad,688,Narsimhulapet,4719,Kommulavancha,కొమ్ములవంచ,transliterated,578616,506324,,
Telangana,Narayanpet,721,Gundumal,7523,Kommur,కొమ్మూర్,transliterated,575048,509339,,
Telangana,Vikarabad,698,Vikarabad,4530,Kompalle,కొంపల్లె,transliterated,574319,501101,,
Telangana,Nalgonda,514,Munugode,4647,Kompalle,కొంపల్లె,transliterated,577124,508244,,
Telangana,Jayashankar Bhupalapally,687,Bhupalpally,4682,Kompalle,కొంపల్లె,transliterated,577827,506168,,
Telangana,Medchal Malkajgiri,700,Gandimaisamma Dundigal,6316,Kompally,కొంపల్లి,transliterated,574072,500100,,
Telangana,Mahabubnagar,512,Gandeed,4538,Komreddipalle,కొమ్రెడ్డిపల్లె,transliterated,574584,509337,,
Telangana,Vikarabad,698,Marpalle,4512,Komshetpalle,కోమ్షేత్పల్లె,transliterated,573972,502345,,
Telangana,Jangoan,689,Zaffergadh,4696,Konaichelam,కొనైచెలం,transliterated,578172,506143,,
Telangana,Khammam,509,Nelakondapalli,4759,Konaigudem,కోనాయిగూడెం,transliterated,579719,507160,,
Telangana,Kamareddy,685,Gandhari,4382,Konaipalle,కొనైపల్లె,transliterated,571357,503114,,
Telangana,Siddipet,692,Nangnoor,4461,Konaipalle,కొనైపల్లె,transliterated,573031,502375,,
Telangana,Siddipet,692,Kukunoorpally,7521,Konaipalle,కొనైపల్లె,transliterated,573058,502301,,
Telangana,Medak,513,Toopran,4482,Konaipalle (Pattibegampet),కొనైపల్లె (పట్టిబేగంపేట),transliterated,573589,502334,,
Telangana,Medchal Malkajgiri,700,Medchal,4519,Konaipally,కోనాయిపల్లి,transliterated,574086,501401,,
Telangana,Medak,513,Manoharabad,6273,Konaipally (Patti Tupran),కొనైపల్లి (పత్తి తుప్రన్),transliterated,573608,502336,,
Telangana,Kamareddy,685,Mohammadnagar,7520,Konampalle,కోణంపల్లె,transliterated,571415,503302,,
Telangana,Mancherial,684,Chennur,4356,Konampet,కోణంపేట,transliterated,570667,504201,,
Telangana,Sangareddy,691,Hathnoora,4489,Konampet,కోణంపేట,transliterated,916325,502296,,
Telangana,Nizamabad,516,Kammarpally,4363,Konapur,కోనాపూర్,transliterated,570837,503307,,
Telangana,Kamareddy,685,Banswada,4383,Konapur,కోనాపూర్,transliterated,571375,503187,,
Telangana,Kamareddy,685,Bibipet,6242,Konapur,కోనాపూర్,transliterated,571592,503123,,
Telangana,Jagitial,681,Sarangapur,4396,Konapur,కోనాపూర్,transliterated,571684,505529,,
Telangana,Jagitial,681,Kodimial,4420,Konapur,కొనపూర్,transliterated,572171,505501,,
Telangana,Medak,513,Kulcharam,4468,Konapur,కోనాపూర్,transliterated,573180,502381,,
Telangana,Sangareddy,691,Sadasivpet,4490,Konapur,కోనాపూర్,transliterated,573832,502291,,
Telangana,Vikarabad,698,Tandur,4534,Konapur,కోనాపూర్,transliterated,574468,501141,,
Telangana,Ranga Reddy,518,Amangal,4563,Konapur,కోనాపూర్,transliterated,575286,509358,,
Telangana,Mahabubabad,688,Kothaguda,4710,Konapur,కోనాపూర్,transliterated,578385,506135,,
Telangana,Nagarkurnool,694,Vangoor,4577,Konapur,కోనాపూర్,transliterated,909628,509349,,
Telangana,Yadadri Bhuvanagiri,697,Thurkapally,4614,Konapuram,కూనపురం,authoritative,576481,508115,,
Telangana,Warangal,522,Chennaraopet,4712,Konapuram,కూనపురం,authoritative,578486,506332,,
Telangana,Rajanna Sircilla,683,Konaraopet,4431,Konaraopet,కొనరావుపేట,transliterated,572377,505301,,
Telangana,Jayashankar Bhupalapally,687,Kothapallygori,7531,Konaraopet,కొనరఒపెత్,transliterated,578072,506348,,
Telangana,Nizamabad,516,Kammarpally,4363,Konasamandar,కొనసమందర్,transliterated,570832,503307,,
Telangana,Yadadri Bhuvanagiri,697,Mothkur,4625,Konda Gadapa,కొండ గడప,transliterated,576680,508277,,
Telangana,Khammam,509,Wyra,4764,Konda Kodima,కొండ కోడిమా,transliterated,579819,507165,,
Telangana,Suryapet,696,Chilkur,4667,Konda Puram,కొండ పురం,transliterated,577554,508204,,
Telangana,Khammam,509,Konijerla,4761,Konda Vanamala,కొండ వనమాల,transliterated,579764,507305,,
Telangana,Nalgonda,514,Devarakonda,4653,Kondabheemana Palle,కొండభీమన పల్లె,transliterated,577235,508248,,
Telangana,Khammam,509,Kamepalli,4745,Kondaigudem,కొండైగూడెం,authoritative,579472,507122,,
Telangana,Karimnagar,508,Gangadhara,4422,Kondaipalle,కొండాయిపల్లె,transliterated,572204,505445,,
Telangana,Siddipet,692,Wargal,4485,Kondaipalle,కొండాయిపల్లె,transliterated,573677,502336,,
Telangana,Vikarabad,698,Doma,4537,Kondaipalle,కొండాయిపల్లె,transliterated,574556,501502,,
Telangana,Jogulamba Gadwal,695,Yerravalli,7517,Kondair,కొండైర్,authoritative,576303,509133,,
Telangana,Ranga Reddy,518,Shankarpalle,4515,Kondakal,కొండకల్,transliterated,574061,501203,,
Telangana,Nalgonda,514,Kethepally,4637,Kondakindigudem,కొందకిందిగూడెం,transliterated,909770,508211,,
Telangana,Yadadri Bhuvanagiri,697,Bibinagar,4629,Kondamadugu,కొండమడుగు,transliterated,576781,508126,,
Telangana,Mancherial,684,Kotapally,4351,Kondampet,కొండంపేట,transliterated,570533,504214,,
Telangana,Jayashankar Bhupalapally,687,Malharrao,4405,Kondampet,కొందంపెత్,transliterated,571921,505503,,
Telangana,Nagarkurnool,694,Balmoor,4597,Kondanagula,కొందనగుల,transliterated,576093,509401,,
Telangana,Ranga Reddy,518,Farooqnagar,4559,Kondannaguda,కొండన్నగూడ,transliterated,575183,509216,,
Telangana,Karimnagar,508,Veenavanka,4439,Kondapaka,కొండపాక,transliterated,572534,505502,,
Telangana,Karimnagar,508,Manakondur,4427,Kondapalkala,కొండపల్కల,transliterated,572300,505474,,
Telangana,Kumuram Bheem Asifabad,699,Penchicalpet,6313,Kondapalle,కొండపల్లి,authoritative,569421,504296,,
Telangana,Mulugu,720,Tadvai,4687,Kondaparthi,కొండపర్తి,transliterated,577967,506344,,
Telangana,Hanumakonda,686,Inavole,6249,Kondaparthy,కొండపర్తి,authoritative,578152,506003,,
Telangana,Siddipet,692,Dhoolmitta,7189,Kondapoor,కొందపూర్,transliterated,577633,506367,,
Telangana,Adilabad,501,Sirikonda,6224,Kondapur,కొండాపూర్,authoritative,569195,504307,,
Telangana,Nirmal,680,Nirmal Rural,6210,Kondapur,కొండాపూర్,authoritative,570356,504106,,
Telangana,Mancherial,684,Hajipur,6227,Kondapur,కొండాపూర్,authoritative,570599,504207,,
Telangana,Nizamabad,516,Rudrur,6240,Kondapur,కొండాపూర్,authoritative,571210,503188,,
Telangana,Nizamabad,516,Sirikonda,4379,Kondapur,కొండాపూర్,authoritative,571270,503165,,
Telangana,Kamareddy,685,Lingampet,4388,Kondapur,కొండాపూర్,authoritative,571497,503122,,
Telangana,Kamareddy,685,Rajampet,6241,Kondapur,కొండాపూర్,authoritative,571541,503110,,
Telangana,Jagitial,681,Endapalli,7539,Kondapur,కొండాపూర్,authoritative,571720,505526,,
Telangana,Jagitial,681,Medipalli,4415,Kondapur,కొండాపూర్,authoritative,572097,505453,,
Telangana,Jagitial,681,Kodimial,4420,Kondapur,కొండాపూర్,authoritative,572178,505501,,
Telangana,Rajanna Sircilla,683,Mustabad,4434,Kondapur,కొండాపూర్,authoritative,572430,505303,,
Telangana,Karimnagar,508,Chigurumamidi,4442,Kondapur,కొండాపూర్,authoritative,572587,505467,,
Telangana,Sangareddy,691,Narayankhed,4452,Kondapur,కొండాపూర్,authoritative,572787,502287,,
Telangana,Siddipet,692,Mirdoddi,4464,Kondapur,కొండాపూర్,authoritative,573088,502102,,
Telangana,Medak,513,Manoharabad,6273,Kondapur,కొండాపూర్,authoritative,573616,502336,,
Telangana,Siddipet,692,Jagdevpur,4484,Kondapur,కొండాపూర్,authoritative,573669,502281,,
Telangana,Medak,513,Narsapur,4488,Kondapur,కొండాపూర్,authoritative,573779,502313,,
Telangana,Sangareddy,691,Kondapur,4491,Kondapur,కొండాపూర్,authoritative,573854,502306,,
Telangana,Vikarabad,698,Peddemul,4533,Kondapur,కొండాపూర్,authoritative,574436,501142,,
Telangana,Mahabubnagar,512,Gandeed,4538,Kondapur,కొండాపూర్,authoritative,574582,509371,,
Telangana,Narayanpet,721,Dhanwada,4572,Kondapur,కొండాపూర్,authoritative,575496,509371,,
Telangana,Jogulamba Gadwal,695,Kaloor Thimmandoddi,6297,Kondapur,కొండాపూర్,authoritative,575959,509129,,
Telangana,Jangoan,689,Chilpur,6259,Kondapur,కొండాపూర్,authoritative,577687,506145,,
Telangana,Jayashankar Bhupalapally,687,Ghanpur (Mulug),4683,Kondapur,కొండాపూర్,authoritative,577850,506345,,
Telangana,Warangal,522,Nallabelli,4692,Kondapur,కొండాపూర్,authoritative,578092,506132,,
Telangana,Yadadri Bhuvanagiri,697,Atmakur (M),4626,Kondapur,కొండాపూర్,authoritative,909715,508111,,
Telangana,Vikarabad,698,Dharur,4531,Kondapur Khurd,కొండాపూర్ ఖుర్ద్,transliterated,574347,501121,,
Telangana,Medak,513,Chegunta,4466,Kondapur [Bonal],కొండాపూర్ [బోనాల్],transliterated,573139,502102,,
Telangana,Yadadri Bhuvanagiri,697,Thurkapally,4614,Kondapuram,కొండాపురం,authoritative,576476,508115,,
Telangana,Nalgonda,514,Chandur,4655,Kondapuram,కొండాపురం,authoritative,577291,508244,,
Telangana,Jangoan,689,Palakurthy,4697,Kondapuram,కొండాపురం,authoritative,578194,506316,,
Telangana,Khammam,509,Khammam (Rural),4756,Kondapuram,కొండాపురం,authoritative,579666,507170,,
Telangana,Rajanna Sircilla,683,Konaraopet,4431,Kondapuram (Pr),కొండాపురం (పిఆర్),transliterated,572373,505301,,
Telangana,Mulugu,720,Venkatapuram,4724,Kondapuram [Z],కొందపురం [జ్],transliterated,578806,507133,,
Telangana,Suryapet,696,Garidepally,4666,Kondarampuram,కొందరాంపురం,transliterated,909908,508201,,
Telangana,Sangareddy,691,Andole,4479,Kondareddipalle,కొండారెడ్డిపల్లి,authoritative,573519,502273,,
Telangana,Narayanpet,721,Narayanpet,4570,Kondareddipalle,కొండారెడ్డిపల్లి,authoritative,575445,509210,,
Telangana,Nagarkurnool,694,Vangoor,4577,Kondareddipalle,కొండారెడ్డిపల్లి,authoritative,575594,509324,,
Telangana,Nagarkurnool,694,Balmoor,4597,Kondareddipalle,కొండారెడ్డిపల్లి,authoritative,576088,509401,,
Telangana,Ranga Reddy,518,Keshampet,4561,Kondareddipally,కొండారెడ్డిపల్లి,transliterated,909572,509202,,
Telangana,Nagarkurnool,694,Vangoor,4577,Kondareddypally,కొండారెడ్డిపల్లి,transliterated,909629,509324,,
Telangana,Mahabubnagar,512,Jadcherla,4567,Konded,కొండెడ్,transliterated,575365,509408,,
Telangana,Mancherial,684,Hajipur,6227,Kondepalle,కొండేపల్లె,authoritative,570603,504207,,
Telangana,Adilabad,501,Gadiguda,6225,Kondi,కొండి,transliterated,569203,504311,,
Telangana,Nirmal,680,Kaddam Peddur,4335,Kondkuru,కొండ్కూరు,transliterated,570055,504202,,
Telangana,Nagarkurnool,694,Kodair,4600,Kondraopallle,కొండ్రావుపల్లె,transliterated,576164,509102,,
Telangana,Nalgonda,514,Dameracherla,4663,Kondrapole,కొండ్రపోల్,transliterated,577482,508355,,
Telangana,Mulugu,720,Eturunagaram,4685,Kondred,కొండ్రెడ్,transliterated,577897,506165,,
Telangana,Jagitial,681,Metpalli,4417,Kondrikarla,కొండ్రికర్ల,transliterated,572138,505325,,
Telangana,Khammam,509,Vemsoor,4768,Kondrugatlamallela,కొండ్రుగట్లమల్లెలా,transliterated,579904,507164,,
Telangana,Nizamabad,516,Nizamabad Rural,6233,Kondur,కొండూరు,authoritative,570927,503165,,
Telangana,Nizamabad,516,Sirikonda,4379,Kondur,కొండూరు,authoritative,571266,503165,,
Telangana,Nalgonda,514,Marriguda,4649,Kondur,కొండూరు,authoritative,577159,508245,,
Telangana,Nalgonda,514,Marriguda,4649,Kondur,కొండూరు,authoritative,909834,508245,,
Telangana,Ranga Reddy,518,Kondurg,4558,Kondurg (E),కొండుర్గ్ (ఇ),transliterated,575139,509207,,
Telangana,Ranga Reddy,518,Kondurg,4558,Kondurg(West),కొందుర్గ్(వెస్త్),transliterated,575157,509207,,
Telangana,Nagarkurnool,694,Pentlavelli,6292,Konduru,కొండూరు,authoritative,576328,509105,,
Telangana,Warangal,522,Rayaparthy,4703,Konduru,కొండూరు,authoritative,578287,506314,,
Telangana,Nagarkurnool,694,Veldanda,4565,Koneduvada,కొనేడువాడ,transliterated,575311,509360,,
Telangana,Nizamabad,516,Dharpally,4378,Konepalle,కొనేపల్లె,transliterated,571246,503165,,
Telangana,Nalgonda,514,Tirumalagiri Sagar,6306,Konerpuram,కోనేర్పురం,transliterated,577428,508377,,
Telangana,Jogulamba Gadwal,695,Alampur,4612,Koneru,కొనెరు,transliterated,576442,509152,,
Telangana,Karimnagar,508,Choppadandi,4424,Konerupalle,కొనెరుపల్లె,transliterated,572246,505531,,
Telangana,Nagarkurnool,694,Vangoor,4577,Konetipur,కోనేటిపూర్,transliterated,575601,509349,,
Telangana,Ranga Reddy,518,Farooqnagar,4559,Kongaguda,కొంగగూడ,transliterated,575186,509216,,
Telangana,Ranga Reddy,518,Maheshwaram,4544,Kongar Khurd (A),కొంగర్ ఖుర్ద్ (అ),transliterated,574790,501510,,
Telangana,Ranga Reddy,518,Maheshwaram,4544,Kongar Khurd (B),కొంగర్ ఖుర్ద్ (బ్),transliterated,574791,501510,,
Telangana,Khammam,509,Nelakondapalli,4759,Kongara,కొంగర,transliterated,579730,507169,,
Telangana,Ranga Reddy,518,Ibrahimpatnam,4546,Kongara Kalan,కొంగర కలన్,transliterated,574826,501510,,
Telangana,Mahabubabad,688,Gudur,4711,Kongaragidda,కొంగరగిద్ద,transliterated,578477,506103,,
Telangana,Khammam,509,Konijerla,4761,Konijerla,కొనిజర్ల,authoritative,579754,507305,,
Telangana,Sangareddy,691,Hathnoora,4489,Koniyal,కొనియాల్,transliterated,573788,502314,,
Telangana,Jogulamba Gadwal,695,Waddepally,4610,Konkala,కొంకల,transliterated,576383,509126,,
Telangana,Wanaparthy,693,Revally,6286,Konkalapalle,కొంకలపల్లె,transliterated,576079,509235,,
Telangana,Warangal,522,Parvathagiri,4714,Konkapaka,కొంకపాక,transliterated,578513,506365,,
Telangana,Jangoan,689,Bachannapet,4674,Konne,కొన్నే,transliterated,577653,506221,,
Telangana,Wanaparthy,693,Madanapur,6289,Konnur,కొన్నూర్,transliterated,576000,509110,,
Telangana,Siddipet,692,Dhoolmitta,7189,Kootigal,కోటిగల్,transliterated,577634,506367,,
Telangana,Adilabad,501,Bela,4308,Koparuzana,కోపరుజానా,transliterated,569081,504309,,
Telangana,Nizamabad,516,Bodhan,4370,Kopparti Camp,కొప్పర్తి క్యాంప్,transliterated,909487,503185,,
Telangana,Nizamabad,516,Bodhan,4370,Kopperga,కొప్పెర్గ,transliterated,570970,503235,,
Telangana,Nalgonda,514,Kethepally,4637,Koppole,కొప్పోలే,transliterated,576943,508376,,
Telangana,Nalgonda,514,Gurrampode,4657,Koppole,కొప్పొలె,transliterated,577337,508256,,
Telangana,Hanumakonda,686,Shayampet,4691,Koppula,కొప్పుల,transliterated,578074,506319,,
Telangana,Medak,513,Masaipet,7190,Koppulapalle,కొప్పులపల్లె,transliterated,573580,502335,,
Telangana,Wanaparthy,693,Chinnambavi,6287,Koppunur,కొప్పునూరు,authoritative,576339,509105,,
Telangana,Hanumakonda,686,Bheemadevarpalli,4448,Koppur,కొప్పూర్,transliterated,572675,505497,,
Telangana,Bhadradri Kothagudem,690,Tekulapalli,4739,Koppurai,కొప్పురై,transliterated,579392,507124,,
Telangana,Mulugu,720,Wajedu,4723,Koppusuru,కొప్పుసురు,transliterated,578725,507136,,
Telangana,Medak,513,Tekmal,4469,Korampalle,కొరంపల్లె,transliterated,573208,502302,,
Telangana,Kamareddy,685,Pitlam,4384,Koranpalle,కోరన్పల్లె,transliterated,571387,503310,,
Telangana,Karimnagar,508,Jammikunta,4440,Korapalli,కొరపల్లి,authoritative,572548,505129,,
Telangana,Nirmal,680,Mamada,4346,Koratikal,కొరటికల్,transliterated,570415,504310,,
Telangana,Nagarkurnool,694,Uppununthala,4580,Koratikal,కొరతికల్,transliterated,575660,509376,,
Telangana,Nalgonda,514,Munugode,4647,Koratikal,కొరటికల్,transliterated,577132,508244,,
Telangana,Adilabad,501,Neradigonda,4325,Koratkal (Buzurg),కొరట్కల్ (బుజుర్గ్),transliterated,569747,504323,,
Telangana,Adilabad,501,Neradigonda,4325,Koratkal (Khurd),కొరట్కల్ (ఖుర్ద్),transliterated,569749,504323,,
Telangana,Nizamabad,516,Dichpally,4377,Koratpalle,కొరట్పల్లె,transliterated,571228,503175,,
Telangana,Karimnagar,508,Ramadugu,4423,Koratpalle,కొరట్పల్లె,transliterated,572230,505531,,
Telangana,Rajanna Sircilla,683,Boinpalli,4429,Korem,కొరెమ్,transliterated,572334,505524,,
Telangana,Mahabubabad,688,Peddavangara,6256,Koripalle,కోరిపల్లె,transliterated,578282,506318,,
Telangana,Kumuram Bheem Asifabad,699,Chintalamanepally,6314,Korisini,కొరిసిని,transliterated,569394,504299,,
Telangana,Medak,513,Shankarampet (R),4467,Korivipalle,కొరివిపల్లె,transliterated,573167,502248,,
Telangana,Karimnagar,508,Veenavanka,4439,Korkal(Jangampalle),కోర్కల్(జంగంపల్లె),transliterated,572533,505502,,
Telangana,Nalgonda,514,Kethepally,4637,Korla Pahad,కోర్ల పహాడ్,transliterated,576937,508211,,
Telangana,Khammam,509,Kalluru,4763,Korlagudem,కొర్లగూడెం,transliterated,579806,507209,,
Telangana,Jayashankar Bhupalapally,687,Mutharam Mahadevpur,4404,Korlakunta,కొర్లకుంట,authoritative,571901,505503,,
Telangana,Jayashankar Bhupalapally,687,Malharrao,4405,Korlakunta,కొర్లకుంట,authoritative,571940,505503,,
Telangana,Wanaparthy,693,Weepangandla,4608,Korlakunta,కొర్లకుంట,authoritative,576190,509105,,
Telangana,Kumuram Bheem Asifabad,699,Tiryani,4333,Korlanka,కొర్లంక,transliterated,570003,504297,,
Telangana,Kamareddy,685,Lingampet,4388,Korpole,కోర్పోల్,transliterated,571500,503124,,
Telangana,Sangareddy,691,Chowtakur,7188,Korpole,కోర్పోల్,transliterated,573490,502273,,
Telangana,Adilabad,501,Bhoraj,7529,Korta,కోర్టా,transliterated,569022,504309,,
Telangana,Mahabubabad,688,Kesamudram,4717,Korukondapalle,కొరుకొందపల్లె,transliterated,578568,506112,,
Telangana,Jagitial,681,Korutla,4416,Korutla,కోరుట్ల,authoritative,956038,505326,,
Telangana,Rajanna Sircilla,683,Yellareddipet,4432,Korutlapet,కోరుట్లపేట,transliterated,572406,505305,,
Telangana,Nalgonda,514,Anumula,4660,Korvanigudem,కొర్వానిగూడెం,transliterated,909861,508377,,
Telangana,Vikarabad,698,Basheerabad,4535,Korviched,కోర్విచ్డ్,transliterated,574482,501143,,
Telangana,Jogulamba Gadwal,695,Manopad,4611,Korvipadu,కోర్విపాడు,transliterated,576420,509128,,
Telangana,Nirmal,680,Pembi,6206,Kosagutta,కొసగుత్త,transliterated,570433,504203,,
Telangana,Adilabad,501,Talamadugu,4309,Kosai,కోసాయి,transliterated,569120,504312,,
Telangana,Nalgonda,514,Anumula,4660,Kosalamarri,కొసలమర్రి,transliterated,577408,508266,,
Telangana,Nizamabad,516,Navipet,4358,Kosli,కోస్లీ,transliterated,570714,503245,,
Telangana,Kumuram Bheem Asifabad,699,Kagaznagar,4318,Kosni,కొస్ని,transliterated,569446,504296,,
Telangana,Kumuram Bheem Asifabad,699,Kerameri,4313,Kota,కోట,authoritative,569258,504293,,
Telangana,Mahabubnagar,512,Mahabubnagar Rural,6258,Kotakadira,కొటకదిరా,transliterated,575395,509204,,
Telangana,Nizamabad,516,Dharpally,4378,Kotalapalle,ఎన్.కొట్టాలపల్లె,authoritative,571269,503165,,
Telangana,Nirmal,680,Bhainsa,4339,Kotalgaon,కోటల్గాన్,transliterated,570176,504103,,
Telangana,Suryapet,696,Atmakur (S),4622,Kotapahad,కోటపహాడ్,authoritative,576643,508212,,
Telangana,Kumuram Bheem Asifabad,699,Kerameri,4313,Kotari,కొటారి,authoritative,569284,504293,,
Telangana,Vikarabad,698,Tandur,4534,Kotbaspalle,కోట్బాస్పల్లె,transliterated,574442,501141,,
Telangana,Kamareddy,685,Madnoor,4372,Kotchira,కొట్చిరా,transliterated,571079,503309,,
Telangana,Nizamabad,516,Kotagiri,4371,Kotgiri,కోట్గిరి,transliterated,571024,503207,,
Telangana,Nizamabad,516,Armoor,4360,Kotha Armur,కోత ఆర్మూర్,transliterated,570778,503223,,
Telangana,Nirmal,680,Mamada,4346,Kotha Lingampalle (R.C),కోత లింగంపల్లె (ర్.సీ),transliterated,570414,504310,,
Telangana,Nalgonda,514,Nalgonda,4646,Kotha Palle,కొత్తపల్లి,authoritative,577097,508004,,
Telangana,Nalgonda,514,Neredugommu,6308,Kotha Palle,కొత్తపల్లి,authoritative,577217,508248,,
Telangana,Nirmal,680,Mamada,4346,Kotha Sangvi (R.C),కోత సాంగ్వి (ర్.సీ),transliterated,570411,504310,,
Telangana,Nirmal,680,Mamada,4346,Kotha Timbareni (R.C),కోత టింబరేని (ర్.సీ),transliterated,570420,504310,,
Telangana,Vikarabad,698,Vikarabad,4530,Kothagadi,కొత్తగది,transliterated,956039,501101,,
Telangana,Karimnagar,508,Shankarapatnam,4441,Kothagattu,కొత్తగట్టు,transliterated,572574,505490,,
Telangana,Hanumakonda,686,Athmakur,4694,Kothagattu,కొత్తగట్టు,transliterated,578130,506319,,
Telangana,Nalgonda,514,Miryalaguda,4664,Kothaguda,కొత్తగూడ,authoritative,577509,508208,,
Telangana,Mahabubabad,688,Kothaguda,4710,Kothagudem,కొత్తగూడెం,authoritative,578410,506135,,
Telangana,Mulugu,720,Tadvai,4687,Kothagudem (P.L),కొథగూడెం (ప్.ల్),transliterated,577974,506344,,
Telangana,Bhadradri Kothagudem,690,Cherla,4726,Kothagudem (Z),కొత్తగూడెం (జ్),transliterated,578901,507140,,
Telangana,Hanumakonda,686,Bheemadevarpalli,4448,Kothakonda,కొత్తకొండ,transliterated,572681,505471,,
Telangana,Wanaparthy,693,Kothakota,4593,Kothakota Ward No.-0001,కొత్తకోట వార్డ్ నో.-0001,transliterated,576024,509381,,
Telangana,Nagarkurnool,694,Lingal,4598,Kothakuntapalle,కొథకుంతపల్లె,transliterated,576113,509401,,
Telangana,Jangoan,689,Palakurthy,4697,Kothalabad,కొథలబద్,transliterated,578183,506244,,
Telangana,Kamareddy,685,Kamareddy,4390,Kothalpalle,కోతల్పల్లె,transliterated,571562,503110,,
Telangana,Nalgonda,514,Peddavoora,4659,Kothalur,కొత్తలూరు,authoritative,577385,508266,,
Telangana,Kumuram Bheem Asifabad,699,Lingapur,6311,Kothapalle,కొత్తపల్లె,authoritative,569773,504313,,
Telangana,Mancherial,684,Kannepally,6229,Kothapalle,కొత్తపల్లె,authoritative,569837,504251,,
Telangana,Mancherial,684,Tandur,4332,Kothapalle,కొత్తపల్లె,authoritative,569950,504220,,
Telangana,Nizamabad,516,Mupkal,6238,Kothapalle,కొత్తపల్లె,authoritative,570796,503218,,
Telangana,Nizamabad,516,Vailpoor,4365,Kothapalle,కొత్తపల్లె,authoritative,570881,503311,,
Telangana,Nizamabad,516,Kotagiri,4371,Kothapalle,కొత్తపల్లె,authoritative,571036,503207,,
Telangana,Jayashankar Bhupalapally,687,Kataram,4402,Kothapalle,కొత్తపల్లె,authoritative,571842,505503,,
Telangana,Peddapalli,682,Peddapalli,4408,Kothapalle,కొత్తపల్లె,authoritative,571995,505162,,
Telangana,Rajanna Sircilla,683,Gambhiraopet,4433,Kothapalle,కొత్తపల్లె,authoritative,572427,505304,,
Telangana,Hanumakonda,686,Bheemadevarpalli,4448,Kothapalle,కొత్తపల్లె,authoritative,572676,505497,,
Telangana,Medak,513,Papannapet,4455,Kothapalle,కొత్తపల్లె,authoritative,572872,502331,,
Telangana,Siddipet,692,Raipole,6283,Kothapalle,కొత్తపల్లె,authoritative,573125,502278,,
Telangana,Sangareddy,691,Gummadidala,6277,Kothapalle,కొత్తపల్లె,authoritative,573897,502313,,
Telangana,Ranga Reddy,518,Shankarpalle,4515,Kothapalle,కొత్తపల్లె,authoritative,574054,501203,,
Telangana,Vikarabad,698,Chowdapur,7186,Kothapalle,కొత్తపల్లె,authoritative,574618,509340,,
Telangana,Ranga Reddy,518,Yacharam,4548,Kothapalle,కొత్తపల్లె,authoritative,574892,501509,,
Telangana,Narayanpet,721,Kosgi,4551,Kothapalle,కొత్తపల్లె,authoritative,574945,509350,,
Telangana,Mahabubnagar,512,Midjil,4566,Kothapalle,కొత్తపల్లె,authoritative,575329,509357,,
Telangana,Narayanpet,721,Narayanpet,4570,Kothapalle,కొత్తపల్లె,authoritative,575447,509411,,
Telangana,Wanaparthy,693,Madanapur,6289,Kothapalle,కొత్తపల్లె,authoritative,575834,509131,,
Telangana,Narayanpet,721,Narwa,4588,Kothapalle,కొత్తపల్లె,authoritative,575856,509130,,
Telangana,Narayanpet,721,Maganoor,4590,Kothapalle,కొత్తపల్లె,authoritative,575910,509352,,
Telangana,Jogulamba Gadwal,695,Gadwal,4603,Kothapalle,కొత్తపల్లె,authoritative,576222,509133,,
Telangana,Jayashankar Bhupalapally,687,Bhupalpally,4682,Kothapalle,కొత్తపల్లె,authoritative,577825,506169,,
Telangana,Jangoan,689,Lingalaghanpur,4700,Kothapalle,కొత్తపల్లె,authoritative,578248,506303,,
Telangana,Mahabubabad,688,Kothaguda,4710,Kothapalle,కొత్తపల్లె,authoritative,578408,506135,,
Telangana,Adilabad,501,Gadiguda,6225,Kothapalle (G),కొత్తపల్లె (గ్),transliterated,569210,504311,,
Telangana,Karimnagar,508,Thimmapur LMD,4438,Kothapalle (P.N),కొత్తపల్లె (ప్.న్),transliterated,572521,505481,,
Telangana,Karimnagar,508,Kothapally,6230,Kothapalle(Haveli),కొథపల్లె(హవెలి),transliterated,572308,505451,,
Telangana,Jayashankar Bhupalapally,687,Kothapallygori,7531,Kothapallegori,కొథపల్లెగొరి,transliterated,578071,506348,,
Telangana,Nalgonda,514,Dameracherla,4663,Kothapalli,కొత్తపల్లి,authoritative,577488,508355,,
Telangana,Jangoan,689,Ghanpur (Station),4676,Kothapalli,కొత్తపల్లి,authoritative,577700,506301,,
Telangana,Hanumakonda,686,Khazipet,6247,Kothapalli,కొత్తపల్లి,authoritative,578149,506003,,
Telangana,Bhadradri Kothagudem,690,Cherla,4726,Kothapalli (G),కోతపల్లి (గ్),transliterated,578861,507133,,
Telangana,Adilabad,501,Narnoor,4312,Kothapalli - H,కోతపల్లి - హ్,transliterated,569241,504311,,
Telangana,Bhadradri Kothagudem,690,Cherla,4726,Kothapalli(Z),కోతపల్లి(జ్),transliterated,578860,507133,,
Telangana,Nalgonda,514,Anumula,4660,Kothapally,కొత్తపల్లి,transliterated,577426,508377,,
Telangana,Nizamabad,516,Makloor,4367,Kothapally,కొత్తపల్లి,transliterated,909477,503213,,
Telangana,Mancherial,684,Jannaram,4334,Kothapet,కొత్తపేట్,authoritative,570010,504205,,
Telangana,Nirmal,680,Khanapur,4347,Kothapet,కొత్తపేట్,authoritative,570449,504203,,
Telangana,Jagitial,681,Endapalli,7539,Kothapet,కొత్తపేట్,authoritative,571731,505526,,
Telangana,Jayashankar Bhupalapally,687,Mahadevpur,4403,Kothapet,కొత్తపేట్,authoritative,571865,505504,,
Telangana,Warangal,522,Warangal,4706,Kothapet,కొత్తపేట్,authoritative,578147,506001,,
Telangana,Ranga Reddy,518,Balapur,6323,Kothapet,కొత్తపేట్,authoritative,909536,500005,,
Telangana,Nalgonda,514,Kethepally,4637,Kothapet,కొత్తపేట్,authoritative,909769,508211,,
Telangana,Ranga Reddy,518,Saroornagar,4526,Kothapet (Ct),కొథపెత్ (చ్త్),transliterated,574216,500102,,
Telangana,Rajanna Sircilla,683,Boinpalli,4429,Kothapeta,కొత్తపేట,authoritative,572343,505307,,
Telangana,Mahabubnagar,512,Hanwada,4555,Kothapeta,కొత్తపేట,authoritative,575067,509002,,
Telangana,Ranga Reddy,518,Keshampet,4561,Kothapeta,కొత్తపేట,authoritative,575233,509408,,
Telangana,Nagarkurnool,694,Peddakothapally,4599,Kothapeta,కొత్తపేట,authoritative,576142,509412,,
Telangana,Mahabubabad,688,Bayyaram,4742,Kothapeta,కొత్తపేట,authoritative,579439,507211,,
Telangana,Siddipet,692,Mulug,4486,Kothial,కొథిఅల్,transliterated,573719,502279,,
Telangana,Mahabubnagar,512,Koilkonda,4569,Kothlabad,కోత్లాబాద్,transliterated,575413,509371,,
Telangana,Sangareddy,691,Sangareddy,4492,Kothlapur,కోత్లాపూర్,transliterated,573886,502295,,
Telangana,Vikarabad,698,Marpalle,4512,Kothlapur,కోత్లాపూర్,transliterated,573986,501202,,
Telangana,Nalgonda,514,Gurrampode,4657,Kothlapur,కోత్లాపూర్,transliterated,577357,508257,,
Telangana,Vikarabad,698,Basheerabad,4535,Kothlapur Buzurg,కోత్లాపూర్ బుజుర్గ్,transliterated,574488,501143,,
Telangana,Kumuram Bheem Asifabad,699,Dahegoan,4329,Kothmir,కొథ్మిర్,transliterated,569848,504273,,
Telangana,Jogulamba Gadwal,695,Dharoor,4591,Kothulagidda,కోతులగిద్ద,authoritative,575961,509133,,
Telangana,Adilabad,501,Talamadugu,4309,Kothur,కొత్తూర్,authoritative,569130,504312,,
Telangana,Nirmal,680,Dilawarpur,4343,Kothur,కొత్తూర్,authoritative,570326,504306,,
Telangana,Peddapalli,682,Dharmaram,4411,Kothur,కొత్తూర్,authoritative,572027,505525,,
Telangana,Siddipet,692,Mulug,4486,Kothur,కొత్తూర్,authoritative,573697,502336,,
Telangana,Ranga Reddy,518,Kandukur,4545,Kothur,కొత్తూర్,authoritative,574804,500113,,
Telangana,Vikarabad,698,Bomaraspeta,4550,Kothur,కొత్తూర్,authoritative,574920,509338,,
Telangana,Mahabubnagar,512,Midjil,4566,Kothur,కొత్తూర్,authoritative,575352,509357,,
Telangana,Mahabubnagar,512,Bhoothpur,4574,Kothur,కొత్తూర్,authoritative,575545,509302,,
Telangana,Mulugu,720,Mulug,4689,Kothur,కొత్తూర్,authoritative,578049,506352,,
Telangana,Warangal,522,Rayaparthy,4703,Kothur,కొత్తూర్,authoritative,578291,506313,,
Telangana,Warangal,522,Khanapur,4709,Kothur,కొత్తూర్,authoritative,578375,506132,,
Telangana,Ranga Reddy,518,Kothur,4560,Kothur (Ct),కోతూర్ (సీటీ),transliterated,575227,509228,,
Telangana,Sangareddy,691,Kohir,4475,Kothur Patti Digwal,కోతూర్ పట్టి దిగ్వాల్,transliterated,573382,502321,,
Telangana,Sangareddy,691,Kohir,4475,Kothur Pattikohir,కొథుర్ పత్తికొహిర్,transliterated,573398,502210,,
Telangana,Sangareddy,691,Zahirabad,4474,Kothur [B],కొథుర్ [బ్],transliterated,573347,502228,,
Telangana,Siddipet,692,Chinnakodur,4460,Kothurpalle,కొత్తూర్పల్లె,transliterated,573020,502267,,
Telangana,Bhadradri Kothagudem,690,Cherla,4726,Kothuru,కొత్తూరు,authoritative,578853,507133,,
Telangana,Bhadradri Kothagudem,690,Dummugudem,4729,Kothuru,కొత్తూరు,authoritative,578970,507137,,
Telangana,Bhadradri Kothagudem,690,Dummugudem,4729,Kothuru,కొత్తూరు,authoritative,956062,507137,,
Telangana,Ranga Reddy,518,Shamshabad,4543,Kothwalguda,కోత్వాల్ గూడ,authoritative,574734,501218,,
Telangana,Bhadradri Kothagudem,690,Dummugudem,4729,Kotipallipadu,కోటిపల్లిపాడు,transliterated,578944,507137,,
Telangana,Vikarabad,698,Marpalle,4512,Kotmarpalle,కోట్మార్పల్లె,transliterated,573995,501202,,
Telangana,Vikarabad,698,Kotepally,6312,Kotpalle,కోట్పల్లె,transliterated,574420,501106,,
Telangana,Kamareddy,685,Yellareddy,4386,Kottal,కొత్తల్,transliterated,571448,503122,,
Telangana,Adilabad,501,Adilabad Rural,6221,Kottur,కొట్టూర్,transliterated,568998,504002,,
Telangana,Sangareddy,691,Kandi,6275,Koulampet,కౌలంపేట,transliterated,573884,502329,,
Telangana,Mulugu,720,Tadvai,4687,Kousettivai,కౌసెత్తివై,transliterated,578010,506344,,
Telangana,Adilabad,501,Gadiguda,6225,Kouthala,కౌతాల,authoritative,569209,504311,,
Telangana,Kumuram Bheem Asifabad,699,Koutala,4316,Kouthala,కౌతాల,authoritative,569380,504299,,
Telangana,Nirmal,680,Nirmal Rural,6210,Koutla (K),కౌట్ల (క్),transliterated,570362,504106,,
Telangana,Vikarabad,698,Doulathabad,4552,Kowdeed,కౌడీడ్,transliterated,574973,509350,,
Telangana,Kumuram Bheem Asifabad,699,Asifabad,4319,Kowdianmovad,కొవ్దిఅంమొవద్,transliterated,569529,504294,,
Telangana,Hanumakonda,686,Nadikuda,6547,Kowkonda,కౌకొండ,transliterated,577763,506391,,
Telangana,Medchal Malkajgiri,700,Alwal,6328,Kowkoor,కౌకూర్,transliterated,931498,500010,,
Telangana,Ranga Reddy,518,Chevella,4529,Kowkuntla,కొవ్కుంత్ల,transliterated,574283,501503,,
Telangana,Kamareddy,685,Jukkal,4373,Kowlas,కౌలాస్,transliterated,571106,503305,,
Telangana,Adilabad,501,Jainath,4307,Kowtha,కౌత,transliterated,569050,504309,,
Telangana,Nirmal,680,Basar,6205,Kowtha,కొవ్థ,transliterated,570268,504101,,
Telangana,Adilabad,501,Boath,4324,Kowtha (Buzurg),కౌత (బుజుర్గ్),transliterated,569677,504304,,
Telangana,Adilabad,501,Sonala,7516,Kowtha (Khurd),కౌత (ఖుర్ద్),transliterated,569674,504304,,
Telangana,Nirmal,680,Sarangapur,4336,Kowtla (Buzurg),కౌట్ల (బుజుర్గ్),transliterated,570082,504110,,
Telangana,Khammam,509,Raghunadhapalem,4757,Koya Chalka,కొయ చల్క,transliterated,579677,507002,,
Telangana,Bhadradri Kothagudem,690,Dummugudem,4729,Koya Narsapuram,కోయా నర్సాపురం,transliterated,579006,507137,,
Telangana,Kumuram Bheem Asifabad,699,Penchicalpet,6313,Koyachichal,కోయాచిచల్,transliterated,569428,504296,,
Telangana,Bhadradri Kothagudem,690,Palvoncha,4737,Koyagutta,కోయగుట్ట,transliterated,579367,507115,,
Telangana,Yadadri Bhuvanagiri,697,Choutuppal,4631,Koyalagudem,కోయలగూడెం,transliterated,909749,508252,,
Telangana,Yadadri Bhuvanagiri,697,Choutuppal,4631,Koyalagudem,కోయలగూడెం,transliterated,909750,508252,,
Telangana,Kumuram Bheem Asifabad,699,Chintalamanepally,6314,Koyapalle,కొయపల్లె,transliterated,569405,504299,,
Telangana,Kumuram Bheem Asifabad,699,Tiryani,4333,Koyatalandi,కొయతలంది,transliterated,569985,504297,,
Telangana,Mulugu,720,Wajedu,4723,Koyaveerapuram (G),కోయవీరపురం (గ్),transliterated,578708,507136,,
Telangana,Sangareddy,691,Sangareddy,4492,Koyyamarry Lt,కొయ్యమర్ర్య్ ల్త్,transliterated,916338,502001,,
Telangana,Bhadradri Kothagudem,690,Cherla,4726,Koyyuru (Z),కొయ్యూరు (జ్),transliterated,578847,507133,,
Telangana,Narayanpet,721,Krishna,6264,Krishna (Hindupur),కృష్ణ (హిందూపూర్),transliterated,909649,509352,,
Telangana,Bhadradri Kothagudem,690,Burgampahad,4736,Krishna Sagar,కృష్ణ సాగర్,transliterated,579339,507114,,
Telangana,Jangoan,689,Chilpur,6259,Krishnajigudem,కృష్ణాజిగూడెం,transliterated,577692,506301,,
Telangana,Kamareddy,685,Tadwai,4389,Krishnajiwadi,కృష్ణాజీవాడి,transliterated,571529,503111,,
Telangana,Sangareddy,691,Kalher,4453,Krishnapoor,కృష్ణపూర్,transliterated,572828,502371,,
Telangana,Sangareddy,691,Jharasangam,4476,Krishnapur,కృష్ణాపూర్,transliterated,573430,502246,,
Telangana,Mulugu,720,Wajedu,4723,Krishnapuram (G),కృష్ణాపురం (గ్),transliterated,578685,507136,,
Telangana,Narayanpet,721,Makthal,4589,Krishnasamudram,కృష్ణసముద్రం,transliterated,575875,509352,,
Telangana,Sangareddy,691,Ameenpur,6276,Krishtareddipet,కృష్టారెడ్డిపేట,transliterated,573931,502319,,
Telangana,Nirmal,680,Kubeer,4338,Kubeer,కుబీర్,transliterated,570146,504103,,
Telangana,Ranga Reddy,518,Madgul,4564,Kubyagani Thanda,కుబ్యాగాని తండ,transliterated,909582,509327,,
Telangana,Adilabad,501,Boath,4324,Kuchalapur,కుచలాపూర్,transliterated,569696,504304,,
Telangana,Nirmal,680,Soan,6209,Kuchanpalle,కుచన్పల్లె,transliterated,570385,504105,,
Telangana,Siddipet,692,Husnabad,4444,Kuchanpalle,కుచన్పల్లె,transliterated,572614,505467,,
Telangana,Medak,513,Havelighanapur,6270,Kuchanpally,కుచంపల్లి,transliterated,572907,502130,,
Telangana,Medak,513,Manoharabad,6273,Kucharam,కుచరమ్,transliterated,573611,502336,,
Telangana,Jogulamba Gadwal,695,Kaloor Thimmandoddi,6297,Kuchinerla,కుచినెర్ల,authoritative,576263,509129,,
Telangana,Suryapet,696,Kodad,4668,Kuchipudi,కూచిపూడి,authoritative,577568,508238,,
Telangana,Peddapalli,682,Manthani,4401,Kuchirajpalle,కుచ్చిరాజపల్లె,transliterated,571810,505184,,
Telangana,Mahabubnagar,512,Nawabpet,4556,Kuchoor,కుచూర్,transliterated,575098,509340,,
Telangana,Jogulamba Gadwal,695,Ieeja,4606,Kudakanoor,కుదకనూర్,authoritative,576295,509127,,
Telangana,Suryapet,696,Chivemla,4639,Kudakuda,కూడకూడా,transliterated,576964,508214,,
Telangana,Suryapet,696,Mothey,4640,Kudali,కుడాలి,transliterated,576980,508212,,
Telangana,Siddipet,692,Akberpet-Bhoompally,7524,Kudavelle,కూడవెళ్లే,transliterated,573083,502102,,
Telangana,Jogulamba Gadwal,695,Alampur,4612,Kudavelli,కుడవెల్లి,transliterated,576437,509152,,
Telangana,Vikarabad,698,Marpalle,4512,Kudgunta,కుడ్గుంట,transliterated,573994,501202,,
Telangana,Nagarkurnool,694,Kollapur,4609,Kudikilla,కుదికిల్ల,transliterated,576357,509102,,
Telangana,Bhadradri Kothagudem,690,Cherla,4726,Kudunuru (G),కుదునూరు (గ్),transliterated,578907,507140,,
Telangana,Bhadradri Kothagudem,690,Cherla,4726,Kudunuru (Z),కుదునూరు (జ్),transliterated,578906,507140,,
Telangana,Jayashankar Bhupalapally,687,Mahadevpur,4403,Kudurpalle,కుదుర్పల్లె,transliterated,571863,505504,,
Telangana,Ranga Reddy,518,Kandukur,4545,Kufarchandguda,కుఫర్చంద్గూడ,transliterated,574800,501359,,
Telangana,Vikarabad,698,Dharur,4531,Kukinda,కుకింద,transliterated,574348,501121,,
Telangana,Suryapet,696,Maddirala,6300,Kukkadam,కుక్కడం,transliterated,576585,508280,,
Telangana,Peddapalli,682,Palakurthy,6215,Kukkalagudur,కుక్కలగుదూర్,transliterated,571736,505514,,
Telangana,Medak,513,Yeldurthy,4481,Kuknoor,కుక్నూర్,transliterated,573565,502109,,
Telangana,Nizamabad,516,Vailpoor,4365,Kuknur,కుక్నూర్,transliterated,570871,503311,,
Telangana,Siddipet,692,Kukunoorpally,7521,Kuknurpalle,కుక్నుర్పల్లె,transliterated,573064,502301,,
Telangana,Kumuram Bheem Asifabad,699,Bejjur,4317,Kukuda,కుకుడా,transliterated,569413,504299,,
Telangana,Sangareddy,691,Sangareddy,4492,Kulabgoor,కులబ్గూర్,transliterated,573873,502294,,
Telangana,Nizamabad,516,Mugpal,6235,Kulaspur,కులాస్పూర్,transliterated,570947,503175,,
Telangana,Vikarabad,698,Kulkacharla,4539,Kulkacharla,కుల్కాచర్ల,transliterated,574598,509335,,
Telangana,Ranga Reddy,518,Madgul,4564,Kulkulpalle,కుల్కుల్పల్లె,transliterated,575297,509327,,
Telangana,Hyderabad,507,Asif Nagar,4506,Kulsumpura,కుల్సుంపుర,transliterated,927792,500006,,
Telangana,Adilabad,501,Neradigonda,4325,Kumari,కుమారి,transliterated,569713,504323,,
Telangana,Narayanpet,721,Narwa,4588,Kumarlingampalle,కుమార్లింగంపల్లె,transliterated,575847,509409,,
Telangana,Kumuram Bheem Asifabad,699,Koutala,4316,Kumbari,కుంబారి,transliterated,569378,504299,,
Telangana,Adilabad,501,Adilabad Rural,6221,Kumbhajheri,కుంభజ్హేరి,transliterated,568989,504002,,
Telangana,Vikarabad,698,Dharur,4531,Kummar Palle,కుమ్మర్ పల్లె,transliterated,574363,501121,,
Telangana,Bhadradri Kothagudem,690,Aswapuram,4728,Kummarigudem,కుమ్మరిగూడెం,transliterated,578920,507116,,
Telangana,Peddapalli,682,Julapalli,4409,Kummarikunta,కుమ్మరికుంట,transliterated,572002,505525,,
Telangana,Nalgonda,514,Anumula,4660,Kummarikunta Kalva,కుమ్మరికుంట కల్వ,transliterated,577413,508201,,
Telangana,Mahabubabad,688,Danthalapalle,6255,Kummarikuntla,కుమ్మరికుంట్ల,transliterated,578610,506324,,
Telangana,Jagitial,681,Raikal,4395,Kummaripalle,కుమ్మరిపల్లె,transliterated,571660,505460,,
Telangana,Ranga Reddy,518,Chevella,4529,Kummera,కుమ్మెర,transliterated,574294,501503,,
Telangana,Nirmal,680,Bhainsa,4339,Kumsari,కుంసారి,transliterated,570191,504102,,
Telangana,Peddapalli,682,Srirampur,4407,Kunaram,కునరమ్,transliterated,571965,505174,,
Telangana,Bhadradri Kothagudem,690,Laxmidevipalli,6266,Kunaram,కునారం,transliterated,579377,507123,,
Telangana,Suryapet,696,Jajireddygudem,4623,Kunchamarthi,కుంచమర్తి,transliterated,576652,508224,,
Telangana,Khammam,509,Vemsoor,4768,Kunchaparthy,కుంచపర్థ్య్,transliterated,579905,507164,,
Telangana,Kumuram Bheem Asifabad,699,Dahegoan,4329,Kunchavelli,కుంచవెల్లి,transliterated,569870,504219,,
Telangana,Peddapalli,682,Anthergaon,6214,Kundanapalli,కుందనపల్లి,transliterated,571756,505208,,
Telangana,Jayashankar Bhupalapally,687,Tekumatla,6248,Kundanpalle,కుందన్పల్లె,transliterated,577802,506356,,
Telangana,Mahabubabad,688,Kothaguda,4710,Kundanpalle,కుందన్పల్లె,transliterated,578394,506135,,
Telangana,Medchal Malkajgiri,700,Keesara,4522,Kundanpally,కుందన్పల్లి,transliterated,574144,501301,,
Telangana,Kamareddy,685,Domakonda,4392,Kundaram,కుందరం,transliterated,571587,503123,,
Telangana,Jangoan,689,Lingalaghanpur,4700,Kundaram,కుందరం,transliterated,578246,506303,,
Telangana,Mancherial,684,Dandepally,4348,Kundelapahad,కుందేలపహాడ్,transliterated,570466,504206,,
Telangana,Nalgonda,514,Nampally,4654,Kundellatirumalagiri,కుందెల్లతిరుమలగిరి,transliterated,577265,508373,,
Telangana,Nizamabad,516,Renjal,4357,Kunepalle,కునెపల్లె,transliterated,570693,503245,,
Telangana,Yadadri Bhuvanagiri,697,Ramannapet,4632,Kunkudu Pamula,కుంకుడు పాముల,transliterated,576861,508113,,
Telangana,Yadadri Bhuvanagiri,697,Bhongir,4628,Kunoor,కునూర్,authoritative,576758,508286,,
Telangana,Jangoan,689,Zaffergadh,4696,Kunoor,కునూర్,authoritative,578169,506143,,
Telangana,Narayanpet,721,Krishna,6264,Kunsi,కున్సి,authoritative,575918,509352,,
Telangana,Nirmal,680,Kuntala,4337,Kuntala,కుంటల,transliterated,570113,504109,,
Telangana,Adilabad,501,Neradigonda,4325,Kuntala (Buzurg),కుంటల (బుజుర్గ్),transliterated,569721,504323,,
Telangana,Adilabad,501,Neradigonda,4325,Kuntala (Khurd),కుంటల (ఖుర్ద్),transliterated,569737,504323,,
Telangana,Yadadri Bhuvanagiri,697,Choutuppal,4631,Kuntlagudem,కుంట్లగూడెం,transliterated,909757,508252,,
Telangana,Jayashankar Bhupalapally,687,Mahadevpur,4403,Kuntlam,కుంట్లం,transliterated,571855,505504,,
Telangana,Ranga Reddy,518,Hayathnagar,4525,Kuntloor (Og),కుంట్లూర్ (ఒగ్),transliterated,573961,501505,,
Telangana,Nalgonda,514,Anumula,4660,Kupaspally,కుపస్పల్లి,transliterated,577417,508377,,
Telangana,Nizamabad,516,Bheemgal,4364,Kupkal,కుప్కల్,transliterated,570847,503307,,
Telangana,Nirmal,680,Tanoor,4340,Kupli,కుప్లి,transliterated,570214,504102,,
Telangana,Nagarkurnool,694,Veldanda,4565,Kuppagandla,కుప్పగండ్ల,transliterated,575308,509360,,
Telangana,Vikarabad,698,Doulathabad,4552,Kuppagiri,కుప్పగిరి,transliterated,574970,509336,,
Telangana,Sangareddy,691,Jharasangam,4476,Kuppanagar,కుప్పనగర్,transliterated,573415,502246,,
Telangana,Kamareddy,685,Sadashivanagar,4381,Kuprial,కుప్రిఅల్,transliterated,571321,503145,,
Telangana,Nirmal,680,Sarangapur,4336,Kupti,కుప్తి,transliterated,570074,504110,,
Telangana,Nirmal,680,Kubeer,4338,Kupti,కుప్తి,transliterated,570151,504103,,
Telangana,Adilabad,501,Neradigonda,4325,Kupti (Buzurg),కుప్తి (బుజుర్గ్),transliterated,569711,504323,,
Telangana,Adilabad,501,Neradigonda,4325,Kupti (Khurd),కుప్తి (ఖుర్ద్),transliterated,569712,504323,,
Telangana,Adilabad,501,Jainath,4307,Kura,కురా,transliterated,569054,504309,,
Telangana,Mahabubabad,688,Kuravi,4721,Kuravi,కురవి,authoritative,578652,506105,,
Telangana,Jangoan,689,Ragunathpally,4698,Kurchapalle,కూర్చపల్లె,transliterated,578216,506252,,
Telangana,Siddipet,692,Koheda,4443,Kurella,కురెల్ల,transliterated,572592,505473,,
Telangana,Yadadri Bhuvanagiri,697,Atmakur (M),4626,Kurella,కురెల్లా,transliterated,576721,508111,,
Telangana,Karimnagar,508,Gangadhara,4422,Kurikial,కురికిఅల్,transliterated,572214,505445,,
Telangana,Jayashankar Bhupalapally,687,Mogullapally,4680,Kurkishala,కుర్కిషాల,transliterated,577775,506366,,
Telangana,Kamareddy,685,Dongli,7525,Kurla,కుర్ల,transliterated,571060,503309,,
Telangana,Nalgonda,514,Chinthapally,4650,Kurma Palle,కుర్మ పల్లె,transliterated,577171,508250,,
Telangana,Ranga Reddy,518,Saroornagar,4526,Kurmalguda (Og),కుర్మాల్గూడ (ఒగ్),transliterated,574224,501510,,
Telangana,Ranga Reddy,518,Yacharam,4548,Kurmidda,కుర్మిద్ద,transliterated,574887,501509,,
Telangana,Nagarkurnool,694,Kalwakurthy,4576,Kurmidda,కుర్మిద్ద,transliterated,575579,509320,,
Telangana,Nizamabad,516,Yedapally,4369,Kurnapalle,కుర్నపల్లె,transliterated,570967,503202,,
Telangana,Khammam,509,Thallada,4762,Kurnavalli,కుర్ణవల్లి,authoritative,579782,507167,,
Telangana,Yadadri Bhuvanagiri,697,Rajapeta,4615,Kurraram,కుర్రారం,transliterated,576499,508105,,
Telangana,Kamareddy,685,Pitlam,4384,Kurthi,కుర్తి,transliterated,571394,503187,,
Telangana,Jogulamba Gadwal,695,Maldakal,4604,Kurthiravalcheruvu,కుర్తిరవాల్‌చెరువు,authoritative,576254,509132,,
Telangana,Medak,513,Papannapet,4455,Kurthiwada,కుర్థివాడ,transliterated,572870,502331,,
Telangana,Mahabubnagar,512,Chinnachintakunta,4587,Kurumurthy,కురుముర్థ్య్,transliterated,575830,509110,,
Telangana,Mancherial,684,Nennel,4331,Kushenapalle,కుషేణపల్లె,transliterated,569920,504219,,
Telangana,Mahabubnagar,512,Koilkonda,4569,Kushmohmedpalle,కుష్మోహ్మేద్పల్లె,transliterated,575407,509371,,
Telangana,Kumuram Bheem Asifabad,699,Bejjur,4317,Kushnepalle,కుశ్నెపల్లె,transliterated,569415,504299,,
Telangana,Sangareddy,691,Raikode,4472,Kushnoor,కుష్ణూర్,transliterated,573274,502256,,
Telangana,Sangareddy,691,Raikode,4472,Kushnoor,కుష్ణూర్,transliterated,912406,502256,,
Telangana,Nizamabad,516,Nandipet,4359,Kushtapur,కుష్టాపూర్,transliterated,570736,503212,,
Telangana,Nirmal,680,Narsapur G,6208,Kusli,కుస్లీ,transliterated,570305,504104,,
Telangana,Khammam,509,Kusumanchi,4755,Kusumanchi,కుసుమంచి,authoritative,579636,507159,,
Telangana,Vikarabad,698,Kulkacharla,4539,Kusumasamudram,కుసుమసముద్రం,transliterated,574612,509335,,
Telangana,Narayanpet,721,Krishna,6264,Kusumurthy,కుసుముర్థ్య్,transliterated,575920,509352,,
Telangana,Mahabubnagar,512,Rajapur,6261,Kuthnepalle,కుథ్నెపల్లె,transliterated,575109,509340,,
Telangana,Suryapet,696,Garidepally,4666,Kuthubshapuram,కుతుభ్షాపురం,transliterated,577543,508201,,
Telangana,Kumuram Bheem Asifabad,699,Asifabad,4319,Kutoda,కుతోడ,transliterated,569519,504293,,
Telangana,Sangareddy,691,Kondapur,4491,Kutubshapet,కుతుబ్షపేట,transliterated,573851,502295,,
Telangana,Vikarabad,698,Basheerabad,4535,Kyadgira,క్యాడ్గిరా,transliterated,574475,501143,,
Telangana,Kamareddy,685,Kamareddy,4390,Kyasampalle,క్యాసంపల్లె,transliterated,571556,503111,,
Telangana,Siddipet,692,Gajwel,4483,Kyasaram,క్యాసరం,transliterated,573639,502278,,
Telangana,Sangareddy,691,Patancheru,4494,Kyasaram,క్యాసరం,transliterated,573937,502307,,
Telangana,Mancherial,684,Mandamarri,4352,Kyathampalle,క్యాతంపల్లి,authoritative,909461,504301,,
Telangana,Mancherial,684,Mandamarri,4352,Kyathampalle (Ct),క్యాథంపల్లె (సీటీ),transliterated,570569,504301,,
Telangana,Hanumakonda,686,Dharmasagar,4677,Kyathampalli,క్యథంపల్లి,transliterated,577723,506151,,
Telangana,Jogulamba Gadwal,695,Alampur,4612,Kyatur,క్యాతూర్,transliterated,576430,509153,,
Telangana,Suryapet,696,Garidepally,4666,L.B.Nagar,ల్.బ్.నాగర్,transliterated,909909,508201,,
Telangana,Khammam,509,Chinthakani,4760,Lachagudem,లచ్చగూడెం,authoritative,579735,507208,,
Telangana,Jagitial,681,Sarangapur,4396,Lachakkapet,లచ్చక్కపేట,transliterated,571683,505529,,
Telangana,Adilabad,501,Talamadugu,4309,Lachampur,లచ్చంపూర్,transliterated,569142,504312,,
Telangana,Nirmal,680,Mamada,4346,Lachampur,లచ్చంపూర్,transliterated,570409,504310,,
Telangana,Narayanpet,721,Maganoor,4590,Lachampur,లచంపూర్,transliterated,575937,509352,,
Telangana,Kamareddy,685,Madnoor,4372,Lachan,లచన్,transliterated,571087,503309,,
Telangana,Siddipet,692,Dubbak,4458,Lachapet,లాచాపేట,transliterated,572962,502108,,
Telangana,Bhadradri Kothagudem,690,Dammapeta,4750,Lachapuram,లాచాపురం,transliterated,579544,507306,,
Telangana,Rajanna Sircilla,683,Konaraopet,4431,Lachchapeta,లచ్చపేట,transliterated,572372,505301,,
Telangana,Bhadradri Kothagudem,690,Dummugudem,4729,Lachigudem,లచ్చిగూడెం,authoritative,579003,507137,,
Telangana,Adilabad,501,Sirikonda,6224,Lachimpur (B),లచ్చింపూర్ (బ్),transliterated,569199,504307,,
Telangana,Adilabad,501,Sirikonda,6224,Lachimpur (K),లచ్చింపూర్ (క్),transliterated,569197,504307,,
Telangana,Kamareddy,685,Dongli,7525,Lachmapur,లచ్మపూర్,transliterated,571072,503309,,
Telangana,Nalgonda,514,Kanagal,4656,Lachugudem,లచ్చుగూడెం,transliterated,909856,508255,,
Telangana,Hanumakonda,686,Damera,6375,Ladalla,లాడల్లా,transliterated,578127,506006,,
Telangana,Kamareddy,685,Jukkal,4373,Ladegaon,లదెగాంవ్,transliterated,571104,503305,,
Telangana,Nizamabad,516,Bodhan,4370,Ladmavandi,లద్మవండి,transliterated,571002,503185,,
Telangana,Peddapalli,682,Ramagiri,6216,Ladnapur,లాడ్నాపూర్,transliterated,571943,505212,,
Telangana,Siddipet,692,Maddur,4673,Ladunoor,లదునూర్,transliterated,577646,506224,,
Telangana,Kumuram Bheem Asifabad,699,Dahegoan,4329,Laggaon,లగ్గాన్,transliterated,569865,504273,,
Telangana,Adilabad,501,Sirikonda,6224,Lakampur,లకంపూర్,transliterated,569193,504307,,
Telangana,Vikarabad,698,Pargi,4540,Lakhanapur,లఖనాపూర్,transliterated,574627,501501,,
Telangana,Nizamabad,516,Makloor,4367,Lakhmapur,లఖ్మపూర్,transliterated,570905,503003,,
Telangana,Nagarkurnool,694,Telkapally,4581,Lakhnaram,లఖ్నరమ్,transliterated,575696,509385,,
Telangana,Nizamabad,516,Vailpoor,4365,Lakhora,లఖోరా,transliterated,570867,503311,,
Telangana,Nizamabad,516,Nandipet,4359,Lakkampalle,లక్కంపల్లె,transliterated,570751,503212,,
Telangana,Siddipet,692,Maddur,4673,Lakkapalle,లక్కపల్లె,transliterated,577643,506367,,
Telangana,Peddapalli,682,Manthani,4401,Lakkapur,లక్కాపూర్,transliterated,571812,505184,,
Telangana,Adilabad,501,Utnoor,4321,Lakkaram,లక్కారం,authoritative,569584,504311,,
Telangana,Peddapalli,682,Mutharam (Manthani),4406,Lakkaram,లక్కారం,authoritative,571951,505212,,
Telangana,Yadadri Bhuvanagiri,697,Choutuppal,4631,Lakkaram,లక్కారం,authoritative,576832,508252,,
Telangana,Suryapet,696,Huzurnagar,4669,Lakkavaram,లక్కవరం,authoritative,577578,508204,,
Telangana,Narayanpet,721,Narwa,4588,Lakkerdoddi,లక్కెర్దొద్ది,transliterated,575850,509130,,
Telangana,Kumuram Bheem Asifabad,699,Kerameri,4313,Lakmapur,లక్మపూర్,transliterated,569257,504293,,
Telangana,Nizamabad,516,Saloora,7532,Lakmapur,లక్మాపూర్,transliterated,570997,503235,,
Telangana,Suryapet,696,Ananthagiri,6302,Lakmavaram,లక్మవరమ్,transliterated,577560,508206,,
Telangana,Mulugu,720,Govindaraopet,4688,Laknavaram,లక్నవరం,transliterated,578033,506347,,
Telangana,Warangal,522,Narsampet,4708,Laknepalle,లక్నేపల్లె,transliterated,578364,506331,,
Telangana,Yadadri Bhuvanagiri,697,Rajapeta,4615,Lakshmakka Palle,లక్ష్మక్కపల్లి,authoritative,576514,508105,,
Telangana,Siddipet,692,Mulug,4486,Lakshmakkapalle,లక్ష్మక్కపల్లి,authoritative,573707,502279,,
Telangana,Jangoan,689,Kodakandla,4702,Lakshmakkapalle,లక్ష్మక్కపల్లి,authoritative,578269,506302,,
Telangana,Nizamabad,516,Kammarpally,4363,Lakshmapur,లక్ష్మాపూర్,transliterated,570833,503308,,
Telangana,Nizamabad,516,Jakranpally,4366,Lakshmapur,లక్ష్మాపూర్,transliterated,570884,503223,,
Telangana,Medak,513,Ramayampet,4457,Lakshmapur,లక్ష్మాపూర్,transliterated,572929,502115,,
Telangana,Sangareddy,691,Gummadidala,6277,Lakshmapur,లక్ష్మాపూర్,transliterated,573896,502313,,
Telangana,Jangoan,689,Bachannapet,4674,Lakshmapur,లక్ష్మపూర్,transliterated,577662,506224,,
Telangana,Nagarkurnool,694,Achampet,4579,Lakshmapur (P.N),లక్ష్మాపూర్ (ప్.న్),transliterated,575642,509375,,
Telangana,Mahabubnagar,512,Chinnachintakunta,4587,Lakshmidevipur,లక్ష్మీదేవీపూర్,transliterated,575826,509131,,
Telangana,Jangoan,689,Palakurthy,4697,Lakshminarayana Puram,లక్ష్మినరయన పురమ్,transliterated,578192,506146,,
Telangana,Vikarabad,698,Yelal,4536,Lakshminarayanapur,లక్ష్మీనారాయణపూర్,transliterated,574525,501144,,
Telangana,Suryapet,696,Chivemla,4639,Lakshminayakthanda,లక్ష్మీనాయక్తాండ,transliterated,909781,508214,,
Telangana,Wanaparthy,693,Chinnambavi,6287,Lakshmipalle,లక్ష్మీపల్లె,transliterated,576340,509104,,
Telangana,Nirmal,680,Sarangapur,4336,Lakshmipur,లక్ష్మీపూర్,transliterated,570096,504110,,
Telangana,Karimnagar,508,Kothapally,6230,Lakshmipur,లక్ష్మిపూర్,transliterated,572320,505451,,
Telangana,Sangareddy,691,Pulkal,4478,Lakshmisagar,లక్ష్మీసాగర్,transliterated,573480,502273,,
Telangana,Suryapet,696,Mothey,4640,Lal Tanda,లాల్ తండ,transliterated,909784,508212,,
Telangana,Hyderabad,507,Marredpally,4500,Lalaguda,లాలగూడ,transliterated,927771,500017,,
Telangana,Karimnagar,508,Manakondur,4427,Lalithapur,లలితాపూర్,transliterated,572291,505505,,
Telangana,Mahabubnagar,512,Chinnachintakunta,4587,Lalkota,లాల్కోట,transliterated,575814,509409,,
Telangana,Mulugu,720,Wajedu,4723,Lalpet (G),లల్పెత్ (గ్),transliterated,578728,507136,,
Telangana,Adilabad,501,Adilabad Rural,6221,Landasangvi,లండసాంగ్వి,transliterated,568985,504002,,
Telangana,Nizamabad,516,Bodhan,4370,Langadapur,లంగదపూర్,transliterated,570977,503202,,
Telangana,Nirmal,680,Nirmal Rural,6210,Langdapur,లంగ్దాపూర్,transliterated,570345,504110,,
Telangana,Hyderabad,507,Golconda,4507,Langer House,లాంగర్ హౌస్,transliterated,927818,500008,,
Telangana,Ranga Reddy,518,Shamshabad,4543,Langerguda,లాంగెర్గూడ,transliterated,574735,501218,,
Telangana,Kumuram Bheem Asifabad,699,Wankidi,4314,Lanjanveera,లంజన్వీర,transliterated,569314,504295,,
Telangana,Bhadradri Kothagudem,690,Aswaraopeta,4749,Lankaalapalli (D),లంకాలపల్లి (డ్),transliterated,579531,507306,,
Telangana,Narayanpet,721,Narwa,4588,Lankal,లంకల్,transliterated,575846,509130,,
Telangana,Nalgonda,514,Marriguda,4649,Lankalapalle,లంకలపల్లె,transliterated,577151,508245,,
Telangana,Khammam,509,Penuballi,4752,Lankapalli,లంకపల్లి,transliterated,579579,507302,,
Telangana,Hanumakonda,686,Hanamkonda,4695,Lashkar Singaram,లష్కర్ సింగారం,transliterated,956063,506009,,
Telangana,Ranga Reddy,518,Abdullapurmet,6319,Laskerguda,లష్కర్గూడ,authoritative,574194,501512,,
Telangana,Kamareddy,685,Machareddy,4380,Latchapet,లాచాపెట్,transliterated,571299,503112,,
Telangana,Nagarkurnool,694,Uppununthala,4580,Lathifpur,లతీఫ్పూర్,transliterated,575662,509376,,
Telangana,Mulugu,720,Tadvai,4687,Lavval,లవ్వల్,transliterated,577999,506347,,
Telangana,Yadadri Bhuvanagiri,697,Ramannapet,4632,Laxma Pur,లక్ష్మ పుర్,transliterated,576848,508113,,
Telangana,Nirmal,680,Laxmanchanda,4345,Laxmanchanda,లక్ష్మణచంద,transliterated,570380,504106,,
Telangana,Nizamabad,516,Nizamabad Rural,6233,Laxmapur,లక్ష్మాపూర్,transliterated,570923,503206,,
Telangana,Nizamabad,516,Chandur,6669,Laxmapur,లక్ష్మాపూర్,transliterated,571204,503206,,
Telangana,Kamareddy,685,Yellareddy,4386,Laxmapur,లక్ష్మాపూర్,transliterated,571449,503122,,
Telangana,Nagarkurnool,694,Uppununthala,4580,Laxmapur (Pattigodal),లక్స్మపూర్ (పత్తిగొదల్),transliterated,575669,509376,,
Telangana,Nagarkurnool,694,Nagarkurnool,4583,Laxmapuram,లక్ష్మాపురం,authoritative,575732,509385,,
Telangana,Bhadradri Kothagudem,690,Dummugudem,4729,Laxmi Narasimharao Peta,లక్ష్మీ నరసింహరావు పెటా,transliterated,578941,507137,,
Telangana,Yadadri Bhuvanagiri,697,Bibinagar,4629,Laxmidevigudem,లక్ష్మీదేవిగూడెం,transliterated,909743,508126,,
Telangana,Kamareddy,685,Bhiknoor,4391,Laxmidevipalle,లక్ష్మీదేవిపల్లె,transliterated,571572,503101,,
Telangana,Jagitial,681,Sarangapur,4396,Laxmidevipalle,లక్ష్మీదేవిపల్లె,transliterated,571686,505529,,
Telangana,Bhadradri Kothagudem,690,Laxmidevipalli,6266,Laxmidevipally,లక్ష్మీదేవిపల్లి,authoritative,579388,507101,,
Telangana,Khammam,509,Tirumalayapalem,4754,Laxmidevipally,లక్ష్మీదేవిపల్లి,authoritative,579613,507161,,
Telangana,Mancherial,684,Dandepally,4348,Laxmikantapur,లక్ష్మీకాంతాపూర్,transliterated,570472,504206,,
Telangana,Bhadradri Kothagudem,690,Dummugudem,4729,Laxminagaram,లక్ష్మీనగరం,transliterated,578965,507137,,
Telangana,Mahabubnagar,512,Devarakadra,4573,Laxmipalle,లక్స్మిపల్లె,transliterated,575527,509380,,
Telangana,Nagarkurnool,694,Balmoor,4597,Laxmipally,లక్ష్మీపల్లి,transliterated,909660,509401,,
Telangana,Kumuram Bheem Asifabad,699,Sirpur (T),4315,Laxmipur,లక్ష్మీపూర్,transliterated,569345,504299,,
Telangana,Mancherial,684,Bheemini,4328,Laxmipur,లక్ష్మీపూర్,transliterated,569811,504273,,
Telangana,Nirmal,680,Kaddam Peddur,4335,Laxmipur,లక్ష్మీపూర్,transliterated,570044,504202,,
Telangana,Mancherial,684,Luxettipet,4353,Laxmipur,లక్స్మిపూర్,transliterated,570586,504207,,
Telangana,Jagitial,681,Mallapur,4394,Laxmipur,లక్ష్మీపూర్,transliterated,571638,505327,,
Telangana,Jayashankar Bhupalapally,687,Mahadevpur,4403,Laxmipur,లక్ష్మీపూర్,transliterated,571873,505503,,
Telangana,Jagitial,681,Gollapalli,4412,Laxmipur,లక్ష్మీపూర్,transliterated,572187,505532,,
Telangana,Karimnagar,508,Ramadugu,4423,Laxmipur,లక్ష్మీపూర్,transliterated,572224,505531,,
Telangana,Warangal,522,Duggondi,4693,Laxmipur,లక్ష్మీపూర్,transliterated,578105,506333,,
Telangana,Mahabubabad,688,Mahabubabad,4718,Laxmipur,లక్స్మిపూర్,transliterated,578595,506102,,
Telangana,Narayanpet,721,Narayanpet,4570,Laxmipur,లక్స్మిపూర్,transliterated,909609,509407,,
Telangana,Warangal,522,Warangal,4706,Laxmipur,లక్ష్మీపూర్,transliterated,923546,506002,,
Telangana,Jagitial,681,Jagitial Rural,6211,Laxmipuram,లక్ష్మిపురం,authoritative,572079,505529,,
Telangana,Rajanna Sircilla,683,Gambhiraopet,4433,Laxmipuram,లక్ష్మిపురం,authoritative,572417,505304,,
Telangana,Hanumakonda,686,Parkal,4679,Laxmipuram,లక్ష్మిపురం,authoritative,577751,506366,,
Telangana,Khammam,509,Kalluru,4763,Laxmipuram,లక్ష్మిపురం,authoritative,579801,507209,,
Telangana,Khammam,509,Bonakal,4765,Laxmipuram,లక్ష్మిపురం,authoritative,579831,507204,,
Telangana,Mulugu,720,Tadvai,4687,Laxmipuram (P.A).,లక్ష్మీపురం (ప్.అ).,transliterated,577973,506347,,
Telangana,Nirmal,680,Kaddam Peddur,4335,Laxmisagar,లక్ష్మీసాగర్,transliterated,570061,504202,,
Telangana,Jagitial,681,Pegadapalli,4421,Legalamarri,లెగలమర్రి,transliterated,572189,505532,,
Telangana,Adilabad,501,Bhoraj,7529,Lekarwadi,లేకర్వాడి,transliterated,569038,504309,,
Telangana,Ranga Reddy,518,Keshampet,4561,Lemamidi,లెమమిది,transliterated,575244,509408,,
Telangana,Ranga Reddy,518,Kandukur,4545,Lemoor,లెమూర్,transliterated,574807,501359,,
Telangana,Mancherial,684,Mandamarri,4352,Lemur,లెమూర్,transliterated,570568,504231,,
Telangana,Kumuram Bheem Asifabad,699,Jainoor,4320,Lendiguda,లెండిగూడ,transliterated,569548,504313,,
Telangana,Jayashankar Bhupalapally,687,Palimela,6250,Lenkalagadda,లెంకలగడ్డ,transliterated,571881,505504,,
Telangana,Warangal,522,Nallabelli,4692,Lenkalpalle,లెంకల్పల్లె,transliterated,578098,506350,,
Telangana,Warangal,522,Wardhannapet,4704,Liabarthy,లయాబర్తి,transliterated,578320,506313,,
Telangana,Nirmal,680,Kuntala,4337,Limba (Buzurg),లింబ (బుజుర్గ్),transliterated,570101,504109,,
Telangana,Nirmal,680,Kuntala,4337,Limba (Khurd),లింబ (ఖుర్ద్),transliterated,570115,504109,,
Telangana,Kamareddy,685,Dongli,7525,Limboor,లింబూర్,transliterated,571053,503309,,
Telangana,Nirmal,680,Bhainsa,4339,Linga,లింగ,transliterated,570170,504103,,
Telangana,Khammam,509,Konijerla,4761,Linga Gudem,లింగ గుడెం,transliterated,579758,507305,,
Telangana,Suryapet,696,Huzurnagar,4669,Lingagiri,లింగగిరి,transliterated,577576,508204,,
Telangana,Warangal,522,Chennaraopet,4712,Lingagiri,లింగగిరి,transliterated,578490,506112,,
Telangana,Mahabubabad,688,Bayyaram,4742,Lingagiri,లింగగిరి,transliterated,579431,507211,,
Telangana,Suryapet,696,Huzurnagar,4669,Lingagiri,లింగగిరి,transliterated,910368,508204,,
Telangana,Bhadradri Kothagudem,690,Gundala,4741,Lingagudem,లింగగూడెం,authoritative,579403,507123,,
Telangana,Khammam,509,Penuballi,4752,Lingagudem,లింగగూడెం,authoritative,579575,507302,,
Telangana,Mahabubnagar,512,Mohammadabad,7187,Lingaipalle,లింగైపల్లె,transliterated,574592,509339,,
Telangana,Mancherial,684,Kannepally,6229,Lingala,లింగాల,authoritative,569887,504219,,
Telangana,Peddapalli,682,Kamanpur,4400,Lingala,లింగాల,authoritative,571761,505188,,
Telangana,Suryapet,696,Penpahad,4643,Lingala,లింగాల,authoritative,577035,508201,,
Telangana,Jayashankar Bhupalapally,687,Regonda,4690,Lingala,లింగాల,authoritative,578062,506348,,
Telangana,Khammam,509,Kamepalli,4745,Lingala,లింగాల,authoritative,579467,507122,,
Telangana,Bhadradri Kothagudem,690,Cherla,4726,Lingala (G),లింగాల (గ్),transliterated,578897,507133,,
Telangana,Bhadradri Kothagudem,690,Cherla,4726,Lingala (Z),లింగాల (జ్),transliterated,578896,507133,,
Telangana,Jangoan,689,Lingalaghanpur,4700,Lingalaghanpur,లింగాలఘన్పూర్,authoritative,578249,506201,,
Telangana,Narayanpet,721,Kothapally (15),7537,Lingalched,లింగాల్చ్డ్,transliterated,575051,509371,,
Telangana,Mahabubnagar,512,Koilkonda,4569,Lingalched,లింగాల్చ్డ్,transliterated,575410,509371,,
Telangana,Suryapet,696,Nuthanakal,4621,Lingam Palle,లింగం పల్లె,transliterated,576622,508221,,
Telangana,Ranga Reddy,518,Keshampet,4561,Lingamdana,లింగందన,transliterated,575247,509408,,
Telangana,Nirmal,680,Dilawarpur,4343,Lingampalle,లింగంపల్లె,authoritative,570325,504306,,
Telangana,Mancherial,684,Chennur,4356,Lingampalle,లింగంపల్లె,authoritative,570663,504204,,
Telangana,Nizamabad,516,Rudrur,6240,Lingampalle,లింగంపల్లె,authoritative,571019,503188,,
Telangana,Kamareddy,685,Sadashivanagar,4381,Lingampalle,లింగంపల్లె,authoritative,571316,503145,,
Telangana,Medak,513,Regode,4471,Lingampalle,లింగంపల్లె,authoritative,573255,502290,,
Telangana,Sangareddy,691,Munipally,4477,Lingampalle,లింగంపల్లె,authoritative,573459,502345,,
Telangana,Sangareddy,691,Chowtakur,7188,Lingampalle,లింగంపల్లె,authoritative,573491,502273,,
Telangana,Vikarabad,698,Nawabpet,4514,Lingampalle,లింగంపల్లె,authoritative,574032,501111,,
Telangana,Vikarabad,698,Chowdapur,7186,Lingampalle,లింగంపల్లె,authoritative,574604,509350,,
Telangana,Ranga Reddy,518,Manchal,4547,Lingampalle,లింగంపల్లె,authoritative,574858,501508,,
Telangana,Vikarabad,698,Bomaraspeta,4550,Lingampalle,లింగంపల్లె,authoritative,574929,509350,,
Telangana,Jangoan,689,Bachannapet,4674,Lingampalle,లింగంపల్లె,authoritative,577650,506223,,
Telangana,Kamareddy,685,Nagireddypet,4387,Lingampalle (Kalan),లింగంపల్లె (కలన్),transliterated,571489,503108,,
Telangana,Kamareddy,685,Lingampet,4388,Lingampalle (Khurd),లింగంపల్లె (ఖుర్ద్),transliterated,571504,503124,,
Telangana,Rajanna Sircilla,683,Vemulawada Rural,6218,Lingampalli,లింగంపల్లి,transliterated,572357,505403,,
Telangana,Jangoan,689,Chilpur,6259,Lingampalli,లింగంపల్లి,transliterated,577688,506145,,
Telangana,Kamareddy,685,Pedda Kodapgal,6245,Lingampally,లింగంపల్లి,transliterated,571119,503305,,
Telangana,Kamareddy,685,Lingampet,4388,Lingampet,లింగంపెత్,transliterated,571512,503124,,
Telangana,Rajanna Sircilla,683,Chandurthi,4419,Lingampet,లింగంపేట,transliterated,572165,505307,,
Telangana,Siddipet,692,Thoguta,4463,Lingampet,లింగంపేట,transliterated,573076,502372,,
Telangana,Jagitial,681,Bheemaram (20),7541,Lingampeta,లింగంపేట,transliterated,572108,505306,,
Telangana,Jogulamba Gadwal,695,Alampur,4612,Linganavai,లింగనవై,transliterated,576443,509153,,
Telangana,Khammam,509,Wyra,4764,Lingannapalem,లింగన్నపాలెం,transliterated,579829,507165,,
Telangana,Mancherial,684,Kotapally,4351,Lingannapet,లింగన్నపెత్,transliterated,570544,504201,,
Telangana,Rajanna Sircilla,683,Gambhiraopet,4433,Lingannapet,లింగన్నపేట,transliterated,572428,505304,,
Telangana,Vikarabad,698,Doma,4537,Linganpalle,లింగన్పల్లె,transliterated,574551,501502,,
Telangana,Jogulamba Gadwal,695,Ghattu,4605,Lingapoor,లింగాపూర్,transliterated,909681,509129,,
Telangana,Adilabad,501,Gudihatnoor,4310,Lingapur,లింగాపూర్,transliterated,569153,504308,,
Telangana,Adilabad,501,Ichoda,4322,Lingapur,లింగాపూర్,transliterated,569630,504307,,
Telangana,Kumuram Bheem Asifabad,699,Lingapur,6311,Lingapur,లింగాపూర్,transliterated,569775,504313,,
Telangana,Mancherial,684,Kannepally,6229,Lingapur,లింగాపూర్,transliterated,569824,504219,,
Telangana,Nirmal,680,Mamada,4346,Lingapur,లింగాపూర్,transliterated,570404,504202,,
Telangana,Nizamabad,516,Navipet,4358,Lingapur,లింగాపూర్,transliterated,570704,503245,,
Telangana,Nizamabad,516,Kotagiri,4371,Lingapur,లింగాపూర్,transliterated,571041,503207,,
Telangana,Kamareddy,685,Bichkunda,4374,Lingapur,లింగాపూర్,transliterated,571146,503306,,
Telangana,Jagitial,681,Pegadapalli,4421,Lingapur,లింగపూర్,transliterated,572185,505532,,
Telangana,Karimnagar,508,Manakondur,4427,Lingapur,లింగాపూర్,transliterated,572283,505469,,
Telangana,Sangareddy,691,Narayankhed,4452,Lingapur,లింగాపూర్,transliterated,572799,502286,,
Telangana,Siddipet,692,Thoguta,4463,Lingapur,లింగాపూర్,transliterated,573078,502278,,
Telangana,Sangareddy,691,Hathnoora,4489,Lingapur,లింగపూర్,transliterated,573786,502314,,
Telangana,Peddapalli,682,Anthergaon,6214,Lingapur (Og),లింగపూర్ (ఒగ్),transliterated,571757,505208,,
Telangana,Kamareddy,685,Kamareddy,4390,Lingapur (R),లింగాపూర్ (ర్),transliterated,571554,503111,,
Telangana,Warangal,522,Chennaraopet,4712,Lingapuram,లింగాపురం,authoritative,578481,506332,,
Telangana,Bhadradri Kothagudem,690,Cherla,4726,Lingapuram(Z),లింగాపురం(జ్),transliterated,578859,507133,,
Telangana,Nizamabad,516,Bheemgal,4364,Lingapurchouth,లింగాపూర్చౌత్,transliterated,570852,503307,,
Telangana,Yadadri Bhuvanagiri,697,Atmakur (M),4626,Lingarajpally,లింగరాజపల్లి,transliterated,576717,508112,,
Telangana,Yadadri Bhuvanagiri,697,Valigonda,4627,Lingarajpally,లింగరాజపల్లి,transliterated,909727,508112,,
Telangana,Mahabubnagar,512,Balanagar,4557,Lingaram,లింగారాం,transliterated,575119,509202,,
Telangana,Medak,513,Chilpched,6274,Lingaraoguda,లింగరఒగూడ,transliterated,573535,502314,,
Telangana,Ranga Reddy,518,Thalakondapally,4562,Lingarapalle,లింగారపల్లె,transliterated,575249,509408,,
Telangana,Siddipet,692,Raipole,6283,Lingareddipalle,లింగారెడ్డిపల్లి,authoritative,573128,502278,,
Telangana,Narayanpet,721,Damargidda,4553,Lingareddipalle,లింగారెడ్డిపల్లి,authoritative,575017,509407,,
Telangana,Kamareddy,685,Yellareddy,4386,Lingareddipet,లింగరెద్దిపెత్,transliterated,571451,503122,,
Telangana,Ranga Reddy,518,Farooqnagar,4559,Lingareddy Guda,లింగారెడ్డి గుడ,transliterated,909567,509216,,
Telangana,Nagarkurnool,694,Kalwakurthy,4576,Lingasanipalle,లింగసనిపల్లె,transliterated,575591,509324,,
Telangana,Nagarkurnool,694,Bijinapally,4584,Lingasanipalle,లింగసానిపల్లె,transliterated,575752,509215,,
Telangana,Wanaparthy,693,Chinnambavi,6287,Lingasanipalle,లింగసానిపల్లె,transliterated,576344,509215,,
Telangana,Kamareddy,685,Kamareddy,4390,Lingayapalle,లింగయపల్లె,transliterated,571561,503110,,
Telangana,Adilabad,501,Talamadugu,4309,Lingi,లింగి,transliterated,569124,504312,,
Telangana,Nirmal,680,Kubeer,4338,Lingi,లింగి,transliterated,570158,504103,,
Telangana,Kumuram Bheem Asifabad,699,Tiryani,4333,Lingiguda,లింగిగూడ,transliterated,569974,504294,,
Telangana,Medak,513,Shivampet,4487,Lingojiguda,లింగొజిగూడ,transliterated,573722,502313,,
Telangana,Yadadri Bhuvanagiri,697,Choutuppal,4631,Lingojigudem,లింగోజిగూడెం,transliterated,576839,508252,,
Telangana,Kamareddy,685,Domakonda,4392,Lingupalle,లింగుపల్లె,transliterated,571586,503102,,
Telangana,Siddipet,692,Mirdoddi,4464,Lingupalle,లింగుపల్లె,transliterated,573091,502102,,
Telangana,Kumuram Bheem Asifabad,699,Sirpur (T),4315,Loanvelly,లోన్వెల్లీ,transliterated,569348,504299,,
Telangana,Nirmal,680,Soan,6209,Local Velmel,లొచల్ వెల్మెల్,transliterated,570334,504105,,
Telangana,Kumuram Bheem Asifabad,699,Lingapur,6311,Loddiguda,లొద్దిగూడ,transliterated,569969,504297,,
Telangana,Kumuram Bheem Asifabad,699,Dahegoan,4329,Loha,లోహా,transliterated,569876,504219,,
Telangana,Adilabad,501,Adilabad Rural,6221,Lohara,లోహారా,transliterated,569011,504346,,
Telangana,Nirmal,680,Lokeswaram,4342,Lohesra,లోహెస్రా,transliterated,570290,504104,,
Telangana,Warangal,522,Sangem,4705,Lohitha,లోహిత,transliterated,578328,506310,,
Telangana,Peddapalli,682,Eligaid,4410,Lokapeta,లోకపేట,transliterated,572006,505525,,
Telangana,Khammam,509,Kalluru,4763,Lokaram,లోకారం,transliterated,579800,507209,,
Telangana,Adilabad,501,Adilabad Rural,6221,Lokari,లోకరి,transliterated,569000,504002,,
Telangana,Adilabad,501,Gadiguda,6225,Lokari (B),లోకరి (బ్),transliterated,569230,504311,,
Telangana,Adilabad,501,Neradigonda,4325,Lokhampur,లోఖంపూర్,transliterated,569726,504323,,
Telangana,Narayanpet,721,Damargidda,4553,Lokurthy,లోకుర్తి,transliterated,575005,509407,,
Telangana,Nirmal,680,Nirmal U,4344,Lolam,లోలం,transliterated,570365,504105,,
Telangana,Nizamabad,516,Indalwai,6236,Lolam,లొలమ్,transliterated,571247,503164,,
Telangana,Kamareddy,685,Jukkal,4373,Longaon,లోంగాన్,transliterated,571097,503305,,
Telangana,Sangareddy,691,Munipally,4477,Lonikalan,లోనికలన్,transliterated,916333,502345,,
Telangana,Sangareddy,691,Munipally,4477,Lonikalan Lonikurd,లోనికలన్ లోనికుర్ద్,transliterated,916339,502345,,
Telangana,Peddapalli,682,Ramagiri,6216,Lonkakesaram,లొంకకెసరమ్,transliterated,571771,505212,,
Telangana,Nirmal,680,Mamada,4346,Lonkapad,లొంకపాడ్,transliterated,570406,504310,,
Telangana,Yadadri Bhuvanagiri,697,Valigonda,4627,Lothukunta,లోతుకుంటా,transliterated,576744,508112,,
Telangana,Jagitial,681,Gollapalli,4412,Lothunur,లొథునుర్,transliterated,572038,505425,,
Telangana,Ranga Reddy,518,Manchal,4547,Loyapalle,లోయపల్లె,transliterated,574877,501508,,
Telangana,Adilabad,501,Utnoor,4321,Luxettipet,లక్సెట్టిపేట్,transliterated,569578,504346,,
Telangana,Mancherial,684,Luxettipet,4353,Luxettipet (Ct),లక్సెట్టిపేట్ (సీటీ),transliterated,570590,504215,,
Telangana,Yadadri Bhuvanagiri,697,Bibinagar,4629,M.Anantharam,మ్.అనంతరం,transliterated,576789,508126,,
Telangana,Bhadradri Kothagudem,690,Cherla,4726,M.Puliboinapalli (Z),మ్.పులిబోయినపల్లి (జ్),transliterated,578855,507133,,
Telangana,Khammam,509,Khammam (Rural),4756,M.Venkatayapalem,మ్.వెంకటాయపాలెం,transliterated,579657,507003,,
Telangana,Medchal Malkajgiri,700,Alwal,6328,Macha Bollaram,మాచా బొల్లారం,transliterated,931494,500010,,
Telangana,Hyderabad,507,Tirumalgiri,4499,Machabolaram,మాచబోలారం,transliterated,927763,500010,,
Telangana,Suryapet,696,Nuthanakal,4621,Machan Palle,మచాన్ పల్లె,transliterated,576623,508221,,
Telangana,Vikarabad,698,Tandur,4534,Machanoor,మచ్చనూర్,transliterated,574466,501141,,
Telangana,Siddipet,692,Doultabad,4465,Machanpalle,మచ్చన్పల్లె,transliterated,573114,502247,,
Telangana,Vikarabad,698,Vikarabad,4530,Machanpalle,మచ్చన్పల్లె,transliterated,574332,501101,,
Telangana,Ranga Reddy,518,Shabad,4542,Machanpalle,మచ్చన్పల్లె,transliterated,574709,509410,,
Telangana,Vikarabad,698,Dudyal,7540,Machanpalle,మచ్చన్పల్లె,transliterated,574931,501101,,
Telangana,Yadadri Bhuvanagiri,697,Bommalaramaram,4613,Machanpally,మాచన్పల్లి,transliterated,909950,508117,,
Telangana,Mahabubnagar,512,Mahabubnagar Urban,4568,Machanpally Thanda,మాచన్పల్లి తండ,transliterated,909603,509002,,
Telangana,Adilabad,501,Gudihatnoor,4310,Machapur,మాచాపూర్,transliterated,569155,504308,,
Telangana,Nirmal,680,Laxmanchanda,4345,Machapur,మాచాపూర్,transliterated,570390,504310,,
Telangana,Nizamabad,516,Bodhan,4370,Machapur,మాచాపూర్,transliterated,570987,503185,,
Telangana,Kamareddy,685,Yellareddy,4386,Machapur,మాచాపూర్,transliterated,571470,503122,,
Telangana,Jagitial,681,Medipalli,4415,Machapur,మచపూర్,transliterated,572099,505453,,
Telangana,Siddipet,692,Siddipet Rural,6281,Machapur [Patti Dubbak],మాచాపూర్ [పట్టి దుబ్బక్],transliterated,572977,502108,,
Telangana,Mahabubnagar,512,Balanagar,4557,Macharam,మాచారం,transliterated,575101,509202,,
Telangana,Mahabubnagar,512,Jadcherla,4567,Macharam,మచరమ్,transliterated,575371,509302,,
Telangana,Nagarkurnool,694,Amrabad,4578,Macharam,మాచారం,transliterated,575619,509201,,
Telangana,Suryapet,696,Penpahad,4643,Macharam,మాచారం,transliterated,577028,508214,,
Telangana,Kamareddy,685,Machareddy,4380,Machareddy,మాచారెడ్డి,transliterated,571285,503112,,
Telangana,Suryapet,696,Huzurnagar,4669,Machavaram,మాచవరం (కొడూరు),authoritative,577574,508204,,
Telangana,Mulugu,720,Govindaraopet,4688,Machchapur,మచ్చాపూర్,transliterated,578022,506344,,
Telangana,Sangareddy,691,Kondapur,4491,Machepalle,మాచేపల్లె,transliterated,573858,502306,,
Telangana,Nizamabad,516,Aloor,7528,Macherla,మాచెర్ల,authoritative,570760,503223,,
Telangana,Sangareddy,691,Hathnoora,4489,Macherla,మాచెర్ల,authoritative,573800,502296,,
Telangana,Jogulamba Gadwal,695,Ghattu,4605,Macherla,మాచెర్ల,authoritative,576273,509129,,
Telangana,Mahabubabad,688,Gudur,4711,Macherla,మాచెర్ల,authoritative,578466,506134,,
Telangana,Nagarkurnool,694,Kollapur,4609,Machinenipalle,మచినెనిపల్లె,transliterated,576351,509102,,
Telangana,Bhadradri Kothagudem,690,Julurpadu,4746,Machinenipeta,మాచినేనిపేట,transliterated,579480,507120,,
Telangana,Sangareddy,691,Sadasivpet,4490,Machireddipalle,మాచిరెడ్డిపల్లె,transliterated,573822,502291,,
Telangana,Nirmal,680,Mudhole,4341,Machkal,మచ్కల్,transliterated,570234,504102,,
Telangana,Sangareddy,691,Jharasangam,4476,Machnoor,మచ్నూర్,transliterated,573429,502246,,
Telangana,Sangareddy,691,Kohir,4475,Machreddipalle,మచ్రెద్దిపల్లె,transliterated,573389,502210,,
Telangana,Jangoan,689,Narmetta,4675,Machupahad,మచ్చుపహాడ్,transliterated,577685,506244,,
Telangana,Mahabubabad,688,Gangaram,6253,Madaguda,మడగూడ,transliterated,578446,506135,,
Telangana,Peddapalli,682,Odela,4426,Madaka,మాదక,authoritative,572277,505152,,
Telangana,Vikarabad,698,Peddemul,4533,Madananthapur,మదనంతపూర్,transliterated,574437,501142,,
Telangana,Mulugu,720,Mulug,4689,Madanapalle,మదనపల్లె,authoritative,578041,506343,,
Telangana,Mahabubabad,688,Gudur,4711,Madanapur,మదనాపూర్,transliterated,578454,506134,,
Telangana,Mahabubabad,688,Nellikudur,4716,Madanathurthy,మదనాథుర్తి,transliterated,578565,506368,,
Telangana,Hyderabad,507,Saidabad,4511,Madannapet,మాదన్నపేట,transliterated,927795,500059,,
Telangana,Hanumakonda,686,Kamalapur,4447,Madannapeta,మదన్నపేట,transliterated,572669,505102,,
Telangana,Nizamabad,516,Makloor,4367,Madanpalle,మదన్పల్లె,transliterated,570920,503003,,
Telangana,Ranga Reddy,518,Shamshabad,4543,Madanpalle,మదన్పల్లె,transliterated,574743,509325,,
Telangana,Vikarabad,698,Bomaraspeta,4550,Madanpalle,మదన్పల్లె,transliterated,574925,509338,,
Telangana,Medak,513,Narsapur,4488,Madapur,మాదపూరు,authoritative,573777,502313,,
Telangana,Nagarkurnool,694,Lingal,4598,Madapur,మాదపూరు,authoritative,576109,509401,,
Telangana,Nalgonda,514,Shaligouraram,4624,Madaram Kalan,మదరమ్ కలన్,transliterated,576677,508210,,
Telangana,Jayashankar Bhupalapally,687,Regonda,4690,Madathapalle,మడతపల్లె,transliterated,578056,506348,,
Telangana,Jogulamba Gadwal,695,Maldakal,4604,Maddelabanda,మద్దెలబండ,authoritative,576239,509132,,
Telangana,Kamareddy,685,Pitlam,4384,Maddelchervu,మద్దెల్చెర్వు,transliterated,571390,503187,,
Telangana,Nizamabad,516,Navipet,4358,Maddepalle,మద్దెపల్లె,transliterated,570711,503245,,
Telangana,Mahabubabad,688,Garla,4743,Maddi Vancha,మద్ది వంచ,transliterated,579442,507210,,
Telangana,Wanaparthy,693,Peddamandadi,4594,Maddigatla,మడ్డిగట్ల,transliterated,576035,509382,,
Telangana,Bhadradri Kothagudem,690,Aswaraopeta,4749,Maddikonda,మద్దికొండ,transliterated,579534,507306,,
Telangana,Mancherial,684,Jaipur,4355,Maddikunta,మద్దికుంట,transliterated,570630,504216,,
Telangana,Kamareddy,685,Ramareddy,6243,Maddikunta,మద్దికుంట,transliterated,571277,503144,,
Telangana,Karimnagar,508,Manakondur,4427,Maddikunta,మద్దికుంట,transliterated,572288,505505,,
Telangana,Rajanna Sircilla,683,Mustabad,4434,Maddikunta,మద్దికుంట,transliterated,572442,505404,,
Telangana,Nagarkurnool,694,Padara,6294,Maddimadugu,మద్దిమడుగు,authoritative,575628,509201,,
Telangana,Rajanna Sircilla,683,Veernapalli,6220,Maddimalla,మద్దిమల్ల,transliterated,572394,505305,,
Telangana,Nirmal,680,Kaddam Peddur,4335,Maddipadga,మద్దిపడ్గా,transliterated,570060,504202,,
Telangana,Suryapet,696,Maddirala,6300,Maddirala,మద్దిరల,transliterated,576604,508280,,
Telangana,Peddapalli,682,Anthergaon,6214,Maddiriyala,మద్దిరియల,transliterated,571738,505514,,
Telangana,Bhadradri Kothagudem,690,Chandrugonda,4747,Maddukuru,మద్దుకూరు,transliterated,579501,507171,,
Telangana,Mancherial,684,Vemanpally,4330,Maddulapalle,మద్దులపల్లె,transliterated,569889,504214,,
Telangana,Mancherial,684,Jaipur,4355,Maddulapalle,మద్దులపల్లె,transliterated,570641,504216,,
Telangana,Khammam,509,Kamepalli,4745,Maddulapally,మద్దులపల్లి,transliterated,579475,507122,,
Telangana,Khammam,509,Khammam (Rural),4756,Maddulapally,మద్దులపల్లి,transliterated,579668,507170,,
Telangana,Jagitial,681,Buggaram,6213,Maddunur,మద్దునుర్,transliterated,571709,505425,,
Telangana,Ranga Reddy,518,Shabad,4542,Maddur,మద్దూరు,authoritative,574704,509217,,
Telangana,Narayanpet,721,Maddur,4554,Maddur,మద్దూరు,authoritative,575034,509411,,
Telangana,Mahabubnagar,512,Chinnachintakunta,4587,Maddur,మద్దూరు,authoritative,575831,509110,,
Telangana,Jogulamba Gadwal,695,Manopad,4611,Maddur,మద్దూరు,authoritative,576408,509128,,
Telangana,Siddipet,692,Maddur,4673,Maddur,మద్దూరు,authoritative,577639,506367,,
Telangana,Jagitial,681,Mallial,4413,Maddutla,మద్దుత్ల,transliterated,572057,505452,,
Telangana,Sangareddy,691,Mogudampally,6278,Madgi,మద్గి,transliterated,573341,502221,,
Telangana,Ranga Reddy,518,Madgul,4564,Madgul,మడ్గుల్,transliterated,575298,509327,,
Telangana,Vikarabad,698,Vikarabad,4530,Madgul Chittempalle,మడ్గుల్ చిట్టెంపల్లె,transliterated,574338,501101,,
Telangana,Yadadri Bhuvanagiri,697,Thurkapally,4614,Madha Puram,మాధ పురం,transliterated,576489,508117,,
Telangana,Nalgonda,514,Chinthapally,4650,Madhanapuru,మధనపురు,transliterated,577166,508250,,
Telangana,Nizamabad,516,Makloor,4367,Madhapoor,మాధాపూర్,transliterated,909478,503213,,
Telangana,Adilabad,501,Ichoda,4322,Madhapur,మాధాపూర్,transliterated,569610,504307,,
Telangana,Adilabad,501,Neradigonda,4325,Madhapur,మాధాపూర్,transliterated,569720,504323,,
Telangana,Nirmal,680,Soan,6209,Madhapur,మాధాపూర్,transliterated,570368,504105,,
Telangana,Nizamabad,516,Jakranpally,4366,Madhapur,మాధాపూర్,transliterated,570891,503175,,
Telangana,Kamareddy,685,Jukkal,4373,Madhapur,మాధాపూర్,transliterated,571089,503309,,
Telangana,Jagitial,681,Korutla,4416,Madhapur,మాధాపూర్,transliterated,572118,505330,,
Telangana,Karimnagar,508,Ganneruvaram,6232,Madhapur,మాధాపూర్,transliterated,572496,505530,,
Telangana,Ranga Reddy,518,Kandukur,4545,Madhapur,మాధాపూర్,transliterated,574809,501506,,
Telangana,Nalgonda,514,Gudipally,7527,Madhapur,మాధాపూర్,transliterated,577368,508257,,
Telangana,Jangoan,689,Devaruppula,4701,Madhapuram,మధపురం,transliterated,578263,506302,,
Telangana,Khammam,509,Mudigonda,4758,Madhapuram,మాధాపురం,transliterated,579686,507170,,
Telangana,Jayashankar Bhupalapally,687,Mutharam Mahadevpur,4404,Madharam,మాదారం,authoritative,571902,505503,,
Telangana,Siddipet,692,Wargal,4485,Madharam,మాదారం,authoritative,573680,502334,,
Telangana,Sangareddy,691,Jinnaram,4493,Madharam,మాదారం,authoritative,573917,502319,,
Telangana,Vikarabad,698,Vikarabad,4530,Madharam,మాదారం,authoritative,574334,501101,,
Telangana,Vikarabad,698,Pargi,4540,Madharam,మాదారం,authoritative,574652,501501,,
Telangana,Mahabubnagar,512,Hanwada,4555,Madharam,మాదారం,authoritative,575061,509334,,
Telangana,Yadadri Bhuvanagiri,697,Bibinagar,4629,Madharam,మాదారం,authoritative,576800,508285,,
Telangana,Hanumakonda,686,Parkal,4679,Madharam,మాదారం,authoritative,577768,506164,,
Telangana,Jangoan,689,Ragunathpally,4698,Madharam,మాదారం,authoritative,578208,506244,,
Telangana,Khammam,509,Singareni,4744,Madharam,మాదారం,authoritative,579452,507122,,
Telangana,Bhadradri Kothagudem,690,Mulkalapally,4748,Madharam,మాదారం,authoritative,579508,507112,,
Telangana,Sangareddy,691,Narayankhed,4452,Madhavar,మధవర్,transliterated,572798,502286,,
Telangana,Suryapet,696,Munagala,4642,Madhavaram,మాధవరం,authoritative,577014,508214,,
Telangana,Wanaparthy,693,Pangal,4601,Madhavaraopalle,మాధవరావుపల్లె,transliterated,576173,509120,,
Telangana,Mahabubabad,688,Mahabubabad,4718,Madhavpuram,మధవ్పురం,transliterated,578599,506105,,
Telangana,Narayanpet,721,Makthal,4589,Madhawar,మాధవార్,transliterated,575868,509311,,
Telangana,Khammam,509,Madhira,4766,Madhira (Ct),మధిర (చ్త్),transliterated,579872,507203,,
Telangana,Warangal,522,Narsampet,4708,Madhira (D),మధిరా (డ్),transliterated,578362,506331,,
Telangana,Warangal,522,Duggondi,4693,Madhira Mandapalle,మధిరా మండపల్లె,transliterated,578117,506331,,
Telangana,Kamareddy,685,Gandhari,4382,Madholi,మధోలి,transliterated,571348,503187,,
Telangana,Sangareddy,691,Hathnoora,4489,Madhura,మధుర,transliterated,573790,502314,,
Telangana,Ranga Reddy,518,Farooqnagar,4559,Madhurapur,మధురాపూర్,transliterated,575210,509202,,
Telangana,Vikarabad,698,Bantwaram,4532,Madhvapur,మధ్వాపూర్,transliterated,574386,501106,,
Telangana,Hanumakonda,686,Khazipet,6247,Madikonda (Og),మాడికొండ (ఒగ్),transliterated,578159,506142,,
Telangana,Peddapalli,682,Srirampur,4407,Madipalle,మాదిపల్లి,authoritative,571960,505162,,
Telangana,Hanumakonda,686,Hasanparthy,4678,Madipalle,మాదిపల్లి,authoritative,577731,506371,,
Telangana,Karimnagar,508,Jammikunta,4440,Madipalli,మడిపల్లి,transliterated,572551,505122,,
Telangana,Nalgonda,514,Devarakonda,4653,Madmadka,మద్మడ్క,transliterated,577251,508248,,
Telangana,Kamareddy,685,Madnoor,4372,Madnur,మద్నుర్,transliterated,571065,503309,,
Telangana,Sangareddy,691,Kohir,4475,Madri,మాద్రి,transliterated,573378,502321,,
Telangana,Siddipet,692,Husnabad,4444,Madudha,మదుధ,transliterated,572607,505472,,
Telangana,Nalgonda,514,Madugulapally,6305,Madugula Palle,మదుగుల పల్లె,transliterated,577079,508234,,
Telangana,Mahabubabad,688,Kuravi,4721,Madugulagudem,మదుగులగూడెం,transliterated,578659,506105,,
Telangana,Khammam,509,Madhira,4766,Madupalle,మదుపల్లి,authoritative,579864,507203,,
Telangana,Medak,513,Shankarampet (R),4467,Madur,మాదూరు,authoritative,573166,502248,,
Telangana,Narayanpet,721,Maganoor,4590,Maganoor,మగనూర్,transliterated,575917,509208,,
Telangana,Nizamabad,516,Armoor,4360,Magdi,మగ్ది,transliterated,570763,503223,,
Telangana,Sangareddy,691,Manoor,4451,Magdumpur,మగ్దుంపూర్,transliterated,572771,502286,,
Telangana,Narayanpet,721,Utkoor,4571,Magdumpur,మగ్దుంపూర్,transliterated,909613,509311,,
Telangana,Jagitial,681,Dharmapuri,4397,Maggidi,మగ్గిది,transliterated,571691,505425,,
Telangana,Kamareddy,685,Nizamsagar,4385,Magi,మాగి,transliterated,571431,503302,,
Telangana,Mahabubabad,688,Mahabubabad,4718,Mahabubabad (Ct),మహబూబాబాద్ (సీటీ),transliterated,578603,506101,,
Telangana,Yadadri Bhuvanagiri,697,Yadagirigutta,4616,Mahabubpet,మెహబూబ్‌పేట్,authoritative,909956,508286,,
Telangana,Adilabad,501,Narnoor,4312,Mahadapur,మహదాపూర్,transliterated,569245,504311,,
Telangana,Sangareddy,691,Kalher,4453,Mahadev Palle,మహదెవ్ పల్లె,transliterated,572822,502371,,
Telangana,Bhadradri Kothagudem,690,Dummugudem,4729,Mahadevapuram,మహాదేవపురం,authoritative,578968,507137,,
Telangana,Nagarkurnool,694,Bijinapally,4584,Mahadevpeta,మహాదేవపేట,transliterated,575760,509203,,
Telangana,Ranga Reddy,518,Kondurg,4558,Mahadevpoor,మహాదేవపూర్,transliterated,575148,509410,,
Telangana,Jayashankar Bhupalapally,687,Mahadevpur,4403,Mahadevpur,మహాదేవ్‌పుర్,authoritative,571867,505504,,
Telangana,Nagarkurnool,694,Balmoor,4597,Mahadevpur,మహాదేవ్‌పుర్,authoritative,576085,509375,,
Telangana,Yadadri Bhuvanagiri,697,Bibinagar,4629,Mahadevpur,మహాదేవ్‌పుర్,authoritative,576780,508126,,
Telangana,Medchal Malkajgiri,700,Alwal,6328,Mahadevpur,మహాదేవ్‌పుర్,authoritative,931499,500010,,
Telangana,Mahabubabad,688,Gangaram,6253,Mahadevunigudem,మహాదేవునిగూడెం,transliterated,578421,506135,,
Telangana,Adilabad,501,Narnoor,4312,Mahagaon,మహాగాన్,transliterated,569247,504313,,
Telangana,Kumuram Bheem Asifabad,699,Wankidi,4314,Mahagaon,మహాగాన్,transliterated,569311,504295,,
Telangana,Kumuram Bheem Asifabad,699,Sirpur U,4326,Mahagaon,మహాగాన్,transliterated,569769,504313,,
Telangana,Nirmal,680,Bhainsa,4339,Mahagaon,మహాగాన్,transliterated,570174,504103,,
Telangana,Ranga Reddy,518,Shankarpalle,4515,Mahalingapuram,మహాలింగాపురం,transliterated,574042,501203,,
Telangana,Nirmal,680,Tanoor,4340,Mahalingi,మహలింగి,transliterated,570204,504103,,
Telangana,Kamareddy,685,Madnoor,4372,Mahalsapur,మహల్సాపూర్,transliterated,571052,503309,,
Telangana,Medak,513,Alladurg,4470,Mahammadapur,మహమ్మదాపూర్,transliterated,573223,502269,,
Telangana,Wanaparthy,693,Pangal,4601,Mahammadapur,మహమ్మదాపూర్,transliterated,576175,509120,,
Telangana,Warangal,522,Duggondi,4693,Mahammadapur,మహమ్మదాపూర్,transliterated,578111,506333,,
Telangana,Mahabubabad,688,Kesamudram,4717,Mahamoodpatnam,మహామూద్పట్నం,transliterated,578574,506112,,
Telangana,Nizamabad,516,Navipet,4358,Mahantham,మహంథమ్,transliterated,570722,503245,,
Telangana,Ranga Reddy,518,Shankarpalle,4515,Maharajpet,మహారాజపేట,transliterated,574065,501203,,
Telangana,Kamareddy,685,Dongli,7525,Mahdan Hipperga,మహ్దన్ హిప్పెర్గ,transliterated,571058,503309,,
Telangana,Ranga Reddy,518,Maheshwaram,4544,Maheswaram,మహేశ్వరం,transliterated,574781,501359,,
Telangana,Jagitial,681,Raikal,4395,Mahitapur,మహితాపూర్,transliterated,571659,505460,,
Telangana,Mulugu,720,Venkatapuram,4724,Mahitapuram (G),మహితాపురం (గ్),transliterated,578757,507136,,
Telangana,Peddapalli,682,Manthani,4401,Maidipalle,మైదిపల్లె,transliterated,571813,505184,,
Telangana,Peddapalli,682,Ramagundam,4399,Maidipalle,మైదిపల్లె,transliterated,956041,505208,,
Telangana,Jagitial,681,Metpalli,4417,Maidpalle (W),మైద్పల్లె (వ్),transliterated,571621,505327,,
Telangana,Sangareddy,691,Manoor,4451,Maikode,మైకోడ్,transliterated,572766,502286,,
Telangana,Nirmal,680,Basar,6205,Mailapur,మైలాపూర్,transliterated,570261,504101,,
Telangana,Nalgonda,514,Gurrampode,4657,Mailapur,మైలాపూర్,transliterated,577351,508256,,
Telangana,Kamareddy,685,Jukkal,4373,Mailar,మైలార్,transliterated,571118,503305,,
Telangana,Nizamabad,516,Dharpally,4378,Mailaram,మైలారం,transliterated,571240,503165,,
Telangana,Nizamabad,516,Sirikonda,4379,Mailaram,మైలారం,transliterated,571264,503165,,
Telangana,Karimnagar,508,Ganneruvaram,6232,Mailaram,మైలారం,transliterated,572495,505530,,
Telangana,Nagarkurnool,694,Kodair,4600,Mailaram,మైలారం,transliterated,576160,509102,,
Telangana,Yadadri Bhuvanagiri,697,Bommalaramaram,4613,Mailaram,మైలారం,transliterated,576473,508126,,
Telangana,Jangoan,689,Palakurthy,4697,Mailaram,మైలారం,transliterated,578197,506222,,
Telangana,Vikarabad,698,Basheerabad,4535,Mailwar,మైల్వార్,authoritative,574491,501143,,
Telangana,Kamareddy,685,Madnoor,4372,Mainur,మైనూర్,transliterated,571071,503309,,
Telangana,Nirmal,680,Kaddam Peddur,4335,Maisampet,మైసంపేట,transliterated,570041,504205,,
Telangana,Yadadri Bhuvanagiri,697,Bommalaramaram,4613,Maisi Reddy Palle,మైసి రెడ్డి పల్లె,transliterated,576471,508126,,
Telangana,Medchal Malkajgiri,700,Ghatkesar,4523,Majarguda,మాజరగూడ,transliterated,574158,501301,,
Telangana,Jayashankar Bhupalapally,687,Mahadevpur,4403,Majeedpalle,మజీద్పల్లె,transliterated,571858,505504,,
Telangana,Medak,513,Toopran,4482,Majeedpally (Dp),మజీద్పల్లి (ద్ప్),transliterated,912377,502334,,
Telangana,Medchal Malkajgiri,700,Shamirpet,4520,Majeedpur,మజీద్పూర్,transliterated,574121,500101,,
Telangana,Siddipet,692,Wargal,4485,Majidpalle,మాజిద్పల్లె,transliterated,573673,502334,,
Telangana,Nizamabad,516,Makloor,4367,Makloor,మక్లూర్,transliterated,570910,503213,,
Telangana,Adilabad,501,Jainath,4307,Makoda,మకోడా,transliterated,569061,504309,,
Telangana,Medak,513,Medak,4456,Makta Bhoopathipur,మక్త భూపతిపూర్,transliterated,572913,502117,,
Telangana,Medak,513,Shankarampet (A),4454,Maktha Lakshmapur,మక్త లక్ష్మాపూర్,transliterated,572859,502271,,
Telangana,Sangareddy,691,Kandi,6275,Makthaalloor,మక్తాల్లూర్,transliterated,573888,502285,,
Telangana,Sangareddy,691,Munipally,4477,Makthakyasaram,మక్తక్యసారం,transliterated,573441,502345,,
Telangana,Narayanpet,721,Makthal,4589,Makthal,మక్తల్,transliterated,575879,509208,,
Telangana,Ranga Reddy,518,Kadthal,6324,Makthamadharam,మక్తమాధరం,transliterated,575251,509408,,
Telangana,Mancherial,684,Dandepally,4348,Makulpet,మకుల్పెత్,transliterated,570463,504206,,
Telangana,Hanumakonda,686,Dharmasagar,4677,Malakpalli,మలక్పల్లి,transliterated,577728,506003,,
Telangana,Jangoan,689,Narmetta,4675,Malakpet,మలక్పెత్,transliterated,577684,506244,,
Telangana,Hanumakonda,686,Athmakur,4694,Malakpet,మలక్పెత్,transliterated,578129,506342,,
Telangana,Hyderabad,507,Amberpet,4502,Malakpet,మలక్పేట,transliterated,927776,500036,,
Telangana,Kumuram Bheem Asifabad,699,Asifabad,4319,Malan Gondi,మలన్ గొండి,transliterated,569520,504293,,
Telangana,Adilabad,501,Narnoor,4312,Malangi,మలంగి,transliterated,569256,504311,,
Telangana,Sangareddy,691,Sadasivpet,4490,Malapahad,మలపహాడ్,transliterated,573817,502291,,
Telangana,Sangareddy,691,Zahirabad,4474,Malchelma,మల్చెల్మ,transliterated,573372,502318,,
Telangana,Jogulamba Gadwal,695,Maldakal,4604,Maldakal,మల్దకల్,authoritative,576251,509132,,
Telangana,Adilabad,501,Adilabad Rural,6221,Maleborgaon,మాలెబోర్గాన్,transliterated,569003,504002,,
Telangana,Nirmal,680,Kubeer,4338,Malegaon,మాలెగాన్,transliterated,570162,504103,,
Telangana,Nirmal,680,Dilawarpur,4343,Malegaon,మాలెగాన్,transliterated,570307,504306,,
Telangana,Sangareddy,691,Nyalkal,4473,Malgi,మల్గి,transliterated,573314,502251,,
Telangana,Sangareddy,691,Nizampet (28),7535,Malharpoor,మల్హర్పూర్,transliterated,572837,502371,,
Telangana,Suryapet,696,Thirumalagiri,4619,Mali Puram,మాలి పురం,transliterated,576573,508223,,
Telangana,Ranga Reddy,518,Maheshwaram,4544,Malikdanguda,మాలిక్డంగూడా,transliterated,574793,501359,,
Telangana,Yadadri Bhuvanagiri,697,Bommalaramaram,4613,Maliyala,మలియాల,transliterated,576463,508126,,
Telangana,Yadadri Bhuvanagiri,697,Thurkapally,4614,Malka Puram,మల్కా పురం,transliterated,576486,508115,,
Telangana,Medchal Malkajgiri,700,Malkajgiri,4521,Malkajgiri,మల్కాజిగిరి,authoritative,923563,500047,,
Telangana,Hyderabad,507,Marredpally,4500,Malkajgiri,మల్కాజిగిరి,authoritative,927772,500047,,
Telangana,Adilabad,501,Neradigonda,4325,Malkalpahad,మల్కల్పహాడ్,transliterated,569714,504323,,
Telangana,Vikarabad,698,Basheerabad,4535,Malkangiri,మల్కాంగిరి,transliterated,574499,501143,,
Telangana,Sangareddy,691,Nyalkal,4473,Malkanpahad,మల్కన్పహాడ్,transliterated,573340,502249,,
Telangana,Ranga Reddy,518,Jilled Chowdergudem,6322,Malkapahad,మల్కపహాడ్,transliterated,575169,509207,,
Telangana,Rajanna Sircilla,683,Konaraopet,4431,Malkapet,మల్కాపేట,transliterated,572385,505301,,
Telangana,Nizamabad,516,Nizamabad Rural,6233,Malkapoor Thanda,మల్కాపూర్ తండ,transliterated,909480,503206,,
Telangana,Adilabad,501,Gudihatnoor,4310,Malkapur,మల్కాపుర్,authoritative,569151,504308,,
Telangana,Nirmal,680,Lokeswaram,4342,Malkapur,మల్కాపుర్,authoritative,570288,504104,,
Telangana,Nizamabad,516,Nizamabad Rural,6233,Malkapur,మల్కాపుర్,authoritative,570921,503186,,
Telangana,Nizamabad,516,Kotagiri,4371,Malkapur,మల్కాపుర్,authoritative,571030,503207,,
Telangana,Kamareddy,685,Bichkunda,4374,Malkapur,మల్కాపుర్,authoritative,571136,503306,,
Telangana,Kamareddy,685,Bibipet,6242,Malkapur,మల్కాపుర్,authoritative,571599,503125,,
Telangana,Karimnagar,508,Kothapally,6230,Malkapur,మల్కాపుర్,authoritative,572307,505451,,
Telangana,Rajanna Sircilla,683,Boinpalli,4429,Malkapur,మల్కాపుర్,authoritative,572332,505445,,
Telangana,Medak,513,Shankarampet (A),4454,Malkapur,మల్కాపుర్,authoritative,572854,502290,,
Telangana,Medak,513,Tekmal,4469,Malkapur,మల్కాపుర్,authoritative,573216,502270,,
Telangana,Sangareddy,691,Hathnoora,4489,Malkapur,మల్కాపుర్,authoritative,573802,502296,,
Telangana,Sangareddy,691,Kondapur,4491,Malkapur,మల్కాపుర్,authoritative,573850,502295,,
Telangana,Ranga Reddy,518,Chevella,4529,Malkapur,మల్కాపుర్,authoritative,574310,501503,,
Telangana,Vikarabad,698,Tandur,4534,Malkapur,మల్కాపుర్,authoritative,574440,501158,,
Telangana,Vikarabad,698,Chowdapur,7186,Malkapur,మల్కాపుర్,authoritative,574620,509340,,
Telangana,Yadadri Bhuvanagiri,697,Choutuppal,4631,Malkapur,మల్కాపుర్,authoritative,576826,508252,,
Telangana,Jangoan,689,Chilpur,6259,Malkapur,మల్కాపుర్,authoritative,577689,506145,,
Telangana,Peddapalli,682,Ramagundam,4399,Malkapur,మల్కాపుర్,authoritative,956042,505208,,
Telangana,Nizamabad,516,Nizamabad Rural,6233,Malkapur (J),మల్కాపూర్ (జ్),transliterated,570943,503206,,
Telangana,Kamareddy,685,Bichkunda,4374,Malkapur (Kodapgalpatti),మల్కాపూర్ (కొడప్గల్పట్టి),transliterated,571154,503310,,
Telangana,Sangareddy,691,Mogudampally,6278,Malkapur [Jadi],మల్కాపూర్ [జాడి],transliterated,573371,502318,,
Telangana,Ranga Reddy,518,Shamshabad,4543,Malkaram,మల్కరమ్,transliterated,574723,501218,,
Telangana,Bhadradri Kothagudem,690,Dammapeta,4750,Malkaram,మల్కారం,transliterated,579545,507306,,
Telangana,Mancherial,684,Kasipet,4349,Malkepalle,మల్కేపల్లె,transliterated,570495,504231,,
Telangana,Wanaparthy,693,Ghanpur,4585,Malkimianpalle,మాల్కిమియన్పల్లె,transliterated,575773,509380,,
Telangana,Kamareddy,685,Yellareddy,4386,Mallaipalle,మల్లైపల్లె,transliterated,571462,503122,,
Telangana,Hanumakonda,686,Parkal,4679,Mallakpet,మల్లక్పెత్,transliterated,577754,506391,,
Telangana,Jayashankar Bhupalapally,687,Malharrao,4405,Mallampalle,మల్లంపల్లె,authoritative,571941,506169,,
Telangana,Jogulamba Gadwal,695,Ghattu,4605,Mallampalle,మల్లంపల్లె,authoritative,576277,509129,,
Telangana,Mulugu,720,Mallampally,7536,Mallampalle,మల్లంపల్లె,authoritative,578044,506349,,
Telangana,Warangal,522,Duggondi,4693,Mallampalle,మల్లంపల్లె,authoritative,578110,506333,,
Telangana,Jangoan,689,Palakurthy,4697,Mallampalle,మల్లంపల్లె,authoritative,578202,506317,,
Telangana,Mancherial,684,Kotapally,4351,Mallampet,మల్లంపేట,transliterated,570526,504214,,
Telangana,Medak,513,Papannapet,4455,Mallampet,మల్లంపేట,transliterated,572866,502303,,
Telangana,Mahabubnagar,512,Midjil,4566,Mallapoor,మల్లాపూర్,transliterated,909587,509357,,
Telangana,Adilabad,501,Adilabad Rural,6221,Mallapur,మల్లాపూర్,authoritative,568977,504346,,
Telangana,Adilabad,501,Inderavelly,4311,Mallapur,మల్లాపూర్,authoritative,569190,504307,,
Telangana,Nirmal,680,Dasturabad,6207,Mallapur,మల్లాపూర్,authoritative,570050,504202,,
Telangana,Nirmal,680,Dilawarpur,4343,Mallapur,మల్లాపూర్,authoritative,570330,504306,,
Telangana,Nirmal,680,Laxmanchanda,4345,Mallapur,మల్లాపూర్,authoritative,570389,504106,,
Telangana,Kamareddy,685,Dongli,7525,Mallapur,మల్లాపూర్,authoritative,571075,503309,,
Telangana,Kamareddy,685,Birkur,4375,Mallapur,మల్లాపూర్,authoritative,571164,503321,,
Telangana,Nizamabad,516,Indalwai,6236,Mallapur,మల్లాపూర్,authoritative,571238,503164,,
Telangana,Jagitial,681,Mallapur,4394,Mallapur,మల్లాపూర్,authoritative,571629,505331,,
Telangana,Peddapalli,682,Dharmaram,4411,Mallapur,మల్లాపూర్,authoritative,572029,505416,,
Telangana,Karimnagar,508,Gangadhara,4422,Mallapur,మల్లాపూర్,authoritative,572212,505445,,
Telangana,Rajanna Sircilla,683,Boinpalli,4429,Mallapur,మల్లాపూర్,authoritative,572345,505445,,
Telangana,Karimnagar,508,Thimmapur LMD,4438,Mallapur,మల్లాపూర్,authoritative,572523,505469,,
Telangana,Ranga Reddy,518,Kothur,4560,Mallapur,మల్లాపూర్,authoritative,575215,509325,,
Telangana,Yadadri Bhuvanagiri,697,Yadagirigutta,4616,Mallapur,మల్లాపూర్,authoritative,576516,508115,,
Telangana,Medchal Malkajgiri,700,Uppal,4524,Mallapur,మల్లాపూర్,authoritative,931514,500076,,
Telangana,Ranga Reddy,518,Saroornagar,4526,Mallapur (Og),మల్లాపూర్ (ఒగ్),transliterated,573959,500005,,
Telangana,Nalgonda,514,Pedda Adesherlapally,4658,Mallapuram,మల్లాపురం,authoritative,577376,508243,,
Telangana,Jogulamba Gadwal,695,Kaloor Thimmandoddi,6297,Mallapuram,మల్లాపురం,authoritative,909932,509129,,
Telangana,Mulugu,720,Venkatapuram,4724,Mallapuram (G),మల్లాపురం (గ్),transliterated,578768,507136,,
Telangana,Mulugu,720,Venkatapuram,4724,Mallapuram (Z),మల్లాపురం (జ్),transliterated,578769,507136,,
Telangana,Nizamabad,516,Nandipet,4359,Mallaram,మల్లారం,transliterated,570749,503212,,
Telangana,Nizamabad,516,Nizamabad Rural,6233,Mallaram,మల్లారం,transliterated,570941,503003,,
Telangana,Nizamabad,516,Varni,4376,Mallaram,మల్లారం,transliterated,571212,503201,,
Telangana,Peddapalli,682,Manthani,4401,Mallaram,మల్లరమ్,transliterated,571800,505184,,
Telangana,Jayashankar Bhupalapally,687,Kataram,4402,Mallaram,మల్లరమ్,transliterated,571820,505503,,
Telangana,Jayashankar Bhupalapally,687,Malharrao,4405,Mallaram,మల్లారం,transliterated,571930,505184,,
Telangana,Rajanna Sircilla,683,Vemulawada Rural,6218,Mallaram,మల్లారం,transliterated,572348,505403,,
Telangana,Hanumakonda,686,Bheemadevarpalli,4448,Mallaram,మల్లారం,transliterated,572682,505471,,
Telangana,Nalgonda,514,Kattangur,4635,Mallaram,మల్లారం,transliterated,576913,508205,,
Telangana,Bhadradri Kothagudem,690,Manuguru,4727,Mallaram,మల్లరమ్,transliterated,578918,507117,,
Telangana,Bhadradri Kothagudem,690,Dammapeta,4750,Mallaram,మల్లారం,transliterated,579555,507306,,
Telangana,Khammam,509,Mudigonda,4758,Mallaram,మల్లారం,transliterated,579708,507169,,
Telangana,Khammam,509,Thallada,4762,Mallaram,మల్లారం,transliterated,579766,507167,,
Telangana,Nizamabad,516,Varni,4376,Mallaram,మల్లారం,transliterated,909492,503201,,
Telangana,Hanumakonda,686,Hasanparthy,4678,Mallareddipalle,మల్లారెడ్డిపల్లె,transliterated,577740,506371,,
Telangana,Rajanna Sircilla,683,Gambhiraopet,4433,Mallareddipet,మల్లరెద్దిపెత్,transliterated,572419,505304,,
Telangana,Khammam,509,Madhira,4766,Mallavaram,మల్లవరం,authoritative,579849,507304,,
Telangana,Khammam,509,Khammam (Rural),4756,Mallemadugu,మల్లెమదుగు,transliterated,579655,507003,,
Telangana,Jogulamba Gadwal,695,Maldakal,4604,Mallemdoddi,మల్లెందొడ్డి,authoritative,576257,509132,,
Telangana,Nizamabad,516,Yedapally,4369,Mallepahad,మల్లెపహాడ్,transliterated,570966,503202,,
Telangana,Peddapalli,682,Manthani,4401,Mallepalle,మల్లేపల్లె,authoritative,571793,505184,,
Telangana,Sangareddy,691,Kondapur,4491,Mallepalle,మల్లేపల్లె,authoritative,573852,502295,,
Telangana,Vikarabad,698,Doma,4537,Mallepalle,మల్లేపల్లె,authoritative,574560,501502,,
Telangana,Narayanpet,721,Utkoor,4571,Mallepalle,మల్లేపల్లె,authoritative,575487,509311,,
Telangana,Hyderabad,507,Asif Nagar,4506,Mallepalli,మల్లేపల్లి,authoritative,927790,500001,,
Telangana,Khammam,509,Kusumanchi,4755,Mallepally,మల్లెపల్లి,transliterated,579645,507159,,
Telangana,Nagarkurnool,694,Pentlavelli,6292,Malleswaram,మల్లేశ్వరం,authoritative,576370,509105,,
Telangana,Peddapalli,682,Srirampur,4407,Mallial,మల్లియల్,transliterated,571974,505153,,
Telangana,Jagitial,681,Mallial,4413,Mallial,మల్లియల్,transliterated,572061,505452,,
Telangana,Rajanna Sircilla,683,Chandurthi,4419,Mallial,మల్లియల్,transliterated,572159,505307,,
Telangana,Karimnagar,508,Ellandakunta,6234,Mallial,మల్లిఅల్,transliterated,572553,505122,,
Telangana,Mahabubabad,688,Mahabubabad,4718,Mallial,మల్లియల్,transliterated,578598,506102,,
Telangana,Peddapalli,682,Ramagundam,4399,Mallialpalle,మల్లియాల్పల్లె,transliterated,956043,505208,,
Telangana,Mancherial,684,Bheemini,4328,Mallidi,మల్లిది,transliterated,569822,504273,,
Telangana,Ranga Reddy,518,Manchal,4547,Mallikarjunaguda,మల్లికార్జునగూడ,transliterated,574855,501508,,
Telangana,Vikarabad,698,Marpalle,4512,Mallikarjungiri,మల్లికార్జుంగిరి,transliterated,573974,502345,,
Telangana,Sangareddy,691,Munipally,4477,Mallikarjunpalle,మల్లికార్జున్పల్లె,transliterated,573449,502345,,
Telangana,Hanumakonda,686,Velair,6252,Mallikudurla,మల్లికుడుర్ల,authoritative,577715,506151,,
Telangana,Kamareddy,685,Bhiknoor,4391,Mallupalle,మల్లుపల్లె,transliterated,571578,503101,,
Telangana,Siddipet,692,Mirdoddi,4464,Mallupalle,మల్లుపల్లె,transliterated,573092,502102,,
Telangana,Khammam,509,Konijerla,4761,Mallupally,మల్లుపల్లి,transliterated,579753,507305,,
Telangana,Kamareddy,685,Sadashivanagar,4381,Mallupet,మల్లుపేట,transliterated,909508,503145,,
Telangana,Kamareddy,685,Nizamsagar,4385,Mallur,మల్లూరు,authoritative,571433,503302,,
Telangana,Kumuram Bheem Asifabad,699,Kagaznagar,4318,Malni,మల్ని,transliterated,569442,504296,,
Telangana,Narayanpet,721,Kosgi,4551,Malreddypally,మాల్రెడ్డిపల్లి,transliterated,909547,509339,,
Telangana,Kamareddy,685,Nagireddypet,4387,Malthummeda,మాల్తుమ్మెద,transliterated,571493,503108,,
Telangana,Adilabad,501,Ichoda,4322,Malyal,మల్యాల్,transliterated,569618,504307,,
Telangana,Mancherial,684,Jannaram,4334,Malyal,మల్యాల్,transliterated,570031,504205,,
Telangana,Siddipet,692,Narayanaraopet,6670,Malyal,మల్యల్,transliterated,573000,502276,,
Telangana,Mahabubabad,688,Gangaram,6253,Mamadigudem,మమదిగూడెం,transliterated,578418,506135,,
Telangana,Bhadradri Kothagudem,690,Gundala,4741,Mamakannu,మామకన్ను,transliterated,579414,507123,,
Telangana,Nirmal,680,Nirmal Rural,6210,Mambapur,మాంబాపూర్,transliterated,570341,504106,,
Telangana,Sangareddy,691,Gummadidala,6277,Mambapur,మాంబాపూర్,transliterated,573900,502313,,
Telangana,Vikarabad,698,Peddemul,4533,Mambapur,మాంబాపూర్,transliterated,574434,501142,,
Telangana,Nirmal,680,Mamada,4346,Mamda,మమ్దా,transliterated,570412,504310,,
Telangana,Nizamabad,516,Makloor,4367,Mamdapur,మందాపూర్,transliterated,570904,503246,,
Telangana,Karimnagar,508,Veenavanka,4439,Mamidalapalle,మమిదలపల్లె,transliterated,572528,505505,,
Telangana,Sangareddy,691,Nyalkal,4473,Mamidgi,మమిద్గి,transliterated,573331,502249,,
Telangana,Suryapet,696,Nagaram,6298,Mamidi Palle,మామిడి పల్లె,transliterated,576578,508279,,
Telangana,Mancherial,684,Mandamarri,4352,Mamidighat,మామిడిఘాట్,transliterated,570567,504216,,
Telangana,Adilabad,501,Inderavelly,4311,Mamidiguda,మామిడిగూడ,transliterated,569187,504346,,
Telangana,Bhadradri Kothagudem,690,Cherla,4726,Mamidigudem (Z),మామిడిగూడెం (జ్),transliterated,578909,507140,,
Telangana,Bhadradri Kothagudem,690,Cherla,4726,Mamidigudem(G),మామిడిగూడెం(గ్),transliterated,578912,507140,,
Telangana,Wanaparthy,693,Ghanpur,4585,Mamidimada,మామిడిమాడ,transliterated,575781,509380,,
Telangana,Kumuram Bheem Asifabad,699,Lingapur,6311,Mamidipalle,మామిడిపల్లి,authoritative,569774,504313,,
Telangana,Mancherial,684,Dandepally,4348,Mamidipalle,మామిడిపల్లి,authoritative,570464,504206,,
Telangana,Nizamabad,516,Makloor,4367,Mamidipalle,మామిడిపల్లి,authoritative,570913,503003,,
Telangana,Rajanna Sircilla,683,Konaraopet,4431,Mamidipalle,మామిడిపల్లి,authoritative,572375,505301,,
Telangana,Sangareddy,691,Raikode,4472,Mamidipalle,మామిడిపల్లి,authoritative,573285,502257,,
Telangana,Sangareddy,691,Kandi,6275,Mamidipalle,మామిడిపల్లి,authoritative,573880,502329,,
Telangana,Ranga Reddy,518,Nandigama,6321,Mamidipalle,మామిడిపల్లి,authoritative,575213,509217,,
Telangana,Nizamabad,516,Armoor,4360,Mamidipalle (Og),మామిడిపల్లె (ఒగ్),transliterated,570780,503223,,
Telangana,Ranga Reddy,518,Saroornagar,4526,Mamidipalle (Og),మమిదిపల్లె (ఒగ్),transliterated,574223,500005,,
Telangana,Suryapet,696,Thirumalagiri,4619,Mamidiyala,మామిడియాల,transliterated,576571,508223,,
Telangana,Suryapet,696,Mothey,4640,Mamillagudem,మమిల్లగూడెం,transliterated,576994,508212,,
Telangana,Bhadradri Kothagudem,690,Aswapuram,4728,Mamillavai,మామిళ్లవై,transliterated,578927,507116,,
Telangana,Suryapet,696,Maddirala,6300,Mamindla Madava,మామిండ్ల మడవ,transliterated,576607,508221,,
Telangana,Nagarkurnool,694,Bijinapally,4584,Mammaipalle,మమ్మైపల్లె,transliterated,575762,509203,,
Telangana,Khammam,509,Yerrupalem,4767,Mamnoor,మంనూర్,transliterated,579878,507202,,
Telangana,Warangal,522,Khila Warangal,6246,Mamnoor (Ct),మమ్నూర్ (సీటీ),transliterated,578157,506166,,
Telangana,Wanaparthy,693,Ghanpur,4585,Manajipet,మానాజీపేట,transliterated,575786,509380,,
Telangana,Nagarkurnool,694,Lingal,4598,Manajipet,మనజిపెత్,transliterated,576108,509401,,
Telangana,Karimnagar,508,Manakondur,4427,Manakondur,మనకొండూర్,transliterated,572293,505469,,
Telangana,Rajanna Sircilla,683,Rudrangi,6219,Manala,మనాల,transliterated,570842,505307,,
Telangana,Jagitial,681,Mallial,4413,Manala,మనల,transliterated,572062,505452,,
Telangana,Suryapet,696,Thungaturthy,4620,Manapur,మనాపూర్,transliterated,576584,508280,,
Telangana,Mulugu,720,Eturunagaram,4685,Manasapalle,మానసపల్లె,transliterated,577903,506165,,
Telangana,Ranga Reddy,518,Manchal,4547,Manchal,మంచల్,transliterated,574863,501508,,
Telangana,Mahabubabad,688,Kothaguda,4710,Manchanapally,మంచనపల్లి,transliterated,578405,506135,,
Telangana,Peddapalli,682,Sulthanabad,4425,Mancharami,మంచరామి,transliterated,572270,505185,,
Telangana,Nizamabad,516,Mugpal,6235,Manchippa,మంచిప్ప,transliterated,570953,503230,,
Telangana,Ranga Reddy,518,Gandipet,6320,Manchirevula,మంచిరేవుల,authoritative,574233,500086,,
Telangana,Jangoan,689,Palakurthy,4697,Manchuppula,మంచుప్పుల,transliterated,578199,506222,,
Telangana,Suryapet,696,Mattampally,4670,Manchya Thanda,మంచ్యా తండ,transliterated,910376,508204,,
Telangana,Medchal Malkajgiri,700,Shamirpet,4520,Mandaipally,మండైపల్లి,transliterated,574123,500101,,
Telangana,Khammam,509,Penuballi,4752,Mandalapadu,మండలపాడు,transliterated,579586,507302,,
Telangana,Bhadradri Kothagudem,690,Dammapeta,4750,Mandalapalli,మండలపల్లి,transliterated,579557,507306,,
Telangana,Nalgonda,514,Nakrekal,4636,Mandalapur,మండలాపూర్,transliterated,576930,508247,,
Telangana,Yadadri Bhuvanagiri,697,Alair,4617,Mandanpally,మండన్పల్లి,transliterated,909959,508105,,
Telangana,Nirmal,680,Pembi,6206,Mandapalle,మందపల్లి,authoritative,570439,504203,,
Telangana,Siddipet,692,Siddipet Urban,4459,Mandapalle,మందపల్లి,authoritative,573016,502267,,
Telangana,Yadadri Bhuvanagiri,697,Valigonda,4627,Mandapur,మందాపూర్,transliterated,576729,508112,,
Telangana,Rajanna Sircilla,683,Thangallapalli,6217,Mandepalli,మందెపల్లి,transliterated,572455,505405,,
Telangana,Nizamabad,516,Saloora,7532,Mandharna,మంధర్న,transliterated,570982,503185,,
Telangana,Siddipet,692,Mulug,4486,Mandial,మాండియల్,transliterated,573716,502279,,
Telangana,Ranga Reddy,518,Yacharam,4548,Mandigowrelly,మందిగొవ్రెల్ల్య్,transliterated,574881,501509,,
Telangana,Vikarabad,698,Chowdapur,7186,Mandipal,మండిపాల్,transliterated,574615,509340,,
Telangana,Narayanpet,721,Maganoor,4590,Mandipalle,మండిపల్లి,authoritative,575939,509352,,
Telangana,Jogulamba Gadwal,695,Rajoli,6296,Mandoddi,మందొడ్డి,authoritative,576377,509135,,
Telangana,Yadadri Bhuvanagiri,697,Choutuppal,4631,Mandollagudem,మందోళ్లగూడెం,transliterated,909758,508252,,
Telangana,Khammam,509,Nelakondapalli,4759,Mandrajupally,మంద్రాజుపల్లి,transliterated,579722,507160,,
Telangana,Kumuram Bheem Asifabad,699,Tiryani,4333,Mandrumeda,మండ్రుమేడ,transliterated,569976,504294,,
Telangana,Kumuram Bheem Asifabad,699,Kagaznagar,4318,Mandva,మాండ్వ,transliterated,569461,504296,,
Telangana,Medak,513,Yeldurthy,4481,Manepalle,మానేపల్లె,authoritative,573568,502109,,
Telangana,Warangal,522,Khanapur,4709,Mangalavaripet,మంగళవారిపేట,transliterated,578383,506134,,
Telangana,Nalgonda,514,Nakrekal,4636,Mangali Palle,మంగళి పల్లె,transliterated,576926,508211,,
Telangana,Nizamabad,516,Yedapally,4369,Mangalpahad,మంగల్పహాడ్,transliterated,570965,503202,,
Telangana,Ranga Reddy,518,Ibrahimpatnam,4546,Mangalpalle,మంగళ్పల్లె,transliterated,574843,501510,,
Telangana,Medak,513,Chilpched,6274,Mangalpally,మంగల్పల్లి,transliterated,573539,502314,,
Telangana,Sangareddy,691,Jinnaram,4493,Mangampet,మంగంపెత్,transliterated,573909,502319,,
Telangana,Mahabubnagar,512,Mohammadabad,7187,Mangampet,మంగంపేట,transliterated,574588,509337,,
Telangana,Jogulamba Gadwal,695,Manopad,4611,Mangampeta,మంగంపేట,transliterated,576399,509132,,
Telangana,Nagarkurnool,694,Bijinapally,4584,Manganur,మంగనూరు,authoritative,575746,509203,,
Telangana,Peddapalli,682,Srirampur,4407,Mangapet,మంగపేట,transliterated,571961,505174,,
Telangana,Sangareddy,691,Hathnoora,4489,Mangapur,మంగాపూర్,transliterated,573798,502296,,
Telangana,Kamareddy,685,Lingampet,4388,Mangaram,మంగరమ్,transliterated,571511,503124,,
Telangana,Jagitial,681,Beerpur,6212,Mangela,మంగెల,transliterated,571665,505454,,
Telangana,Nalgonda,514,Kanagal,4656,Mangena Palle,మంగేనా పల్లె,transliterated,577328,508247,,
Telangana,Kumuram Bheem Asifabad,699,Tiryani,4333,Mangi,మంగి,transliterated,570004,504297,,
Telangana,Kamareddy,685,Nizamsagar,4385,Mangloor,మంగ్లూర్,transliterated,571435,503310,,
Telangana,Siddipet,692,Kukunoorpally,7521,Mangole,మంగొలె,transliterated,573063,502301,,
Telangana,Adilabad,501,Bela,4308,Mangrool,మంగ్రూల్,transliterated,569080,504309,,
Telangana,Adilabad,501,Sathnala,7515,Mangurla,మంగూర్ల,transliterated,569072,504002,,
Telangana,Bhadradri Kothagudem,690,Dummugudem,4729,Manguvai,మంగువై,transliterated,578961,507137,,
Telangana,Wanaparthy,693,Peddamandadi,4594,Manigilla,మనిగిల్ల,transliterated,576037,509106,,
Telangana,Nizamabad,516,Makloor,4367,Manik Bhandar,మానిక్ భండార్,transliterated,570917,503003,,
Telangana,Mahabubnagar,512,Mahabubnagar Rural,6258,Manikonda,మానికొండ,authoritative,575441,509204,,
Telangana,Ranga Reddy,518,Gandipet,6320,Manikonda (Jagir) (Og),మనికొండ (జాగీర్) (ఒగ్),transliterated,574248,500089,,
Telangana,Ranga Reddy,518,Gandipet,6320,Manikonda (Khalsa) (Og),మనికొండ (ఖల్సా) (ఒగ్),transliterated,574249,500089,,
Telangana,Kumuram Bheem Asifabad,699,Tiryani,4333,Manikyapur,మనిక్యపూర్,transliterated,570008,504297,,
Telangana,Hanumakonda,686,Bheemadevarpalli,4448,Manikyapur,మాణిక్యపూర్,transliterated,572674,505497,,
Telangana,Khammam,509,Singareni,4744,Manikyaram,మాణిక్యారం,authoritative,579460,507124,,
Telangana,Nalgonda,514,Shaligouraram,4624,Manimadde,మణిమద్దే,transliterated,576665,508210,,
Telangana,Sangareddy,691,Kohir,4475,Maniyarpalle,మనియర్పల్లె,transliterated,573396,502210,,
Telangana,Nirmal,680,Nirmal Rural,6210,Manjulapur (R),మంజులాపూర్ (ర్),transliterated,570347,504106,,
Telangana,Kumuram Bheem Asifabad,699,Asifabad,4319,Mankapur,మంకాపూర్,transliterated,569518,504293,,
Telangana,Adilabad,501,Ichoda,4322,Mankapur,మంకాపూర్,transliterated,569619,504307,,
Telangana,Mancherial,684,Nennel,4331,Mankapur,మంకపూర్,transliterated,569934,504219,,
Telangana,Adilabad,501,Bazarhatnoor,4323,Mankapur (P),మంకాపూర్ (ప్),transliterated,569658,504304,,
Telangana,Ranga Reddy,518,Maheshwaram,4544,Mankhal,మంఖల్,authoritative,574785,501359,,
Telangana,Nirmal,680,Lokeswaram,4342,Manmad,మన్మద్,transliterated,570278,504104,,
Telangana,Ranga Reddy,518,Shabad,4542,Manmarri,మంమర్రి,transliterated,574716,509410,,
Telangana,Sangareddy,691,Ramchandrapuram,4495,Manmole,మన్మోల్,transliterated,573952,502319,,
Telangana,Nagarkurnool,694,Amrabad,4578,Mannanur,మన్ననుర్,transliterated,575617,509201,,
Telangana,Sangareddy,691,Mogudampally,6278,Mannapur,మన్నాపూర్,authoritative,573361,502221,,
Telangana,Narayanpet,721,Kothapally (15),7537,Mannapur,మన్నాపూర్,authoritative,575047,509411,,
Telangana,Jogulamba Gadwal,695,Dharoor,4591,Mannapur,మన్నాపూర్,authoritative,575948,509133,,
Telangana,Mancherial,684,Nennel,4331,Manneguda,మన్నెగూడ,transliterated,569917,504251,,
Telangana,Ranga Reddy,518,Abdullapurmet,6319,Manneguda (Og),మన్నెగూడ (ఒగ్),transliterated,574208,501510,,
Telangana,Vikarabad,698,Pudur,4541,Manneguda (Paigah),మన్నెగూడ (పైగా),transliterated,574662,501102,,
Telangana,Vikarabad,698,Pudur,4541,Manneguda (Sarecas),మన్నెగూడ (సారెకాస్),transliterated,574665,501102,,
Telangana,Mahabubabad,688,Seerole,7518,Mannegudem,మన్నెగూడెం,transliterated,578672,506368,,
Telangana,Karimnagar,508,Thimmapur LMD,4438,Mannempalle,మన్నెంపల్లె,transliterated,572517,505469,,
Telangana,Yadadri Bhuvanagiri,697,Thurkapally,4614,Mannevari Turkapalle,మన్నెవరి తుర్కపల్లె,transliterated,576484,508115,,
Telangana,Jagitial,681,Bheemaram (20),7541,Mannnegudem,మన్నెగూడెం,transliterated,572107,505462,,
Telangana,Adilabad,501,Gudihatnoor,4310,Mannur,మన్నూరు,authoritative,569159,504308,,
Telangana,Nizamabad,516,Jakranpally,4366,Manoharabad,మనోహరాబాద్,transliterated,570896,503175,,
Telangana,Sangareddy,691,Manoor,4451,Manoor,మనూర్,transliterated,572757,502286,,
Telangana,Jogulamba Gadwal,695,Manopad,4611,Manopad,మనోపద్,transliterated,576405,509128,,
Telangana,Ranga Reddy,518,Manchal,4547,Manorabad,మనోరాబాద్,transliterated,574856,501508,,
Telangana,Jangoan,689,Devaruppula,4701,Manpahad,మాన్పహాడ్,transliterated,578268,506302,,
Telangana,Vikarabad,698,Peddemul,4533,Mansampalle,మన్సంపల్లె,transliterated,574423,501142,,
Telangana,Sangareddy,691,Munipally,4477,Mansanpalle,మన్సన్పల్లె,transliterated,573445,502345,,
Telangana,Sangareddy,691,Andole,4479,Mansanpalle,మన్సన్పల్లె,transliterated,573505,502270,,
Telangana,Ranga Reddy,518,Maheshwaram,4544,Mansanpalle,మన్సన్పల్లె,transliterated,574767,509325,,
Telangana,Jangoan,689,Bachannapet,4674,Mansanpalle,మంసంపల్లె,transliterated,577648,506223,,
Telangana,Sangareddy,691,Kondapur,4491,Mansanpally,మన్సన్పల్లి,transliterated,573866,502306,,
Telangana,Mahabubnagar,512,Gandeed,4538,Mansoorpalle,మన్సూర్పల్లె,transliterated,574583,509337,,
Telangana,Sangareddy,691,Narayankhed,4452,Mansoorpur,మన్సూర్పూర్,transliterated,572795,502286,,
Telangana,Ranga Reddy,518,Yacharam,4548,Manthangoud,మంథంగౌద్,transliterated,574898,501509,,
Telangana,Narayanpet,721,Makthal,4589,Manthangoud,మంతంగౌడ్,transliterated,575876,509353,,
Telangana,Ranga Reddy,518,Yacharam,4548,Manthangowrelly,మంతంగౌరెల్లి,transliterated,574897,501509,,
Telangana,Nizamabad,516,Armoor,4360,Manthani,మంతని,transliterated,570770,503223,,
Telangana,Peddapalli,682,Manthani,4401,Manthani,మంతని,transliterated,571808,505184,,
Telangana,Yadadri Bhuvanagiri,697,Alair,4617,Manthapur,మంతాపూర్,transliterated,576539,508105,,
Telangana,Vikarabad,698,Basheerabad,4535,Manthatti,మంతట్టి,transliterated,574477,501143,,
Telangana,Vikarabad,698,Basheerabad,4535,Manthlapur,మంత్లాపూర్,transliterated,574496,501143,,
Telangana,Sangareddy,691,Pulkal,4478,Manthoor,మంతూర్,transliterated,573469,502293,,
Telangana,Medak,513,Narsapur,4488,Manthoor,మంతూర్,transliterated,573757,502316,,
Telangana,Siddipet,692,Raipole,6283,Mantoor,మంటూర్,transliterated,573102,502278,,
Telangana,Warangal,522,Geesugonda,4707,Manugonda,మనుగొండ,transliterated,578342,506330,,
Telangana,Rajanna Sircilla,683,Boinpalli,4429,Manwada,మన్వాడ,transliterated,572344,505401,,
Telangana,Kamareddy,685,Bichkunda,4374,Manyapur,మన్యాపూర్,transliterated,571151,503305,,
Telangana,Adilabad,501,Bela,4308,Manyarpur,మన్యార్పూర్,transliterated,569078,504309,,
Telangana,Yadadri Bhuvanagiri,697,Bibinagar,4629,Maqdoom Palle,మక్దూమ్ పల్లె,transliterated,576795,508285,,
Telangana,Kamareddy,685,Mohammadnagar,7520,Maqdumpur,మక్దుంపూర్,transliterated,571421,503187,,
Telangana,Karimnagar,508,Karimnagar,6231,Maqdumpur,మక్దుంపూర్,transliterated,572315,505186,,
Telangana,Siddipet,692,Nangnoor,4461,Maqdumpur,మక్దుంపూర్,transliterated,573029,502375,,
Telangana,Medak,513,Shivampet,4487,Maqdumpur,మక్దుంపూర్,transliterated,573739,502334,,
Telangana,Nagarkurnool,694,Lingal,4598,Maqdumpur,మక్దుంపూర్,transliterated,576110,509401,,
Telangana,Siddipet,692,Gajwel,4483,Maqta Masanpalle,మక్తా మాసన్పల్లె,transliterated,573630,502334,,
Telangana,Ranga Reddy,518,Shamshabad,4543,Maqtabahadur Ali,మక్తబహాదూర్ అలి,transliterated,574736,501218,,
Telangana,Ranga Reddy,518,Gandipet,6320,Maqtha Kousarali,మక్తా కౌసరాలి,transliterated,574230,500104,,
Telangana,Bhadradri Kothagudem,690,Dummugudem,4729,Maraigudem,మరాయిగూడెం,transliterated,579009,507137,,
Telangana,Nizamabad,516,Donkeshwar,7530,Marampalle,మారంపల్లె,transliterated,570740,503212,,
Telangana,Jogulamba Gadwal,695,Undavelly,6299,Maramunagala,మరమునగల,transliterated,576426,509153,,
Telangana,Nagarkurnool,694,Kalwakurthy,4576,Marchal,మర్చల్,transliterated,575580,509320,,
Telangana,Kamareddy,685,Pitlam,4384,Mardanda,మార్దండ,transliterated,571409,503310,,
Telangana,Sangareddy,691,Kalher,4453,Mardi,మర్ది,transliterated,572819,502287,,
Telangana,Peddapalli,682,Ramagundam,4399,Maredpaka,మరెద్పక,transliterated,956046,505208,,
Telangana,Peddapalli,682,Peddapalli,4408,Maredugonda,మారేడుగొండ,transliterated,571998,505174,,
Telangana,Nagarkurnool,694,Peddakothapally,4599,Maredumandinne,మరేదుమందిన్నె,transliterated,576145,509401,,
Telangana,Mulugu,720,Eturunagaram,4685,Maredupaka,మారేడుబాక,authoritative,577892,506165,,
Telangana,Jagitial,681,Endapalli,7539,Maredupalli,మరెదుపల్లి,transliterated,571735,505416,,
Telangana,Adilabad,501,Adilabad Rural,6221,Maregaon,మరేగాన్,transliterated,569014,504346,,
Telangana,Adilabad,501,Gadiguda,6225,Maregaon,మరేగాన్,transliterated,569223,504311,,
Telangana,Kumuram Bheem Asifabad,699,Kagaznagar,4318,Marepalle,మరెపల్లి,authoritative,569444,504296,,
Telangana,Kamareddy,685,Dongli,7525,Marepalle,మరెపల్లి,authoritative,571073,503309,,
Telangana,Sangareddy,691,Kondapur,4491,Marepalle,మరెపల్లి,authoritative,573855,502306,,
Telangana,Mulugu,720,Kannaigudem,6251,Marepalle,మరెపల్లి,authoritative,577862,506165,,
Telangana,Nalgonda,514,Anumula,4660,Marepally,మరెపల్లి,transliterated,577412,508266,,
Telangana,Sangareddy,691,Nyalkal,4473,Mariampur,మరియంపూర్,transliterated,573312,502251,,
Telangana,Jangoan,689,Jangoan,4699,Marigadi,మరిగది,transliterated,578228,506175,,
Telangana,Vikarabad,698,Chowdapur,7186,Marikal,మరికల్,authoritative,574621,509340,,
Telangana,Narayanpet,721,Marikal,6263,Marikal,మరికల్,authoritative,575506,509351,,
Telangana,Nagarkurnool,694,Thimmajipet,4575,Marikal,మరికల్,authoritative,575558,509406,,
Telangana,Mulugu,720,Venkatapuram,4724,Marikala (Z),మరికల (జ్),transliterated,578745,507136,,
Telangana,Mahabubabad,688,Maripeda,4720,Maripeda,మరిపెడ,authoritative,578638,506315,,
Telangana,Kamareddy,685,Sadashivanagar,4381,Markhal,మార్ఖల్,transliterated,571314,503145,,
Telangana,Bhadradri Kothagudem,690,Allapalli,6267,Markodu,మార్కోడు,transliterated,579408,507124,,
Telangana,Siddipet,692,Markook,6282,Markook,మార్కూక్,transliterated,573717,502279,,
Telangana,Jogulamba Gadwal,695,Dharoor,4591,Marlabeedu,మార్లబీడు,authoritative,575962,509133,,
Telangana,Nirmal,680,Kubeer,4338,Marlagonda,మర్లగొంద,transliterated,570137,504103,,
Telangana,Siddipet,692,Maddur,4673,Marmamula,మర్మముల,transliterated,577641,506224,,
Telangana,Yadadri Bhuvanagiri,697,Gundala,4618,Marpadaga,మార్పడగా,transliterated,576550,508101,,
Telangana,Siddipet,692,Kondapak,4462,Marpadga,మర్పద్గ,transliterated,573044,502372,,
Telangana,Nalgonda,514,Nidmanoor,4661,Marpaka,మార్పాక,transliterated,577435,508278,,
Telangana,Medak,513,Regode,4471,Marpalle,మర్పల్లె,transliterated,573241,502290,,
Telangana,Vikarabad,698,Peddemul,4533,Marpalle,మార్పల్లె,transliterated,574422,501142,,
Telangana,Vikarabad,698,Marpalle,4512,Marpalle Kalan,మార్పల్లె కలన్,transliterated,573987,501202,,
Telangana,Hyderabad,507,Marredpally,4500,Marredpally,మర్రెడ్పల్లి,transliterated,927769,500026,,
Telangana,Hyderabad,507,Marredpally,4500,Marredpally Paigah,మర్రెద్పల్లి పైగహ్,transliterated,927770,500026,,
Telangana,Rajanna Sircilla,683,Chandurthi,4419,Marrigadda,మర్రిగడ్డ,transliterated,572163,505403,,
Telangana,Mancherial,684,Jannaram,4334,Marriguda,మర్రిగూడ,authoritative,570015,504205,,
Telangana,Nalgonda,514,Marriguda,4649,Marriguda,మర్రిగూడ,authoritative,577160,508245,,
Telangana,Mahabubabad,688,Gangaram,6253,Marriguda,మర్రిగూడ,authoritative,578420,506135,,
Telangana,Nalgonda,514,Nalgonda,4646,Marriguda (Og),మర్రిగూడ (ఒగ్),transliterated,577110,508002,,
Telangana,Nalgonda,514,Munugode,4647,Marrigudem,మర్రిగూడెం,authoritative,577127,508244,,
Telangana,Nagarkurnool,694,Peddakothapally,4599,Marrikal,మర్రికల్,transliterated,576125,509412,,
Telangana,Rajanna Sircilla,683,Konaraopet,4431,Marrimadla,మర్రిమడ్ల,transliterated,572369,505305,,
Telangana,Siddipet,692,Komuravelli,6284,Marrimusthiayala,మర్రిముస్థిఅయల,transliterated,577613,506355,,
Telangana,Ranga Reddy,518,Hayathnagar,4525,Marripalle,మర్రిపల్లె,transliterated,574178,501505,,
Telangana,Nagarkurnool,694,Uppununthala,4580,Marripalle,మర్రిపల్లె,transliterated,575672,509385,,
Telangana,Rajanna Sircilla,683,Vemulawada Rural,6218,Marripalli,మర్రిపల్లి,transliterated,572349,505403,,
Telangana,Hanumakonda,686,Kamalapur,4447,Marripalligudem,మర్రిపల్లిగూడెం,transliterated,572658,505102,,
Telangana,Nalgonda,514,Nakrekal,4636,Marrur,మర్రుర్,transliterated,576928,508211,,
Telangana,Medak,513,Shankarampet (A),4454,Marshetpalle,మర్శెత్పల్లె,transliterated,572860,502271,,
Telangana,Kumuram Bheem Asifabad,699,Bejjur,4317,Marthadi,మార్తడి,transliterated,569412,504299,,
Telangana,Rajanna Sircilla,683,Konaraopet,4431,Marthanpet,మార్తాన్పేట,transliterated,572387,505301,,
Telangana,Rajanna Sircilla,683,Vemulawada,4430,Marupaka,మరుపాక,authoritative,572360,505302,,
Telangana,Nirmal,680,Kaddam Peddur,4335,Masaipet,మసాయిపేట,transliterated,570063,504203,,
Telangana,Jagitial,681,Metpalli,4417,Masaipet,మసాయిపేట,transliterated,572130,505325,,
Telangana,Medak,513,Masaipet,7190,Masaipet,మసైపెత్,transliterated,573579,502335,,
Telangana,Yadadri Bhuvanagiri,697,Yadagirigutta,4616,Masaipet,మసాయిపేట,transliterated,576520,508115,,
Telangana,Adilabad,501,Bela,4308,Masala (Buzurg),మసాలా (బుజుర్గ్),transliterated,569105,504309,,
Telangana,Adilabad,501,Bela,4308,Masala (Khurd),మసాలా (ఖుర్ద్),transliterated,569107,504309,,
Telangana,Nirmal,680,Tanoor,4340,Masalga,మసల్గా,transliterated,570213,504102,,
Telangana,Sangareddy,691,Kalher,4453,Masan Palle,మసాన్ పల్లె,transliterated,572821,502371,,
Telangana,Yadadri Bhuvanagiri,697,Gundala,4618,Masan Palle,మసాన్ పల్లె,transliterated,576552,508277,,
Telangana,Ranga Reddy,518,Shankarpalle,4515,Masaniguda,మసానిగూడ,transliterated,574052,501203,,
Telangana,Kamareddy,685,Nagireddypet,4387,Masanpalle,మసంపల్లె,transliterated,571483,503122,,
Telangana,Sangareddy,691,Andole,4479,Masanpalle,మాసన్పల్లె,transliterated,573517,502270,,
Telangana,Vikarabad,698,Basheerabad,4535,Masanpalle (M),మాసన్పల్లె (మ్),transliterated,574481,501143,,
Telangana,Siddipet,692,Mulug,4486,Masanpally,మాసన్పల్లి,transliterated,916341,502279,,
Telangana,Mahabubnagar,512,Midjil,4566,Masigundlapalle,మసిగుండ్లపల్లె,transliterated,575336,509357,,
Telangana,Nirmal,680,Khanapur,4347,Maskapur,మస్కాపూర్,transliterated,570454,504203,,
Telangana,Wanaparthy,693,Amarchintha,6290,Mastipur,మస్తీపూర్,transliterated,575966,509130,,
Telangana,Peddapalli,682,Mutharam (Manthani),4406,Matchupeta,మచ్చుపేట,transliterated,571949,505212,,
Telangana,Nirmal,680,Bhainsa,4339,Mategaon,మాటెగాన్,transliterated,570195,504103,,
Telangana,Kamareddy,685,Yellareddy,4386,Mathadpalle,మాతాడ్పల్లె,transliterated,571454,503302,,
Telangana,Siddipet,692,Kukunoorpally,7521,Mathapalle,మాతపల్లె,transliterated,573057,502301,,
Telangana,Khammam,509,Chinthakani,4760,Mathikepally,మతికేపల్లి,transliterated,579741,507208,,
Telangana,Kamareddy,685,Yellareddy,4386,Mathmal,మాత్మల్,transliterated,571467,503122,,
Telangana,Kamareddy,685,Gandhari,4382,Mathsangam,మత్సంగం,transliterated,571363,503114,,
Telangana,Sangareddy,691,Raikode,4472,Matoor,మాటూర్,transliterated,573265,502256,,
Telangana,Vikarabad,698,Doulathabad,4552,Matoor,మాటూర్,transliterated,574971,509336,,
Telangana,Yadadri Bhuvanagiri,697,Motakonduru,6309,Matoor,మాటూర్,transliterated,576543,508286,,
Telangana,Khammam,509,Madhira,4766,Matoor,మాటూర్,transliterated,579856,507203,,
Telangana,Suryapet,696,Mattampally,4670,Mattam Palle,మట్టం పల్లె,transliterated,577586,508204,,
Telangana,Warangal,522,Warangal,4706,Mattewada,మట్టేవాడ,transliterated,956047,506007,,
Telangana,Kamareddy,685,Nagireddypet,4387,Matur,మాతూర్,transliterated,571485,503122,,
Telangana,Nalgonda,514,Tripuraram,4662,Matur,మాతూర్,transliterated,577472,508208,,
Telangana,Mahabubabad,688,Gudur,4711,Matwada,మత్వాడ,transliterated,578478,506103,,
Telangana,Adilabad,501,Mavala,6222,Mavala,మావాల,transliterated,568995,504002,,
Telangana,Nizamabad,516,Bodhan,4370,Mavandi (Kalan),మావండి (కలన్),transliterated,570978,503185,,
Telangana,Nizamabad,516,Bodhan,4370,Mavandi (Khurd),మావండి (ఖుర్ద్),transliterated,570974,503185,,
Telangana,Sangareddy,691,Nagalgidda,6280,Mavinelli,మవినెల్లి,transliterated,572743,502286,,
Telangana,Nirmal,680,Dilawarpur,4343,Mayapur,మాయాపూర్,transliterated,570323,504306,,
Telangana,Nizamabad,516,Nandipet,4359,Mayapur,మాయాపూర్,transliterated,570744,503212,,
Telangana,Ranga Reddy,518,Abdullapurmet,6319,Mazidpur,మజీద్‌‌పుర్,authoritative,574201,501512,,
Telangana,Vikarabad,698,Yelal,4536,Mazrasangam,మజ్రసంగం,transliterated,574507,501144,,
Telangana,Nalgonda,514,Marriguda,4649,Mcpoor,మెక్పూర్,transliterated,909833,508245,,
Telangana,Mahabubabad,688,Inugurthy,7538,Mecharajupalle,మెచ్చరాజుపల్లె,transliterated,578550,506368,,
Telangana,Medak,513,Medak,4456,Medak (R),మెడాక్ (ర్),transliterated,572915,502110,,
Telangana,Ranga Reddy,518,Thalakondapally,4562,Medakpalle,మెదక్పల్లె,transliterated,575271,509357,,
Telangana,Nirmal,680,Khanapur,4347,Medampalle,మేదంపల్లె,transliterated,570457,504203,,
Telangana,Nirmal,680,Kuntala,4337,Medanpur,మెదంపూర్,transliterated,570102,504109,,
Telangana,Warangal,522,Nallabelli,4692,Medapalle,మెడపల్లె,transliterated,578103,506132,,
Telangana,Nalgonda,514,Pedda Adesherlapally,4658,Medaram,మేడారం,authoritative,577370,508266,,
Telangana,Mulugu,720,Eturunagaram,4685,Medaram,మేడారం,authoritative,577917,506165,,
Telangana,Mulugu,720,Tadvai,4687,Medaram (D),మేదరం (డ్),transliterated,577952,506347,,
Telangana,Jayashankar Bhupalapally,687,Mogullapally,4680,Medaramatla,మెదరమత్ల,transliterated,577788,506366,,
Telangana,Mancherial,684,Dandepally,4348,Medaripet,మేదారిపేట,transliterated,570469,504206,,
Telangana,Khammam,509,Enkoor,4753,Medepally,మేడేపల్లి,transliterated,579600,507168,,
Telangana,Khammam,509,Mudigonda,4758,Medepally,మేడేపల్లి,transliterated,579689,507158,,
Telangana,Ranga Reddy,518,Balapur,6323,Medibowli (Og),మెడిబౌలి (ఒగ్),transliterated,574217,500097,,
Telangana,Khammam,509,Tirumalayapalem,4754,Medidapally,మేడిదపల్లి,transliterated,579619,507161,,
Telangana,Jayashankar Bhupalapally,687,Palimela,6250,Medigadda,మెదిగద్ద,transliterated,571878,505504,,
Telangana,Jayashankar Bhupalapally,687,Mahadevpur,4403,Medigadda,మెదిగద్ద,transliterated,571890,505504,,
Telangana,Kumuram Bheem Asifabad,699,Rebbena,4327,Mediguda,మేడిగూడ,transliterated,569780,504292,,
Telangana,Suryapet,696,Nuthanakal,4621,Mediguda,మేడిగూడ,transliterated,576617,508221,,
Telangana,Vikarabad,698,Pudur,4541,Medikonda,మేడికొండ,authoritative,574680,501102,,
Telangana,Jogulamba Gadwal,695,Ieeja,4606,Medikonda,మేడికొండ,authoritative,576292,509127,,
Telangana,Sangareddy,691,Vatpally,6291,Medikunda,మేడికుండా,transliterated,573249,502269,,
Telangana,Jayashankar Bhupalapally,687,Kataram,4402,Medipalle,మెదిపల్లె,transliterated,571844,505503,,
Telangana,Jagitial,681,Medipalli,4415,Medipalle,మెదిపల్లె,transliterated,572096,505453,,
Telangana,Siddipet,692,Chinnakodur,4460,Medipalle,మేడిపల్లె,transliterated,573009,502267,,
Telangana,Ranga Reddy,518,Moinabad,4528,Medipalle,మెదిపల్లె,transliterated,574251,501504,,
Telangana,Nirmal,680,Nirmal Rural,6210,Medipalli,మేడిపల్లి,transliterated,570338,504106,,
Telangana,Peddapalli,682,Ramagiri,6216,Medipalli (W),మేడిపల్లి (వ్),transliterated,571776,505209,,
Telangana,Medchal Malkajgiri,700,Medipally,6318,Medipally,మెదిపల్లి,transliterated,574172,500098,,
Telangana,Nagarkurnool,694,Tadoor,4582,Medipur,మేదిపూర్,transliterated,575717,509209,,
Telangana,Nalgonda,514,Nalgonda,4646,Medla Duppala Palle,మెడ్ల దుప్పల పల్లె,transliterated,577100,508004,,
Telangana,Nalgonda,514,Nampally,4654,Medlavai,మెడ్లవై,transliterated,577279,508373,,
Telangana,Kumuram Bheem Asifabad,699,Sirpur (T),4315,Medpalle,మెడ్పల్లె,transliterated,569355,504296,,
Telangana,Nizamabad,516,Chandur,6669,Medpalle,మెడ్పల్లె,transliterated,571217,503206,,
Telangana,Kamareddy,685,Gandhari,4382,Medpalle,మెడ్పల్లె,transliterated,571353,503122,,
Telangana,Sangareddy,691,Jharasangam,4476,Medpalle,మెడ్పల్లె,transliterated,573427,502321,,
Telangana,Ranga Reddy,518,Yacharam,4548,Medpalle,మెద్పల్లె,transliterated,574890,501509,,
Telangana,Jangoan,689,Ghanpur (Station),4676,Meedigonda,మీదిగొంద,transliterated,577701,506301,,
Telangana,Khammam,509,Yerrupalem,4767,Meenavolu,మీనవోలు,authoritative,579885,507201,,
Telangana,Siddipet,692,Wargal,4485,Meenjipeta,మీంజిపేట,transliterated,573685,502336,,
Telangana,Mahabubnagar,512,Devarakadra,4573,Meenuguvanipalle,మీనుగువనిపల్లె,transliterated,575530,509204,,
Telangana,Sangareddy,691,Kalher,4453,Meerkhanpet,మీర్ఖాన్పేట,transliterated,572826,502371,,
Telangana,Ranga Reddy,518,Kandukur,4545,Meerkhanpet,మీర్ఖంపెత్,transliterated,574823,501509,,
Telangana,Ranga Reddy,518,Balapur,6323,Meerpet,మీర్పెత్,transliterated,909537,500097,,
Telangana,Ranga Reddy,518,Saroornagar,4526,Meerpet (Ct),మీర్పేట్ (సీటీ),transliterated,574214,500097,,
Telangana,Hyderabad,507,Bahadurpura,4508,Meersagar,మీర్సగర్,transliterated,927800,500064,,
Telangana,Kamareddy,685,Bichkunda,4374,Meka,మేక,transliterated,571128,503309,,
Telangana,Ranga Reddy,518,Kothur,4560,Mekaguda,మేకగూడ,authoritative,909569,509228,,
Telangana,Jangoan,689,Ragunathpally,4698,Mekalagattu,మేకలగట్టు,transliterated,578204,506244,,
Telangana,Kumuram Bheem Asifabad,699,Asifabad,4319,Mekalwada,మెకల్వాడ,transliterated,569493,504293,,
Telangana,Sangareddy,691,Munipally,4477,Melasangam,మేళసంగం,transliterated,573457,502345,,
Telangana,Sangareddy,691,Sadasivpet,4490,Melgirpet,మేల్గిర్పేట,transliterated,573834,502291,,
Telangana,Suryapet,696,Mellachervu,4671,Mella Cheruvu,మెల్ల చెరువు,transliterated,577591,508246,,
Telangana,Jogulamba Gadwal,695,Gadwal,4603,Mellacheruvu,మేళ్లచెరువు,authoritative,576232,509133,,
Telangana,Medak,513,Yeldurthy,4481,Mellor,మెల్లోర్,transliterated,573574,502255,,
Telangana,Adilabad,501,Inderavelly,4311,Mendapalle,మెండపల్లె,transliterated,569182,504346,,
Telangana,Nizamabad,516,Bheemgal,4364,Mendhora,మెందోరా,transliterated,570848,503307,,
Telangana,Nizamabad,516,Mendora,6237,Mendora,మెండోరా,transliterated,570786,503219,,
Telangana,Jogulamba Gadwal,695,Undavelly,6299,Mennipadu,మెన్నిపాడు,transliterated,576421,509128,,
Telangana,Wanaparthy,693,Wanaparthy,4595,Mentapalle,మెంటపల్లె,transliterated,576051,509381,,
Telangana,Nizamabad,516,Dichpally,4377,Mentrajpalle,మెంట్రాజ్పల్లె,transliterated,571222,503175,,
Telangana,Siddipet,692,Wargal,4485,Mentur,మెంతుర్,transliterated,573674,502334,,
Telangana,Sangareddy,691,Nyalkal,4473,Metalkunta,మెతల్కుంట,transliterated,573335,502249,,
Telangana,Nalgonda,514,Marriguda,4649,Metichandapur,మెతిచందపూర్,transliterated,577152,508245,,
Telangana,Kumuram Bheem Asifabad,699,Kagaznagar,4318,Metindhani,మేటిందని,transliterated,569443,504295,,
Telangana,Jagitial,681,Metpalli,4417,Metlachittapur,మెట్లచిట్టాపూర్,transliterated,572133,505325,,
Telangana,Vikarabad,698,Bomaraspeta,4550,Metlakunta,మెట్లకుంట,transliterated,574927,509338,,
Telangana,Kumuram Bheem Asifabad,699,Kagaznagar,4318,Metpalle,మెట్పల్లె,transliterated,569450,504292,,
Telangana,Mancherial,684,Kannepally,6229,Metpalle,మెత్పల్లె,transliterated,569843,504219,,
Telangana,Nizamabad,516,Makloor,4367,Metpalle,మెట్పల్లె,transliterated,570903,503246,,
Telangana,Jayashankar Bhupalapally,687,Mahadevpur,4403,Metpalle,మెట్పల్లె,transliterated,571861,505504,,
Telangana,Karimnagar,508,Shankarapatnam,4441,Metpalle,మెట్పల్లె,transliterated,572577,505470,,
Telangana,Jayashankar Bhupalapally,687,Mogullapally,4680,Metpalle,మెట్పల్లె,transliterated,577779,506366,,
Telangana,Kumuram Bheem Asifabad,699,Kerameri,4313,Mettapipri,మెత్తపిప్రి,transliterated,569293,504293,,
Telangana,Mahabubnagar,512,Midjil,4566,Midjil,మిడ్జిల్,transliterated,575348,509357,,
Telangana,Nizamabad,516,Bodhan,4370,Minarpalle,మినర్పల్లె,transliterated,571003,503185,,
Telangana,Medak,513,Papannapet,4455,Minpur,మిన్పూర్,transliterated,572869,502331,,
Telangana,Sangareddy,691,Pulkal,4478,Minpur,మిన్పూర్,transliterated,573483,502293,,
Telangana,Wanaparthy,693,Kothakota,4593,Miraspalle,మిరాస్పల్లె,transliterated,576021,509104,,
Telangana,Nizamabad,516,Aloor,7528,Mirdapally,మిర్దపల్లి,transliterated,570771,503223,,
Telangana,Siddipet,692,Mirdoddi,4464,Mirdoddi,మిర్దొద్ది,transliterated,573086,502108,,
Telangana,Medak,513,Havelighanapur,6270,Mirgudpally,మిర్గూడ్పల్లి,transliterated,572890,502113,,
Telangana,Ranga Reddy,518,Chevella,4529,Mirjaguda,మిర్జాగూడ,transliterated,574299,501503,,
Telangana,Sangareddy,691,Nyalkal,4473,Mirjapur[N],మిర్జాపూర్[న్],transliterated,573324,502256,,
Telangana,Nalgonda,514,Miryalaguda,4664,Miryalaguda (Municipality),మిర్యలగూడ (మునిచిపలిత్య్),transliterated,909898,508207,,
Telangana,Peddapalli,682,Srirampur,4407,Mirzampet,మిర్జాంపేట,transliterated,571975,505153,,
Telangana,Adilabad,501,Bhoraj,7529,Mirzapur,మిర్జాపూర్,transliterated,569027,504309,,
Telangana,Nirmal,680,Bhainsa,4339,Mirzapur,మిర్జాపూర్,transliterated,570171,504103,,
Telangana,Nizamabad,516,Kotagiri,4371,Mirzapur,మిర్జాపూర్,transliterated,571031,503207,,
Telangana,Kamareddy,685,Nasurullabad,6244,Mirzapur,మిర్జాపూర్,transliterated,571180,503301,,
Telangana,Siddipet,692,Husnabad,4444,Mirzapur,మిర్జాపూర్,transliterated,572611,505466,,
Telangana,Vikarabad,698,Pudur,4541,Mirzapur,మిర్జాపూర్,transliterated,574664,501102,,
Telangana,Narayanpet,721,Kosgi,4551,Mirzapur,మిర్జాపూర్,transliterated,574956,509339,,
Telangana,Jogulamba Gadwal,695,Dharoor,4591,Mirzapuram,మిర్జాపురం,authoritative,575941,509133,,
Telangana,Kamareddy,685,Yellareddy,4386,Misanpalle,మిసన్పల్లె,transliterated,571459,503122,,
Telangana,Kamareddy,685,Bichkunda,4374,Mishankallali,మిశంకల్లాలి,transliterated,571124,503309,,
Telangana,Nizamabad,516,Bodhan,4370,Mithapur,మితాపూర్,transliterated,570992,503185,,
Telangana,Jogulamba Gadwal,695,Ghattu,4605,Mittadoddi,మిట్టదొడ్డి,authoritative,576281,509127,,
Telangana,Vikarabad,698,Pudur,4541,Mittakankal,మిట్టకంకల్,transliterated,574678,501102,,
Telangana,Vikarabad,698,Pargi,4540,Mittakodur,మిత్తకోడూర్,transliterated,574626,501501,,
Telangana,Wanaparthy,693,Amarchintha,6290,Mittanandimalla,మిట్టనందిమల్ల,transliterated,575861,509130,,
Telangana,Mancherial,684,Jaipur,4355,Mittapalle,మిట్టపల్లె,authoritative,570618,504216,,
Telangana,Nizamabad,516,Dichpally,4377,Mittapalle,మిట్టపల్లె,authoritative,571229,503164,,
Telangana,Khammam,509,Thallada,4762,Mittapalli,మిట్టపల్లి,transliterated,579778,507167,,
Telangana,Mancherial,684,Luxettipet,4353,Mittapally,మిట్టపల్లి,authoritative,570589,504216,,
Telangana,Nizamabad,516,Navipet,4358,Mittapur,మిత్తాపూర్,transliterated,570713,503245,,
Telangana,Hyderabad,507,Musheerabad,4501,Miyakunta,మియకుంట,transliterated,927817,500061,,
Telangana,Peddapalli,682,Sulthanabad,4425,Miyapur,మియాపూర్,transliterated,572264,505185,,
Telangana,Mahabubnagar,512,Balanagar,4557,Modampalle,మొదంపల్లె,transliterated,575134,509408,,
Telangana,Bhadradri Kothagudem,690,Dammapeta,4750,Moddulagudem,మొద్దులగూడెం,transliterated,579553,507306,,
Telangana,Jayashankar Bhupalapally,687,Palimela,6250,Moded,మొదెద్,transliterated,571884,505504,,
Telangana,Kamareddy,685,Sadashivanagar,4381,Modegaon,మొదెగాంవ్,transliterated,571315,503145,,
Telangana,Kumuram Bheem Asifabad,699,Kerameri,4313,Modi,మోది,transliterated,569278,504293,,
Telangana,Mahabubnagar,512,Koilkonda,4569,Modipur,మోదీపూర్,transliterated,575408,509371,,
Telangana,Nalgonda,514,Chinthapally,4650,Modugulamallepally,మొదుగులమల్లెపల్లి,transliterated,909842,508250,,
Telangana,Yadadri Bhuvanagiri,697,Atmakur (M),4626,Modumaigudem,మొదుమైగూడెం,transliterated,909723,508111,,
Telangana,Narayanpet,721,Damargidda,4553,Mogalamadka,మొగలమడ్క,transliterated,574997,509336,,
Telangana,Ranga Reddy,518,Farooqnagar,4559,Mogalgidda,మొగల్గిద్ద,transliterated,575177,509410,,
Telangana,Bhadradri Kothagudem,690,Cherla,4726,Mogallapalli (Z),మొగళ్లపల్లి (జ్),transliterated,578858,507133,,
Telangana,Peddapalli,682,Anthergaon,6214,Mogalpahad,మొగల్పహాడ్,transliterated,571752,505208,,
Telangana,Jagitial,681,Mallapur,4394,Mogalpet,మొగల్పేట,transliterated,571630,505331,,
Telangana,Sangareddy,691,Mogudampally,6278,Mogdampalle,మొగ్దంపల్లె,transliterated,573359,502221,,
Telangana,Kamareddy,685,Dongli,7525,Mogha,మొఘ,transliterated,571063,503309,,
Telangana,Warangal,522,Geesugonda,4707,Mogilicherla,మొగిలిచెర్ల,authoritative,578340,506006,,
Telangana,Mahabubabad,688,Kuravi,4721,Mogilicherla,మొగిలిచెర్ల,authoritative,578653,506105,,
Telangana,Vikarabad,698,Marpalle,4512,Mogiligundla,మొగిలిగుండ్ల,transliterated,573971,502345,,
Telangana,Karimnagar,508,Thimmapur LMD,4438,Mogilipalem,మొగిలిపాలెం,transliterated,572526,505474,,
Telangana,Jogulamba Gadwal,695,Itikyala,4607,Mogilravalcheruvu,మొగిల్రావాల్చెరువు,transliterated,576302,509128,,
Telangana,Vikarabad,698,Chowdapur,7186,Mogulapalle,మొగులపల్లె,transliterated,574623,509340,,
Telangana,Jayashankar Bhupalapally,687,Mogullapally,4680,Mogullapalle,మొగుల్లపల్లె,transliterated,577785,506366,,
Telangana,Ranga Reddy,518,Yacharam,4548,Mogullavampu,మొగుళ్లవంపు,transliterated,574883,501509,,
Telangana,Ranga Reddy,518,Maheshwaram,4544,Mohabatnagar,మొహబత్నగర్,transliterated,574794,501359,,
Telangana,Adilabad,501,Bazarhatnoor,4323,Mohada,మొహద,transliterated,569668,504307,,
Telangana,Nirmal,680,Lokeswaram,4342,Mohalla,మొహల్లా,transliterated,570300,504104,,
Telangana,Nalgonda,514,Nampally,4654,Mohamadapur,మొహమదపూర్,transliterated,577268,508373,,
Telangana,Siddipet,692,Doultabad,4465,Mohamadshapur,మొహమద్షాపూర్,transliterated,573110,502247,,
Telangana,Kamareddy,685,Jukkal,4373,Mohammadabad,మొహమ్మదాబాద్,authoritative,571107,503305,,
Telangana,Mahabubnagar,512,Mohammadabad,7187,Mohammadabad,మొహమ్మదాబాద్,authoritative,574593,509337,,
Telangana,Kamareddy,685,Bibipet,6242,Mohammadapur,మొహమ్మదాపూర్,transliterated,571597,503101,,
Telangana,Sangareddy,691,Raikode,4472,Mohammadapur,మొహమ్మదాపూర్,transliterated,573289,502257,,
Telangana,Sangareddy,691,Kondapur,4491,Mohammadapur,మొహమ్మదాపూర్,transliterated,573863,502295,,
Telangana,Ranga Reddy,518,Kandukur,4545,Mohammadnagar,మొహమ్మద్నగర్,transliterated,574814,500113,,
Telangana,Mahabubnagar,512,Moosapet,6260,Mohammed Hussainpalle,మొహమ్మెద్ హుస్సైంపల్లె,transliterated,575776,509380,,
Telangana,Medak,513,Kowdipally,4480,Mohammednagar @ Munirai,మొహమ్మద్నగర్ @ మునిరై,transliterated,573552,502316,,
Telangana,Jagitial,681,Korutla,4416,Mohanrao Pet,మొహంరఒ పెత్,transliterated,572125,505453,,
Telangana,Sangareddy,691,Sangareddy,4492,Mohd.Shapur,మొహ్ద్.శపూర్,transliterated,573881,502306,,
Telangana,Rajanna Sircilla,683,Mustabad,4434,Moinkunta,మొఇంకుంట,transliterated,572443,505404,,
Telangana,Wanaparthy,693,Peddamandadi,4594,Mojerla,మోజెర్ల,transliterated,576036,509382,,
Telangana,Mahabubabad,688,Kothaguda,4710,Mokallapalle,మోకళ్లపల్లె,transliterated,578400,506135,,
Telangana,Nizamabad,516,Navipet,4358,Mokanpalle,మోకన్పల్లె,transliterated,570721,503245,,
Telangana,Ranga Reddy,518,Shankarpalle,4515,Mokila,మోకిలా,transliterated,574062,501203,,
Telangana,Nirmal,680,Kubeer,4338,Mola,మొల,transliterated,570157,504103,,
Telangana,Karimnagar,508,Shankarapatnam,4441,Molangur,మొలంగూర్,transliterated,572575,505470,,
Telangana,Nagarkurnool,694,Uppununthala,4580,Molgara,మోల్గారా,transliterated,575657,509349,,
Telangana,Nalgonda,514,Vemulapally,4644,Molka Patnam,మోల్కా పట్నం,transliterated,577056,508217,,
Telangana,Nalgonda,514,Adavidevulapalli,6304,Molkacherla,మోల్కాచెర్ల,transliterated,577474,508208,,
Telangana,Kamareddy,685,Lingampet,4388,Mombajipet,మొంబాజీపేట,transliterated,571498,503122,,
Telangana,Vikarabad,698,Dharur,4531,Mominkhurd,మోమిన్ఖుర్ద్,transliterated,574369,501121,,
Telangana,Kumuram Bheem Asifabad,699,Asifabad,4319,Mondepalle,మొండెపల్లె,transliterated,569535,504294,,
Telangana,Nirmal,680,Mamada,4346,Mondepalle,మొండెపల్లె,transliterated,570413,504310,,
Telangana,Jangoan,689,Kodakandla,4702,Mondrai,మోండ్రాయి,transliterated,578270,506302,,
Telangana,Warangal,522,Sangem,4705,Mondrai,మోండ్రాయి,transliterated,578335,506331,,
Telangana,Medchal Malkajgiri,700,Muduchinthalapally,6671,Mooduchintalaphally,మూడుచింతలఫల్లి,transliterated,574114,500101,,
Telangana,Medak,513,Narsapur,4488,Moosapet,మూసపెత్,transliterated,573755,502313,,
Telangana,Hyderabad,507,Saidabad,4511,Moosarambagh,మూసరంబాగ్,transliterated,927797,500036,,
Telangana,Yadadri Bhuvanagiri,697,Mothkur,4625,Moosipatla,మూసిపట్ల,transliterated,576691,508277,,
Telangana,Jagitial,681,Raikal,4395,Mootapalle,మూటపల్లె,transliterated,571650,505460,,
Telangana,Sangareddy,691,Munipally,4477,Moqdumpalle,మొక్దుంపల్లె,transliterated,573458,502345,,
Telangana,Rajanna Sircilla,683,Mustabad,4434,Moraipalle,మొరైపల్లె,transliterated,572439,505404,,
Telangana,Vikarabad,698,Mominpet,4513,Morangpalle,మొరంగ్పల్లె,transliterated,574007,501202,,
Telangana,Jagitial,681,Jagitial Rural,6211,Morapalli,మొరపల్లి,transliterated,572084,505455,,
Telangana,Sangareddy,691,Raikode,4472,Moratga,మొరట్గా,transliterated,573284,502257,,
Telangana,Adilabad,501,Bazarhatnoor,4323,Morekhandi,మోరేఖండి,transliterated,569645,504304,,
Telangana,Jayashankar Bhupalapally,687,Kataram,4402,Morepalle,మోరేపల్లె,transliterated,571835,505503,,
Telangana,Sangareddy,691,Nagalgidda,6280,Morgi,మొర్గి,transliterated,572747,502286,,
Telangana,Mulugu,720,Venkatapuram,4724,Morram Vanigudem [G],మొర్రం వానిగూడెం [గ్],transliterated,578796,507136,,
Telangana,Rajanna Sircilla,683,Mustabad,4434,Morrapur,మొర్రపూర్,transliterated,572445,505404,,
Telangana,Nizamabad,516,Morthad,4362,Mortad,మోర్టాడ్,transliterated,570820,503225,,
Telangana,Mulugu,720,Wajedu,4723,Morumuru (G),మొరుమురు (గ్),transliterated,578732,507136,,
Telangana,Kumuram Bheem Asifabad,699,Kagaznagar,4318,Mosam,మొసమ్,transliterated,569472,504296,,
Telangana,Nalgonda,514,Gurrampode,4657,Mosangi,మోసంగి,transliterated,577358,508257,,
Telangana,Kamareddy,685,Ramareddy,6243,Moshampur,మోషంపూర్,transliterated,571313,503144,,
Telangana,Nizamabad,516,Mosara,6668,Mosra,మోస్రా,authoritative,571198,503206,,
Telangana,Khammam,509,Bonakal,4765,Motamarri,మొతమర్రి,transliterated,579847,507204,,
Telangana,Kamareddy,685,Lingampet,4388,Motha,మోత,transliterated,571502,503120,,
Telangana,Nizamabad,516,Vailpoor,4365,Mothe,మొథె,transliterated,570874,503311,,
Telangana,Jagitial,681,Jagitial,4414,Mothe,మోతే,transliterated,572090,505455,,
Telangana,Karimnagar,508,Ramadugu,4423,Mothe,మోతే,transliterated,572232,505531,,
Telangana,Bhadradri Kothagudem,690,Burgampahad,4736,Mothe (Pattimalluru),మోతే (పట్టిమల్లూరు),transliterated,579336,507128,,
Telangana,Siddipet,692,Akberpet-Bhoompally,7524,Mothey,మోతీ,transliterated,573084,502108,,
Telangana,Suryapet,696,Mothey,4640,Mothey,మోతీ,transliterated,576990,508212,,
Telangana,Mahabubnagar,512,Balanagar,4557,Mothighanapur,మొథిఘనపూర్,transliterated,575103,509202,,
Telangana,Jagitial,681,Beerpur,6212,Mothinagar,మొథినగర్,transliterated,571671,505454,,
Telangana,Jayashankar Bhupalapally,687,Malharrao,4405,Mothkupalle,మొథ్కుపల్లె,transliterated,571926,506168,,
Telangana,Vikarabad,698,Kotepally,6312,Mothkupalle,మొత్కుపల్లె,transliterated,574394,501106,,
Telangana,Vikarabad,698,Doma,4537,Mothkur,మోత్కూర్,transliterated,574565,509335,,
Telangana,Yadadri Bhuvanagiri,697,Mothkur,4625,Mothkur,మోత్కూర్,transliterated,909709,508277,,
Telangana,Kumuram Bheem Asifabad,699,Asifabad,4319,Mothuguda,మోతుగూడ,transliterated,569504,504293,,
Telangana,Ranga Reddy,518,Moinabad,4528,Mothukupalle,మొతుకుపల్లె,transliterated,574253,501504,,
Telangana,Yadadri Bhuvanagiri,697,Mothkur,4625,Mothukur,మోతుకూరు,authoritative,576679,508277,,
Telangana,Yadadri Bhuvanagiri,697,Thurkapally,4614,Motiram Thanda,మోతిరామ్ తండ,transliterated,909953,508117,,
Telangana,Mancherial,684,Kannepally,6229,Motkupalle,మోత్కుపల్లె,transliterated,569825,504219,,
Telangana,Kumuram Bheem Asifabad,699,Dahegoan,4329,Motlaguda,మొత్లగూడ,transliterated,569880,504296,,
Telangana,Mulugu,720,Tadvai,4687,Motlagudem,మొట్లగూడెం,transliterated,578006,506347,,
Telangana,Mulugu,720,Govindaraopet,4688,Motlagudem,మొట్లగూడెం,transliterated,578028,506347,,
Telangana,Wanaparthy,693,Atmakur,4592,Motlampalle,మొట్లంపల్లె,transliterated,575983,509131,,
Telangana,Peddapalli,682,Srirampur,4407,Motlapalle,మొట్లపల్లె,transliterated,571972,505153,,
Telangana,Jayashankar Bhupalapally,687,Mogullapally,4680,Motlapalle,మొత్లపల్లె,transliterated,577778,506366,,
Telangana,Adilabad,501,Bhoraj,7529,Moudagada,మౌడగడ,transliterated,569033,504309,,
Telangana,Nizamabad,516,Mosara,6668,Moulalipur,మౌలాలీపూర్,transliterated,571200,503206,,
Telangana,Kamareddy,685,Yellareddy,4386,Moulanakhed,మౌలానాఖేడ్,transliterated,571456,503122,,
Telangana,Kumuram Bheem Asifabad,699,Asifabad,4319,Mowad,మొవద్,transliterated,569525,504293,,
Telangana,Nizamabad,516,Nizamabad Rural,6233,Mubaraknagar,ముబారకనగర్,transliterated,570929,503003,,
Telangana,Siddipet,692,Doultabad,4465,Mubarakpur,ముబారకపూర్,transliterated,573105,502278,,
Telangana,Sangareddy,691,Sadasivpet,4490,Mubarakpur,ముబారకపూర్,transliterated,573842,502291,,
Telangana,Mahabubnagar,512,Koilkonda,4569,Mubarakpur,ముబరక్పూర్,transliterated,575430,509371,,
Telangana,Khammam,509,Kalluru,4763,Mucharam,ముచ్చారం,transliterated,579785,507209,,
Telangana,Khammam,509,Kamepalli,4745,Mucharla,ముచ్చర్ల,transliterated,579474,507182,,
Telangana,Rajanna Sircilla,683,Gambhiraopet,4433,Mucherla,ముచెర్ల,authoritative,572429,505304,,
Telangana,Ranga Reddy,518,Kandukur,4545,Mucherla,ముచెర్ల,authoritative,574825,509358,,
Telangana,Warangal,522,Nallabelli,4692,Muchimpula,ముచింపుల,transliterated,578097,506350,,
Telangana,Jayashankar Bhupalapally,687,Chityal,4681,Muchiniparthi,ముచ్చినిపర్తి,transliterated,577819,506356,,
Telangana,Ranga Reddy,518,Shamshabad,4543,Muchintal,ముచింతల్,transliterated,574746,509325,,
Telangana,Nizamabad,516,Bheemgal,4364,Muchkur,ముచ్కూర్,transliterated,570857,503307,,
Telangana,Nizamabad,516,Mugpal,6235,Mudakpalle,ముదక్పల్లె,transliterated,570950,503230,,
Telangana,Rajanna Sircilla,683,Chandurthi,4419,Mudapalli,ముడపల్లి,transliterated,572169,505403,,
Telangana,Sangareddy,691,Pulkal,4478,Muddaipet,ముద్దాయిపేట,transliterated,573475,502293,,
Telangana,Medak,513,Papannapet,4455,Muddapur,ముద్దపూర్,transliterated,572868,502331,,
Telangana,Siddipet,692,Kukunoorpally,7521,Muddapur,ముద్దాపూర్,transliterated,573062,502301,,
Telangana,Jayashankar Bhupalapally,687,Mahadevpur,4403,Muddulapalle,ముద్దులపల్లె,transliterated,571853,505504,,
Telangana,Warangal,522,Duggondi,4693,Muddunoor,ముద్దునూర్,transliterated,578108,506350,,
Telangana,Nirmal,680,Mudhole,4341,Mudgal,ముద్గల్,transliterated,570235,504102,,
Telangana,Kamareddy,685,Sadashivanagar,4381,Mudhojiwadi,ముధొజివాడి,transliterated,571317,503145,,
Telangana,Nirmal,680,Mudhole,4341,Mudhole,ముదోలే,transliterated,570255,504102,,
Telangana,Nalgonda,514,Devarakonda,4653,Mudigonda,ముదిగొంద,transliterated,577236,508248,,
Telangana,Warangal,522,Nekkonda,4713,Mudigonda,ముడిగొండ,transliterated,578495,506122,,
Telangana,Khammam,509,Mudigonda,4758,Mudigonda,ముడిగొండ,transliterated,579692,507158,,
Telangana,Karimnagar,508,Chigurumamidi,4442,Mudimanikyam,ముడిమాణిక్యం,transliterated,572578,505481,,
Telangana,Ranga Reddy,518,Chevella,4529,Mudimyal,ముదిమ్యాల్,transliterated,574293,501503,,
Telangana,Nalgonda,514,Chandampeta,4652,Mududandla,ముదుదంద్ల,transliterated,577209,508258,,
Telangana,Narayanpet,721,Krishna,6264,Mudumaldoddi,ముదుమల్దొద్ది,transliterated,575928,509352,,
Telangana,Ranga Reddy,518,Kadthal,6324,Mudwin,ముద్విన్,transliterated,575281,509408,,
Telangana,Nirmal,680,Tanoor,4340,Mugli,ముగ్లి,transliterated,570212,504102,,
Telangana,Nizamabad,516,Mugpal,6235,Mugpal,ముగ్పాల్,transliterated,570938,503230,,
Telangana,Vikarabad,698,Kulkacharla,4539,Mujahidpur,ముజాహిద్పూర్,transliterated,574602,501502,,
Telangana,Khammam,509,Nelakondapalli,4759,Mujjugudem,ముజ్జుగూడెం,transliterated,579712,507160,,
Telangana,Bhadradri Kothagudem,690,Mulkalapally,4748,Mukamamidi,ముకమామిడి,transliterated,579513,507115,,
Telangana,Adilabad,501,Ichoda,4322,Mukhra (Khurd),ముఖ్రా (ఖుర్ద్),transliterated,569624,504307,,
Telangana,Jagitial,681,Velgatur,4398,Mukkatraopet,ముక్కట్రావుపేట,transliterated,571715,505526,,
Telangana,Nagarkurnool,694,Kollapur,4609,Mukkidigundam,ముక్కిడిగుండం,transliterated,909941,509102,,
Telangana,Ranga Reddy,518,Ibrahimpatnam,4546,Muknoor,ముక్నూర్,transliterated,574837,501508,,
Telangana,Jayashankar Bhupalapally,687,Palimela,6250,Muknur,ముక్నూర్,transliterated,571896,505504,,
Telangana,Nizamabad,516,Mupkal,6238,Mukpal,ముక్పాల్,transliterated,570795,503218,,
Telangana,Adilabad,501,Jainath,4307,Muktapur,ముక్తాపురం,authoritative,569063,504309,,
Telangana,Nirmal,680,Nirmal Rural,6210,Muktapur,ముక్తాపురం,authoritative,570358,504105,,
Telangana,Sangareddy,691,Nagalgidda,6280,Mukthapur,ముక్తాపూర్,transliterated,572752,502286,,
Telangana,Yadadri Bhuvanagiri,697,B Pochampally,4630,Mukthapur,ముక్తాపూర్,transliterated,576811,508284,,
Telangana,Narayanpet,721,Kosgi,4551,Mukthipahad,ముక్థిపహద్,transliterated,574954,509339,,
Telangana,Jayashankar Bhupalapally,687,Mahadevpur,4403,Muktipalle,ముక్తిపల్లె,transliterated,571872,505504,,
Telangana,Suryapet,696,Penpahad,4643,Mukunda Poor,ముకుందా పూర్,transliterated,909799,508233,,
Telangana,Suryapet,696,Nereducherla,4665,Mukunda Puram,ముకుందా పురం,transliterated,909905,508218,,
Telangana,Vikarabad,698,Yelal,4536,Mukundapur,ముకుందాపూర్,transliterated,574533,501144,,
Telangana,Suryapet,696,Maddirala,6300,Mukundapuram,ముకుందాపురం,authoritative,576605,508221,,
Telangana,Suryapet,696,Munagala,4642,Mukundapuram,ముకుందాపురం,authoritative,909794,508233,,
Telangana,Mulugu,720,Venkatapuram,4724,Mukunuru (G),ముకునూరు (గ్),transliterated,578765,507136,,
Telangana,Nagarkurnool,694,Kalwakurthy,4576,Mukural,ముకురాల్,transliterated,575589,509324,,
Telangana,Yadadri Bhuvanagiri,697,Thurkapally,4614,Mulakala Pally,ములకల పల్లీ,transliterated,576491,508115,,
Telangana,Bhadradri Kothagudem,690,Mulkalapally,4748,Mulakalapally,ములకలపల్లి,transliterated,579509,507115,,
Telangana,Bhadradri Kothagudem,690,Dummugudem,4729,Mulakanapalli,ములకనపల్లి,transliterated,578935,507137,,
Telangana,Wanaparthy,693,Atmakur,4592,Mulamalla,ములమల్ల,transliterated,575971,509131,,
Telangana,Jagitial,681,Ibrahimpatnam,4393,Mularampur,ములారాంపూర్,transliterated,571607,505450,,
Telangana,Peddapalli,682,Peddapalli,4408,Mulasala,ములసల,transliterated,571997,505162,,
Telangana,Nalgonda,514,Gurrampode,4657,Mulkala Palle,ముల్కల పల్లె,transliterated,577333,508256,,
Telangana,Jogulamba Gadwal,695,Gadwal,4603,Mulkalapalle,ముల్కలపల్లె,transliterated,576224,509133,,
Telangana,Jayashankar Bhupalapally,687,Mogullapally,4680,Mulkalapalle,ముల్కలపల్లె,transliterated,577784,506366,,
Telangana,Peddapalli,682,Kamanpur,4400,Mulkalapalli,ముల్కలపల్లి,transliterated,571773,505188,,
Telangana,Mancherial,684,Hajipur,6227,Mulkalla,ముల్కల్ల,transliterated,570609,504209,,
Telangana,Mancherial,684,Vemanpally,4330,Mulkalpet,ముల్కల్పెత్,transliterated,569914,504214,,
Telangana,Mulugu,720,Wajedu,4723,Mulkanapalle (G),ముల్కనపల్లె (గ్),transliterated,578706,507136,,
Telangana,Karimnagar,508,Chigurumamidi,4442,Mulkanoor,ముల్కనూర్,transliterated,572580,505471,,
Telangana,Hanumakonda,686,Bheemadevarpalli,4448,Mulkanoor,ముల్కనూర్,transliterated,572677,505471,,
Telangana,Mahabubabad,688,Garla,4743,Mulkanoor,ముల్కనూర్,transliterated,579441,507210,,
Telangana,Nizamabad,516,Dichpally,4377,Mullangi,ముల్లంగి,transliterated,570946,503175,,
Telangana,Nizamabad,516,Makloor,4367,Mullangi (Binala),ముల్లంగి (బినాలా),transliterated,570909,503213,,
Telangana,Siddipet,692,Mulug,4486,Mulug,ములుగ్,transliterated,573706,502279,,
Telangana,Mulugu,720,Mulug,4689,Mulug,ములుగ్,transliterated,578040,506343,,
Telangana,Khammam,509,Yerrupalem,4767,Mulugumadu,ములుగుమాడు,transliterated,579880,507201,,
Telangana,Jayashankar Bhupalapally,687,Mutharam Mahadevpur,4404,Mulugupalle,ములుగుపల్లె,transliterated,571898,505503,,
Telangana,Warangal,522,Sangem,4705,Mummadivaram,ముమ్మడివరం,transliterated,578337,506331,,
Telangana,Nagarkurnool,694,Bijinapally,4584,Mummaipally,ముమ్మాయిపల్లి,transliterated,909646,509215,,
Telangana,Wanaparthy,693,Kothakota,4593,Mummallapalle,ముమ్మళ్లపల్లె,transliterated,576018,509381,,
Telangana,Bhadradri Kothagudem,690,Cherla,4726,Mummidivaram- (Z),ముమ్మిడివరం- (జ్),transliterated,578899,507140,,
Telangana,Jogulamba Gadwal,695,Itikyala,4607,Munagala,మునగాల,authoritative,576307,509128,,
Telangana,Suryapet,696,Munagala,4642,Munagala,మునగాల,authoritative,577017,508233,,
Telangana,Khammam,509,Konijerla,4761,Munagala,మునగాల,authoritative,579763,507305,,
Telangana,Wanaparthy,693,Pebbair,4602,Munagamanudinne,మునగమనుడిన్నె,transliterated,576214,509104,,
Telangana,Jogulamba Gadwal,695,Rajoli,6296,Mundladinne,ముండ్లాడిన్నె,transliterated,576390,509126,,
Telangana,Siddipet,692,Nangnoor,4461,Mundrai,ముండ్రాయి,transliterated,573023,502375,,
Telangana,Yadadri Bhuvanagiri,697,Bommalaramaram,4613,Muneerabad,మునీరాబాద్,transliterated,576455,508126,,
Telangana,Ranga Reddy,518,Abdullapurmet,6319,Munganoor (Og),ముంగనూర్ (ఒగ్),transliterated,574210,501505,,
Telangana,Sangareddy,691,Nizampet (28),7535,Mungepalle,ముంగెపల్లె,transliterated,572836,502371,,
Telangana,Sangareddy,691,Nyalkal,4473,Mungi,ముంగి,transliterated,573327,502251,,
Telangana,Mahabubabad,688,Narsimhulapet,4719,Mungimadugu,ముంగిమడుగు,transliterated,578622,506324,,
Telangana,Narayanpet,721,Kosgi,4551,Mungimalla,ముంగిమళ్ల,transliterated,574953,509339,,
Telangana,Sangareddy,691,Kondapur,4491,Munidevunipalle,మునిదేవునిపల్లె,transliterated,573867,502295,,
Telangana,Siddipet,692,Jagdevpur,4484,Munigadapa,మునిగడప,transliterated,573668,502312,,
Telangana,Khammam,509,Kusumanchi,4755,Munigepalli,మునిగేపల్లి,transliterated,579648,507170,,
Telangana,Mahabubnagar,512,Hanwada,4555,Munimokesham,మునిమొకెశమ్,transliterated,575058,509334,,
Telangana,Nirmal,680,Laxmanchanda,4345,Munipalle,మునిపల్లె,authoritative,570391,504106,,
Telangana,Sangareddy,691,Munipally,4477,Munipally,మునిపల్లి,transliterated,573463,502345,,
Telangana,Yadadri Bhuvanagiri,697,Ramannapet,4632,Munipampula,మునిపంపుల,transliterated,576852,508113,,
Telangana,Kumuram Bheem Asifabad,699,Bejjur,4317,Munjampalle,ముంజంపల్లె,transliterated,569398,504299,,
Telangana,Karimnagar,508,Manakondur,4427,Munjampalle,ముంజంపల్లె,transliterated,572294,505469,,
Telangana,Jagitial,681,Endapalli,7539,Munjampalli,ముంజంపల్లి,transliterated,571727,505416,,
Telangana,Mahabubnagar,512,Midjil,4566,Munnanur,మున్ననూర్,transliterated,575350,509357,,
Telangana,Nirmal,680,Dasturabad,6207,Munnial,మున్నియల్,transliterated,570070,504202,,
Telangana,Nizamabad,516,Jakranpally,4366,Munpalle,మున్పల్లె,transliterated,570883,503223,,
Telangana,Suryapet,696,Chivemla,4639,Munyanaik Tanda,మున్యానాయక్ తండ,transliterated,909777,508214,,
Telangana,Mulugu,720,Kannaigudem,6251,Muppanapalle,ముప్పనపల్లె,transliterated,577878,506165,,
Telangana,Medak,513,Alladurg,4470,Mupparam,ముప్పారం,authoritative,573222,502302,,
Telangana,Hanumakonda,686,Dharmasagar,4677,Mupparam,ముప్పారం,authoritative,577717,506142,,
Telangana,Medak,513,Manoharabad,6273,Muppireddipally,ముప్పిరెడ్డిపల్లి,transliterated,573613,502336,,
Telangana,Peddapalli,682,Eligaid,4410,Muppirithota,ముప్పిరితోట,transliterated,572007,505525,,
Telangana,Hyderabad,507,Charminar,4510,Murad Mahal,మురాద్ మహల్,transliterated,927823,500002,,
Telangana,Narayanpet,721,Krishna,6264,Muraharidoddi,మురహరిదొడ్డి,transliterated,575926,509352,,
Telangana,Kumuram Bheem Asifabad,699,Penchicalpet,6313,Muraliguda,మురళీగూడ,transliterated,569438,504296,,
Telangana,Warangal,522,Rayaparthy,4703,Muripirala,మురిపిరల,transliterated,578294,506314,,
Telangana,Kumuram Bheem Asifabad,699,Kerameri,4313,Murkilonka,ముర్కిలోంక,transliterated,569299,504293,,
Telangana,Sangareddy,691,Kangti,4450,Murkunjal,ముర్కుంజల్,transliterated,572709,502287,,
Telangana,Ranga Reddy,518,Kandukur,4545,Murlinagar,ముర్లీనగర్,transliterated,574797,500113,,
Telangana,Peddapalli,682,Anthergaon,6214,Murmur,ముర్మూర్,transliterated,571741,505514,,
Telangana,Yadadri Bhuvanagiri,697,Atmakur (M),4626,Murpirala,ముర్పిరాల,transliterated,576708,508111,,
Telangana,Mahabubabad,688,Kothaguda,4710,Murraigudem,ముర్రాయిగూడెం,transliterated,578398,506135,,
Telangana,Ranga Reddy,518,Amangal,4563,Murthujapally,మూర్తుజపల్లి,transliterated,912690,509321,,
Telangana,Sangareddy,691,Nyalkal,4473,Murthujapur,ముర్తుజాపూర్,transliterated,573306,502256,,
Telangana,Ranga Reddy,518,Moinabad,4528,Murthuzaguda,ముర్తుజగూడ,transliterated,574261,501504,,
Telangana,Narayanpet,721,Makthal,4589,Musalaipalle,ముసలైపల్లె,transliterated,575899,509208,,
Telangana,Jogulamba Gadwal,695,Kaloor Thimmandoddi,6297,Musaldoddi,ముసల్దొడ్డి,authoritative,575955,509133,,
Telangana,Khammam,509,Wyra,4764,Musalimadugu,ముసలిమడుగు,authoritative,579815,507165,,
Telangana,Medak,513,Shankarampet (A),4454,Musapet,ముసాపేట,transliterated,572851,502271,,
Telangana,Nalgonda,514,Nalgonda,4646,Mushampally,ముషంపల్లి,transliterated,909832,508247,,
Telangana,Hyderabad,507,Musheerabad,4501,Musheerabad,ముషీరాబాద్,transliterated,927814,500020,,
Telangana,Nizamabad,516,Sirikonda,4379,Musheernagar,ముషీర్నగర్,transliterated,571271,503165,,
Telangana,Rajanna Sircilla,683,Sircilla,4435,Mushtipalli,ముష్టిపల్లి,transliterated,572449,505301,,
Telangana,Suryapet,696,Palakeedu,6301,Musivoddusingaram,ముసివొద్దుసింగారం,transliterated,577529,508218,,
Telangana,Rajanna Sircilla,683,Illanthakunta,4436,Muskanipet,ముస్కానిపేట,transliterated,572477,505402,,
Telangana,Medak,513,Alladurg,4470,Muslapur,ముస్లాపూర్,transliterated,573225,502269,,
Telangana,Jogulamba Gadwal,695,Ghattu,4605,Muslimpalle,ముస్లింపల్లె,transliterated,576274,509132,,
Telangana,Mahabubabad,688,Kothaguda,4710,Musmi,ముస్మి,transliterated,578433,506135,,
Telangana,Rajanna Sircilla,683,Mustabad,4434,Mustabad,ముస్తబద్,transliterated,572438,505404,,
Telangana,Siddipet,692,Mulug,4486,Mustafa Guda,ముస్తఫా గుడ,transliterated,573712,502279,,
Telangana,Rajanna Sircilla,683,Gambhiraopet,4433,Mustafanagar,ముస్తఫానగర్,transliterated,572422,505304,,
Telangana,Sangareddy,691,Raikode,4472,Mustafapur,ముస్తాఫాపూర్,transliterated,573287,502257,,
Telangana,Hanumakonda,686,Bheemadevarpalli,4448,Musthafapur,ముస్తాఫాపూర్,transliterated,572679,505471,,
Telangana,Siddipet,692,Cherial,4672,Musthiyala,ముస్తియాల,transliterated,577625,506244,,
Telangana,Peddapalli,682,Ramagiri,6216,Mustiala,ముస్తిఅల,transliterated,571762,505209,,
Telangana,Bhadradri Kothagudem,690,Dammapeta,4750,Mustibanda,ముస్తిబండ,transliterated,579554,507306,,
Telangana,Khammam,509,Bonakal,4765,Mustikuntla,ముష్టికుంట్ల,authoritative,579834,507204,,
Telangana,Yadadri Bhuvanagiri,697,Bhongir,4628,Mustyalapalle,ముస్త్యాలపల్లె,transliterated,576761,508286,,
Telangana,Hanumakonda,686,Nadikuda,6547,Mustyalpalle,ముస్త్యాల్పల్లె,transliterated,577758,506391,,
Telangana,Hanumakonda,686,Hasanparthy,4678,Mutcherla,ముచ్చర్ల,authoritative,577737,506015,,
Telangana,Medak,513,Havelighanapur,6270,Muthaipalle,ముథైపల్లె,transliterated,572906,502113,,
Telangana,Nirmal,680,Narsapur G,6208,Muthakapalli,ముతకపల్లి,transliterated,570124,504104,,
Telangana,Nizamabad,516,Nizamabad Rural,6233,Muthakunta,ముతకుంట,transliterated,570942,503206,,
Telangana,Nizamabad,516,Makloor,4367,Muthampally,ముత్తంపల్లి,transliterated,909475,503003,,
Telangana,Sangareddy,691,Patancheru,4494,Muthangi (Ct),ముతంగి (సీటీ),transliterated,573947,502300,,
Telangana,Mancherial,684,Kannepally,6229,Muthapur,ముతాపూర్,transliterated,569841,504219,,
Telangana,Mulugu,720,Govindaraopet,4688,Muthapur,ముథపూర్,transliterated,578030,506347,,
Telangana,Bhadradri Kothagudem,690,Gundala,4741,Muthapuram,ముత్తాపురం,transliterated,579415,507123,,
Telangana,Peddapalli,682,Mutharam (Manthani),4406,Mutharam,ముత్తరం,transliterated,571956,505184,,
Telangana,Karimnagar,508,Shankarapatnam,4441,Mutharam,ముత్తరం,transliterated,572569,505470,,
Telangana,Jangoan,689,Palakurthy,4697,Mutharam,ముథరమ్,transliterated,578201,506222,,
Telangana,Jayashankar Bhupalapally,687,Mutharam Mahadevpur,4404,Mutharam (Mahadevpur),ముత్తరం (మహాదేవపూర్),transliterated,571906,505503,,
Telangana,Hanumakonda,686,Bheemadevarpalli,4448,Mutharam (P.K),ముత్తరం (ప్.క్),transliterated,572678,505471,,
Telangana,Mulugu,720,Wajedu,4723,Mutharam Chowk,ముత్తరం చౌక్,transliterated,578736,507136,,
Telangana,Yadadri Bhuvanagiri,697,Bhongir,4628,Muthireddigudem,ముతిరెడ్డిగూడెం,transliterated,909740,508117,,
Telangana,Wanaparthy,693,Yedula,7533,Muthireddipalle,ముతిరెడ్డిపల్లె,transliterated,576150,509206,,
Telangana,Adilabad,501,Gudihatnoor,4310,Muthnur,ముత్నూర్,transliterated,569157,504308,,
Telangana,Jagitial,681,Velgatur,4398,Muthunur,ముతునూర్,transliterated,571716,505526,,
Telangana,Nalgonda,514,Kattangur,4635,Muthyalammagudem,ముత్యాలమ్మగూడెం,transliterated,909766,508205,,
Telangana,Yadadri Bhuvanagiri,697,Bhongir,4628,Muthyalapally,ముత్యాలపల్లి,transliterated,909733,508286,,
Telangana,Jagitial,681,Mallapur,4394,Muthyampet,ముథ్యంపెత్,transliterated,571640,505331,,
Telangana,Jagitial,681,Mallial,4413,Muthyampeta,ముత్యంపేట,transliterated,572067,505452,,
Telangana,Ranga Reddy,518,Kondurg,4558,Mutpoor,ముత్పూర్,transliterated,575142,509207,,
Telangana,Siddipet,692,Gajwel,4483,Mutrajpalle,మూత్రాజ్పల్లె,transliterated,573633,502278,,
Telangana,Medak,513,Kowdipally,4480,Mutrajpally,ముత్రజ్పల్లి,transliterated,573557,502316,,
Telangana,Khammam,509,Khammam (Rural),4756,Mutthagudem,ముత్తగూడెం,transliterated,579660,507163,,
Telangana,Khammam,509,Mudigonda,4758,Muttharam,ముత్థరమ్,transliterated,579696,507158,,
Telangana,Mancherial,684,Dandepally,4348,Mutyampet,ముత్యంపెత్,transliterated,570480,504215,,
Telangana,Kamareddy,685,Domakonda,4392,Mutyampet,ముత్యంపేట,transliterated,571584,503123,,
Telangana,Khammam,509,Tirumalayapalem,4754,Muzahidpuram,ముజాహిద్పురం,transliterated,579606,507161,,
Telangana,Jagitial,681,Mallial,4413,Myadampalle,మ్యదంపల్లె,transliterated,572063,505452,,
Telangana,Peddapalli,682,Dharmaram,4411,Myadaram,మ్యాదరం,transliterated,572018,505416,,
Telangana,Peddapalli,682,Mutharam (Manthani),4406,Mydambanda,మైదంబంద,transliterated,571948,505212,,
Telangana,Kamareddy,685,Nasurullabad,6244,Mylaram,మైలారం,authoritative,571167,503301,,
Telangana,Nagarkurnool,694,Balmoor,4597,Mylaram,మైలారం,authoritative,576094,509401,,
Telangana,Nalgonda,514,Kanagal,4656,Mylaram,మైలారం,authoritative,577322,508247,,
Telangana,Jayashankar Bhupalapally,687,Ghanpur (Mulug),4683,Mylaram,మైలారం,authoritative,577846,506345,,
Telangana,Hanumakonda,686,Shayampet,4691,Mylaram,మైలారం,authoritative,578076,506319,,
Telangana,Warangal,522,Rayaparthy,4703,Mylaram,మైలారం,authoritative,578293,506314,,
Telangana,Mahabubabad,688,Kothaguda,4710,Mylaram,మైలారం,authoritative,578407,506135,,
Telangana,Suryapet,696,Penpahad,4643,N.Annaram,న్.అన్నారం,transliterated,909797,508214,,
Telangana,Bhadradri Kothagudem,690,Dummugudem,4729,N.Laxmipuram,న్.లక్ష్మీపురం,transliterated,578946,507137,,
Telangana,Nirmal,680,Kaddam Peddur,4335,Nachan Yellapur,నచ్చన్ యెల్లాపూర్,transliterated,570059,504203,,
Telangana,Jayashankar Bhupalapally,687,Malharrao,4405,Nacharam,నాచారం,transliterated,571934,506168,,
Telangana,Bhadradri Kothagudem,690,Dammapeta,4750,Nacharam,నాచారం,transliterated,579549,507306,,
Telangana,Khammam,509,Enkoor,4753,Nacharam,నాచారం,transliterated,579599,507168,,
Telangana,Siddipet,692,Siddipet Urban,4459,Nacharpalle,నాచార్పల్లె,transliterated,572995,502277,,
Telangana,Khammam,509,Nelakondapalli,4759,Nachepally,నాచేపల్లి,transliterated,579715,507160,,
Telangana,Warangal,522,Duggondi,4693,Nachinapalle,నచ్చినపల్లె,transliterated,578115,506331,,
Telangana,Kamareddy,685,Nasurullabad,6244,Nachpalle,నచ్పల్లె,transliterated,571179,503301,,
Telangana,Jagitial,681,Kodimial,4420,Nachupalle,నచుపల్లె,transliterated,572176,505501,,
Telangana,Ranga Reddy,518,Saroornagar,4526,Nadargul (Og),నాదర్గుల్ (ఒగ్),transliterated,574225,501510,,
Telangana,Nizamabad,516,Dichpally,4377,Nadepalle,నాదేపల్లె,transliterated,571224,503175,,
Telangana,Nalgonda,514,Dameracherla,4663,Nadigadda,నడిగడ్డ,authoritative,909894,508208,,
Telangana,Sangareddy,691,Manoor,4451,Nadigadda Hukrana,నడిగడ్డ హుక్రాన,transliterated,572761,502286,,
Telangana,Suryapet,696,Nadigudem,4641,Nadigudem,నడిగూడెం,transliterated,577004,508234,,
Telangana,Hanumakonda,686,Nadikuda,6547,Nadikuda,నడికూడా,transliterated,577760,506391,,
Telangana,Bhadradri Kothagudem,690,Dummugudem,4729,Nadikudi,నడికుడి,authoritative,578982,507137,,
Telangana,Nagarkurnool,694,Achampet,4579,Nadimpalle,నడింపల్లె,authoritative,575639,509375,,
Telangana,Sangareddy,691,Andole,4479,Nadlapur,నడ్లాపూర్,transliterated,573515,502270,,
Telangana,Jagitial,681,Mallapur,4394,Nadukuda,నడుకూడా,transliterated,571631,505331,,
Telangana,Jagitial,681,Kathlapur,4418,Naga Mallappakunta,నాగా మల్లప్పకుంట,transliterated,572143,505327,,
Telangana,Yadadri Bhuvanagiri,697,Thurkapally,4614,Nagai Palle,నాగై పల్లె,transliterated,576488,508117,,
Telangana,Kamareddy,685,Jukkal,4373,Nagalgaon,నాగల్గాన్,transliterated,571094,503309,,
Telangana,Sangareddy,691,Nagalgidda,6280,Nagalgidda,నగల్గిద్ద,transliterated,572741,502286,,
Telangana,Wanaparthy,693,Amarchintha,6290,Nagalkadumur,నాగల్కడుమూర్,transliterated,575859,509130,,
Telangana,Medchal Malkajgiri,700,Gandimaisamma Dundigal,6316,Nagaloor,నాగలూర్,transliterated,574068,500043,,
Telangana,Adilabad,501,Neradigonda,4325,Nagamalyal,నాగమల్యాల్,transliterated,569738,504323,,
Telangana,Kamareddy,685,Pitlam,4384,Nagampalle,నాగంపల్లి,authoritative,571412,503310,,
Telangana,Mancherial,684,Kotapally,4351,Nagampet,నాగంపేట,transliterated,570534,504214,,
Telangana,Nizamabad,516,Mupkal,6238,Nagampet,నగంపెత్,transliterated,570800,503218,,
Telangana,Nirmal,680,Nirmal Rural,6210,Naganaipet,నాగనాయిపేట,transliterated,570344,504106,,
Telangana,Nizamabad,516,Bodhan,4370,Naganpalle,నాగన్పల్లె,transliterated,570996,503185,,
Telangana,Sangareddy,691,Kangti,4450,Naganpalle,నాగన్పల్లె,transliterated,572722,502287,,
Telangana,Ranga Reddy,518,Ibrahimpatnam,4546,Naganpalle,నగంపల్లె,transliterated,574833,501508,,
Telangana,Kumuram Bheem Asifabad,699,Kerameri,4313,Nagapur,నాగాపూర్,transliterated,569300,504293,,
Telangana,Adilabad,501,Utnoor,4321,Nagapur,నాగాపూర్,transliterated,569579,504311,,
Telangana,Adilabad,501,Boath,4324,Nagapur,నాగాపూర్,transliterated,569708,504304,,
Telangana,Nirmal,680,Sarangapur,4336,Nagapur,నాగాపూర్,transliterated,570079,504110,,
Telangana,Nizamabad,516,Balkonda,4361,Nagapur,నాగాపూర్,transliterated,570794,503217,,
Telangana,Nizamabad,516,Kammarpally,4363,Nagapur,నాగాపూర్,transliterated,570827,503308,,
Telangana,Kamareddy,685,Birkur,4375,Nagapur,నాగాపూర్,transliterated,571161,503321,,
Telangana,Sangareddy,691,Narayankhed,4452,Nagapur,నాగాపూర్,transliterated,572790,502286,,
Telangana,Medak,513,Havelighanapur,6270,Nagapur,నాగాపూర్,transliterated,572893,502113,,
Telangana,Sangareddy,691,Sangareddy,4492,Nagapur,నాగాపూర్,transliterated,573882,502306,,
Telangana,Wanaparthy,693,Revally,6286,Nagapur,నాగాపూర్,transliterated,576068,509235,,
Telangana,Siddipet,692,Cherial,4672,Nagapuri,నగపురి,transliterated,577621,506223,,
Telangana,Nirmal,680,Lokeswaram,4342,Nagar,నగర్,transliterated,570285,504104,,
Telangana,Wanaparthy,693,Srirangapur,6288,Nagarala,నగరాల,transliterated,576199,509120,,
Telangana,Kamareddy,685,Lingampet,4388,Nagaram,నగరం,authoritative,571505,503124,,
Telangana,Jagitial,681,Dharmapuri,4397,Nagaram,నగరం,authoritative,571701,505425,,
Telangana,Peddapalli,682,Kamanpur,4400,Nagaram,నగరం,authoritative,571760,505188,,
Telangana,Peddapalli,682,Manthani,4401,Nagaram,నగరం,authoritative,571786,505184,,
Telangana,Rajanna Sircilla,683,Konaraopet,4431,Nagaram,నగరం,authoritative,572384,505301,,
Telangana,Siddipet,692,Husnabad,4444,Nagaram,నగరం,authoritative,572609,505466,,
Telangana,Sangareddy,691,Hathnoora,4489,Nagaram,నగరం,authoritative,573813,502313,,
Telangana,Vikarabad,698,Bantwaram,4532,Nagaram,నగరం,authoritative,574381,501106,,
Telangana,Ranga Reddy,518,Maheshwaram,4544,Nagaram,నగరం,authoritative,574766,501218,,
Telangana,Mahabubnagar,512,Devarakadra,4573,Nagaram,నగరం,authoritative,575516,509204,,
Telangana,Yadadri Bhuvanagiri,697,Valigonda,4627,Nagaram,నగరం,authoritative,576742,508112,,
Telangana,Hanumakonda,686,Hasanparthy,4678,Nagaram,నగరం,authoritative,577738,506371,,
Telangana,Hanumakonda,686,Parkal,4679,Nagaram,నగరం,authoritative,577752,506391,,
Telangana,Jayashankar Bhupalapally,687,Bhupalpally,4682,Nagaram,నగరం,authoritative,577834,506169,,
Telangana,Jangoan,689,Lingalaghanpur,4700,Nagaram,నగరం,authoritative,578243,506201,,
Telangana,Warangal,522,Nekkonda,4713,Nagaram,నగరం,authoritative,578511,506122,,
Telangana,Bhadradri Kothagudem,690,Palvoncha,4737,Nagaram,నగరం,authoritative,579364,507115,,
Telangana,Suryapet,696,Jajireddygudem,4623,Nagaram,నగరం,authoritative,909705,508279,,
Telangana,Medchal Malkajgiri,700,Keesara,4522,Nagaram (Ct),నగరం (సీటీ),transliterated,574150,500083,,
Telangana,Jogulamba Gadwal,695,Dharoor,4591,Nagardoddi,నగర్‌దొడ్డి,authoritative,575943,509133,,
Telangana,Jogulamba Gadwal,695,Maldakal,4604,Nagardoddi,నగర్‌దొడ్డి,authoritative,576255,509127,,
Telangana,Ranga Reddy,518,Shabad,4542,Nagarkunta,నాగర్కుంట,transliterated,574707,509217,,
Telangana,Mahabubnagar,512,Jadcherla,4567,Nagasala,నాగశాల,transliterated,575381,509302,,
Telangana,Mancherial,684,Dandepally,4348,Nagasamudram,నాగసముద్రం,authoritative,570461,504206,,
Telangana,Vikarabad,698,Dharur,4531,Nagasamundar,నాగసముందర్,transliterated,574340,501121,,
Telangana,Vikarabad,698,Yelal,4536,Nagasamundar,నాగసముందర్,transliterated,574518,501144,,
Telangana,Wanaparthy,693,Srirangapur,6288,Nagasanipalle,నాగసానిపల్లె,authoritative,576208,509104,,
Telangana,Wanaparthy,693,Srirangapur,6288,Nagasanipalle,నాగసానిపల్లె,authoritative,912461,509104,,
Telangana,Medak,513,Kowdipally,4480,Nagasanpally,నగసంపల్లి,transliterated,573554,502316,,
Telangana,Wanaparthy,693,Wanaparthy,4595,Nagavaram,నాగవరం,authoritative,576048,509106,,
Telangana,Khammam,509,Madhira,4766,Nagavarappadu,నాగవరప్పాడు,authoritative,579857,507203,,
Telangana,Sangareddy,691,Nizampet (28),7535,Nagdhar,నాగ్ధర్,transliterated,572835,502371,,
Telangana,Kumuram Bheem Asifabad,699,Koutala,4316,Nagepalle,నాగేపల్లె,transliterated,569382,504299,,
Telangana,Peddapalli,682,Manthani,4401,Nagepalle,నాగేపల్లె,transliterated,571803,505184,,
Telangana,Jayashankar Bhupalapally,687,Mahadevpur,4403,Nagepalle,నగెపల్లె,transliterated,571852,505503,,
Telangana,Peddapalli,682,Ramagiri,6216,Nagepalli,నాగేపల్లి,transliterated,571774,505212,,
Telangana,Peddapalli,682,Ramagiri,6216,Nagepally,నగెపల్లి,transliterated,909518,505212,,
Telangana,Nizamabad,516,Navipet,4358,Nagepur,నాగేపూర్,transliterated,570715,503245,,
Telangana,Khammam,509,Chinthakani,4760,Nagili Gonda,నాగిలి గొండ,transliterated,579747,507208,,
Telangana,Ranga Reddy,518,Madgul,4564,Nagilla,నాగిల్లా,transliterated,575295,509327,,
Telangana,Bhadradri Kothagudem,690,Burgampahad,4736,Nagineniprolu,నాగినేనిప్రోలు,transliterated,579337,507114,,
Telangana,Mahabubnagar,512,Hanwada,4555,Naginonipalle,నాగినోనిపల్లె,transliterated,575063,509334,,
Telangana,Yadadri Bhuvanagiri,697,Bhongir,4628,Nagireddi Palle,నాగిరెడ్డి పల్లె,transliterated,576776,508285,,
Telangana,Ranga Reddy,518,Moinabad,4528,Nagireddiguda,నాగిరెడ్డిగూడ,transliterated,574276,501504,,
Telangana,Ranga Reddy,518,Kadthal,6324,Nagireddiguda,నాగిరెడ్డిగూడ,transliterated,575255,500075,,
Telangana,Ranga Reddy,518,Maheshwaram,4544,Nagireddipalle,నాగిరెడ్డిపల్లె,authoritative,574769,509325,,
Telangana,Narayanpet,721,Narwa,4588,Nagireddipalle,నాగిరెడ్డిపల్లె,authoritative,575848,509130,,
Telangana,Jangoan,689,Bachannapet,4674,Nagireddipalle,నాగిరెడ్డిపల్లె,authoritative,577654,506221,,
Telangana,Karimnagar,508,Gangadhara,4422,Nagireddipur,నాగిరెడ్డిపూర్,transliterated,572208,505445,,
Telangana,Suryapet,696,Nereducherla,4665,Nagireddy Gudem,నాగిరెడ్డి గుడెం,transliterated,909902,508218,,
Telangana,Sangareddy,691,Kohir,4475,Nagireddy Palle,నాగిరెడ్డిపల్లి,authoritative,573400,502210,,
Telangana,Kamareddy,685,Nagireddypet,4387,Nagireddypet,నాగిరెడ్డిపేట,transliterated,571490,503108,,
Telangana,Medchal Malkajgiri,700,Muduchinthalapally,6671,Nagisettipally,నాగిశెట్టిపల్లి,transliterated,574132,500101,,
Telangana,Kamareddy,685,Gandhari,4382,Naglur,నాగ్లూర్,transliterated,571344,503114,,
Telangana,Adilabad,501,Narnoor,4312,Nagolkonda,నాగోల్కొండ,transliterated,569254,504311,,
Telangana,Sangareddy,691,Kangti,4450,Nagoor [B],నగూర్ [బ్],transliterated,572714,502286,,
Telangana,Sangareddy,691,Kangti,4450,Nagoor [K],నాగూర్ [క్],transliterated,572713,502286,,
Telangana,Nizamabad,516,Bodhan,4370,Nagora,నగొర,transliterated,571001,503185,,
Telangana,Nirmal,680,Pembi,6206,Nagpur,నాగ్పూర్,transliterated,570444,504203,,
Telangana,Warangal,522,Nallabelli,4692,Nagrajpalle,నాగ్రాజపల్లె,transliterated,578094,506350,,
Telangana,Adilabad,501,Bela,4308,Nagrala,నాగ్రాల,transliterated,569095,504309,,
Telangana,Vikarabad,698,Dharur,4531,Nagsanpalle,నాగ్సన్పల్లె,transliterated,574373,501121,,
Telangana,Vikarabad,698,Kotepally,6312,Nagsanpalle,నాగ్సన్పల్లె,transliterated,574395,501106,,
Telangana,Khammam,509,Chinthakani,4760,Nagula Vancha,నాగుల వంచ,transliterated,579744,507208,,
Telangana,Karimnagar,508,Kothapally,6230,Nagulamalial,నాగులమాలియల్,transliterated,572301,505401,,
Telangana,Suryapet,696,Penpahad,4643,Nagulapahad,నాగులపహాడ్,transliterated,577032,508214,,
Telangana,Sangareddy,691,Vatpally,6291,Nagulapalle,ఎం.నాగుల పల్లి,authoritative,573234,502269,,
Telangana,Medak,513,Toopran,4482,Nagulapalle,ఎం.నాగుల పల్లి,authoritative,573584,502335,,
Telangana,Vikarabad,698,Pargi,4540,Nagulapalle,ఎం.నాగుల పల్లి,authoritative,574651,501501,,
Telangana,Ranga Reddy,518,Farooqnagar,4559,Nagulapalle,ఎం.నాగుల పల్లి,authoritative,575179,509216,,
Telangana,Nagarkurnool,694,Kodair,4600,Nagulapalle,ఎం.నాగుల పల్లి,authoritative,576157,509206,,
Telangana,Sangareddy,691,Hathnoora,4489,Naguldevpalle,నాగులదేవపల్లె,transliterated,573792,502296,,
Telangana,Medak,513,Narsapur,4488,Nagulpalle,నాగుల్పల్లె,transliterated,573754,502313,,
Telangana,Sangareddy,691,Sadasivpet,4490,Nagulpalle,నాగుల్పల్లె,transliterated,573826,502291,,
Telangana,Vikarabad,698,Peddemul,4533,Nagulpalle,నాగుల్పల్లె,transliterated,574409,501142,,
Telangana,Jagitial,681,Korutla,4416,Nagulpet,నాగుల్పేట,transliterated,572121,505462,,
Telangana,Jagitial,681,Sarangapur,4396,Nagunur,నాగునూర్,transliterated,571682,505529,,
Telangana,Karimnagar,508,Karimnagar,6231,Nagunur,నాగునూర్,transliterated,572309,505415,,
Telangana,Bhadradri Kothagudem,690,Dammapeta,4750,Nagupalli,నాగుపల్లి,transliterated,579548,507306,,
Telangana,Sangareddy,691,Raikode,4472,Nagwar,నాగ్వార్,transliterated,573273,502256,,
Telangana,Bhadradri Kothagudem,690,Dammapeta,4750,Naidupeta,నైదుపేట,transliterated,579552,507306,,
Telangana,Mahabubabad,688,Gudur,4711,Naikpalle,నాయక్పల్లె,transliterated,578470,506112,,
Telangana,Sangareddy,691,Nyalkal,4473,Naimatabad,నైమతబద్,transliterated,573330,502249,,
Telangana,Medak,513,Narsapur,4488,Naimatullaguda,నైమతుల్లగూడ,transliterated,573781,502313,,
Telangana,Jayashankar Bhupalapally,687,Chityal,4681,Nain Paka,నైన్ పాకా,transliterated,577812,506170,,
Telangana,Mahabubabad,688,Nellikudur,4716,Nainala,నైనల,transliterated,578561,506368,,
Telangana,Ranga Reddy,518,Chevella,4529,Naincheru,నైంచేరు,transliterated,574301,501503,,
Telangana,Bhadradri Kothagudem,690,Burgampahad,4736,Nakiriapeta,నకిరియాపేట,transliterated,579344,507114,,
Telangana,Suryapet,696,Mellachervu,4671,Nakkagudem,నక్కగూడెం,transliterated,910380,508246,,
Telangana,Nalgonda,514,Narketpally,4634,Nakkala Palle,నక్కల పల్లె,transliterated,576882,508254,,
Telangana,Khammam,509,Madhira,4766,Nakkalagaruvu,నక్కలగరువు,transliterated,579863,507203,,
Telangana,Ranga Reddy,518,Moinabad,4528,Nakkalapalle,నక్కలపల్లె,transliterated,574267,501504,,
Telangana,Warangal,522,Khila Warangal,6246,Nakkalapalli,నక్కలపల్లి,transliterated,578163,506005,,
Telangana,Adilabad,501,Boath,4324,Nakkalawada,నక్కలవాడ,transliterated,569688,504304,,
Telangana,Ranga Reddy,518,Yacharam,4548,Nakkarta,నక్కర్త,transliterated,574891,501509,,
Telangana,Siddipet,692,Koheda,4443,Nakkira Kommula,నక్కిర కొమ్ముల,transliterated,572600,505466,,
Telangana,Nalgonda,514,Nakrekal,4636,Nakrekal (Ct),నక్రెకల్ (చ్త్),transliterated,576931,508211,,
Telangana,Nirmal,680,Mamada,4346,Naldurthi,నల్దుర్తి,transliterated,570424,504310,,
Telangana,Nizamabad,516,Navipet,4358,Naleshwar,నలేశ్వర్,transliterated,570701,503246,,
Telangana,Nalgonda,514,Nalgonda,4646,Nalgonda,నల్లగొండ,authoritative,956048,508001,,
Telangana,Bhadradri Kothagudem,690,Julurpadu,4746,Nallabandabodu,నల్లబండబోదు,transliterated,579483,507166,,
Telangana,Warangal,522,Nallabelli,4692,Nallabelly,నల్లబెల్లి,transliterated,578099,506350,,
Telangana,Ranga Reddy,518,Manchal,4547,Nallacheru,నల్లచేరు,transliterated,574860,501508,,
Telangana,Jagitial,681,Kodimial,4420,Nallagonda,నల్లగొండ,authoritative,572179,505501,,
Telangana,Karimnagar,508,Thimmapur LMD,4438,Nallagonda,నల్లగొండ,authoritative,572522,505481,,
Telangana,Jayashankar Bhupalapally,687,Kataram,4402,Nallagunta,నల్లకుంట,authoritative,571838,505503,,
Telangana,Jayashankar Bhupalapally,687,Mutharam Mahadevpur,4404,Nallagunta (Meenajipeta),నల్లగుంట (మీనాజీపేట),transliterated,571908,505503,,
Telangana,Kamareddy,685,Lingampet,4388,Nallamadugu,నల్లమడుగు,transliterated,571501,503124,,
Telangana,Sangareddy,691,Raikode,4472,Nallampalle,నల్లంపల్లె,transliterated,573290,502257,,
Telangana,Nizamabad,516,Indalwai,6236,Nallavalle,నల్లవాళ్లే,transliterated,571252,503164,,
Telangana,Sangareddy,691,Gummadidala,6277,Nallavally,నల్లవల్లి,transliterated,573899,502313,,
Telangana,Nagarkurnool,694,Nagarkurnool,4583,Nallavelli,నల్లవెల్లి,transliterated,575720,509209,,
Telangana,Ranga Reddy,518,Yacharam,4548,Nallavelly,నల్లవెల్లి,transliterated,574895,501509,,
Telangana,Mahabubabad,688,Kuravi,4721,Nallela,నల్లెల,transliterated,578665,506105,,
Telangana,Nizamabad,516,Mupkal,6238,Nallur,నల్లూరు,authoritative,570788,503218,,
Telangana,Sangareddy,691,Jinnaram,4493,Nalthur,నల్థుర్,transliterated,573916,502319,,
Telangana,Sangareddy,691,Narayankhed,4452,Namalimet,నమలిమెట్,transliterated,572785,502286,,
Telangana,Nalgonda,514,Marriguda,4649,Namapoor,నామపూర్,transliterated,909837,508245,,
Telangana,Jagitial,681,Pegadapalli,4421,Namapur,నామాపూర్,transliterated,572199,505531,,
Telangana,Rajanna Sircilla,683,Mustabad,4434,Namapur,నామాపూర్,transliterated,572434,505404,,
Telangana,Nalgonda,514,Gattuppal,7526,Namapur,నమపూర్,transliterated,577150,508245,,
Telangana,Yadadri Bhuvanagiri,697,Bhongir,4628,Namathpally,నామత్పల్లి,transliterated,909737,508285,,
Telangana,Yadadri Bhuvanagiri,697,Bhongir,4628,Namathpally,నామత్పల్లి,transliterated,909738,508285,,
Telangana,Kumuram Bheem Asifabad,699,Rebbena,4327,Nambal,నంబల్,transliterated,569793,504292,,
Telangana,Nalgonda,514,Pedda Adesherlapally,4658,Nambapuram,నంబపురం,transliterated,577381,508266,,
Telangana,Vikarabad,698,Bomaraspeta,4550,Namdarpur,నాందార్పూర్,transliterated,574928,509350,,
Telangana,Jagitial,681,Kodimial,4420,Namilikonda,నమిలికొండ,transliterated,572184,505501,,
Telangana,Jangoan,689,Ghanpur (Station),4676,Namilligonda,నమిల్లిగొంద,transliterated,577704,506143,,
Telangana,Kamareddy,685,Nasurullabad,6244,Namli,నమ్లి,transliterated,571169,503301,,
Telangana,Mancherial,684,Hajipur,6227,Namnur,నామ్నూర్,transliterated,570607,504207,,
Telangana,Rajanna Sircilla,683,Vemulawada,4430,Nampalli,నాంపల్లి,transliterated,572363,505302,,
Telangana,Hyderabad,507,Nampally,4504,Nampally,నాంపల్లి,transliterated,927781,500001,,
Telangana,Peddapalli,682,Odela,4426,Namsanipalle,నంశానిపల్లె,transliterated,572273,505162,,
Telangana,Ranga Reddy,518,Shamshabad,4543,Nanajpur,నానాజ్పూర్,transliterated,574728,501218,,
Telangana,Ranga Reddy,518,Yacharam,4548,Nanaknagar,నానకనగర్,transliterated,574889,501509,,
Telangana,Wanaparthy,693,Kothakota,4593,Nancharammapet,నంచారమ్మపేట,transliterated,576023,509104,,
Telangana,Mahabubabad,688,Thorrur,4715,Nancharimadur,నంచరిమదూర్,transliterated,578525,506317,,
Telangana,Yadadri Bhuvanagiri,697,Atmakur (M),4626,Nancharipet,నంచారిపేట,transliterated,909716,508111,,
Telangana,Jagitial,681,Pegadapalli,4421,Nancherla,నాంచర్ల,transliterated,572191,505532,,
Telangana,Mahabubnagar,512,Mohammadabad,7187,Nancherla,నంచెర్ల,transliterated,574585,509337,,
Telangana,Jagitial,681,Pegadapalli,4421,Nandagiri,నందగిరి,transliterated,572196,505531,,
Telangana,Nirmal,680,Narsapur G,6208,Nandan,నందన్,transliterated,570121,504104,,
Telangana,Yadadri Bhuvanagiri,697,Bhongir,4628,Nandanam,నందనం,authoritative,576773,508285,,
Telangana,Hanumakonda,686,Inavole,6249,Nandanam,నందనం,authoritative,578313,506313,,
Telangana,Nirmal,680,Kubeer,4338,Nandapahad,నందపహద్,transliterated,570138,504103,,
Telangana,Vikarabad,698,Doulathabad,4552,Nandaram,నందరం,transliterated,574974,509336,,
Telangana,Nirmal,680,Tanoor,4340,Nandgam,నందగామ్,transliterated,570225,504102,,
Telangana,Hyderabad,507,Bahadurpura,4508,Nandi Muslaiguda,నంది ముస్లైగూడ,transliterated,927801,500064,,
Telangana,Nalgonda,514,Miryalaguda,4664,Nandi Pahad (Part),నంది పహాడ్ (పార్ట్),transliterated,577496,508208,,
Telangana,Narayanpet,721,Kothapally (15),7537,Nandigam,నందిగం,authoritative,575052,509371,,
Telangana,Ranga Reddy,518,Nandigama,6321,Nandigam,నందిగం,authoritative,575220,509228,,
Telangana,Jayashankar Bhupalapally,687,Bhupalpally,4682,Nandigama,నందిగామ,authoritative,577836,506169,,
Telangana,Warangal,522,Nallabelli,4692,Nandigama,నందిగామ,authoritative,578086,506350,,
Telangana,Adilabad,501,Talamadugu,4309,Nandigaon,నందిగాన్,transliterated,569146,504308,,
Telangana,Kumuram Bheem Asifabad,699,Penchicalpet,6313,Nandigaon,నందిగాంవ్,transliterated,569440,504296,,
Telangana,Nizamabad,516,Navipet,4358,Nandigaon,నందిగాంవ్,transliterated,570698,503245,,
Telangana,Medak,513,Nizampet,6271,Nandigaon,నందిగాంవ్,transliterated,572938,502102,,
Telangana,Sangareddy,691,Patancheru,4494,Nandigaon,నందిగాన్,transliterated,573938,502300,,
Telangana,Sangareddy,691,Sadasivpet,4490,Nandikandi (Og),నందికండి (ఒగ్),transliterated,573845,502306,,
Telangana,Nalgonda,514,Peddavoora,4659,Nandikonda,నందికొండ,transliterated,577401,508202,,
Telangana,Nalgonda,514,Nidmanoor,4661,Nandikondavarigudem,నందికొండవారిగూడెం,transliterated,909872,508278,,
Telangana,Wanaparthy,693,Amarchintha,6290,Nandimalla,నందిమల్ల,transliterated,575965,509131,,
Telangana,Jogulamba Gadwal,695,Kaloor Thimmandoddi,6297,Nandinne,నందిన్నె,authoritative,576258,509129,,
Telangana,Bhadradri Kothagudem,690,Aswaraopeta,4749,Nandipadu,నందిపాడు,authoritative,579520,507301,,
Telangana,Narayanpet,721,Maddur,4554,Nandipahad,నందిపహద్,transliterated,575024,509411,,
Telangana,Ranga Reddy,518,Maheshwaram,4544,Nandipalle,నందిపల్లె,authoritative,574765,501218,,
Telangana,Nizamabad,516,Nandipet,4359,Nandipet,నందిపేట,transliterated,570753,503212,,
Telangana,Kamareddy,685,Tadwai,4389,Nandiwada,నందివాడ,transliterated,571534,503120,,
Telangana,Ranga Reddy,518,Yacharam,4548,Nandiwanaparthy,నందివానపర్తి,transliterated,574885,501509,,
Telangana,Mancherial,684,Nennel,4331,Nandulapalle,నందులపల్లె,transliterated,569925,504219,,
Telangana,Kumuram Bheem Asifabad,699,Asifabad,4319,Nandupa,నందుప,transliterated,569490,504293,,
Telangana,Siddipet,692,Nangnoor,4461,Nanganur,నంగనూర్,transliterated,573038,502280,,
Telangana,Warangal,522,Nallabelli,4692,Narakkapet,నరక్కపేట,transliterated,578100,506132,,
Telangana,Bhadradri Kothagudem,690,Aswaraopeta,4749,Naramvarigudem,నరంవారిగూడెం,transliterated,579536,507301,,
Telangana,Suryapet,696,Nadigudem,4641,Naranayapuram,నరనాయపురం,transliterated,909786,508234,,
Telangana,Khammam,509,Wyra,4764,Narapunenipalli,నరపునేనిపల్లి,transliterated,579813,507165,,
Telangana,Kumuram Bheem Asifabad,699,Kagaznagar,4318,Narapur,నరాపూర్,transliterated,569449,504296,,
Telangana,Nagarkurnool,694,Balmoor,4597,Narasaipalle,నరసాయిపల్లె,transliterated,576096,509401,,
Telangana,Siddipet,692,Maddur,4673,Narasaipalle,నరసాయిపల్లె,transliterated,577638,506223,,
Telangana,Mancherial,684,Chennur,4356,Narasakkapet,నరసక్కపేట,transliterated,570678,504201,,
Telangana,Kamareddy,685,Kamareddy,4390,Narasannapalle,నరసన్నపల్లె,transliterated,571563,503102,,
Telangana,Narayanpet,721,Narayanpet,4570,Narasappapalle,నరసప్పపల్లె,transliterated,575460,509210,,
Telangana,Sangareddy,691,Narayankhed,4452,Narasapur,నరసాపూర్,transliterated,572786,502286,,
Telangana,Mulugu,720,Venkatapur,4684,Narasapuram,నరసాపురం,authoritative,577859,506343,,
Telangana,Khammam,509,Mudigonda,4758,Narasapuram D,నరసాపురం డ్,transliterated,579704,507158,,
Telangana,Suryapet,696,Munagala,4642,Narasimhulagudem,నరసింహులగూడెం,transliterated,909792,508233,,
Telangana,Karimnagar,508,Gangadhara,4422,Narasimhulapalle,నరసింహులపల్లె,transliterated,572206,505531,,
Telangana,Mancherial,684,Jaipur,4355,Narasingapuram,నరసింగాపురం,transliterated,570639,504216,,
Telangana,Suryapet,696,Penpahad,4643,Narayana Gudem,నారాయణ గుడెం,transliterated,909798,508233,,
Telangana,Nalgonda,514,Anumula,4660,Narayana Poor,నారాయణ పూర్,transliterated,577415,508278,,
Telangana,Hanumakonda,686,Dharmasagar,4677,Narayanagiri,నారాయణగిరి,authoritative,577716,506142,,
Telangana,Suryapet,696,Atmakur (S),4622,Narayanagudem,నారాయణగూడెం,transliterated,576635,508212,,
Telangana,Suryapet,696,Munagala,4642,Narayanagudem,నారాయణగూడెం,transliterated,909793,508233,,
Telangana,Rajanna Sircilla,683,Yellareddipet,4432,Narayanapur,నరయనపూర్,transliterated,572409,505303,,
Telangana,Siddipet,692,Koheda,4443,Narayanapur,నారాయణపూర్,transliterated,572598,505481,,
Telangana,Vikarabad,698,Vikarabad,4530,Narayanapur,నారాయణపూర్,transliterated,574321,501101,,
Telangana,Yadadri Bhuvanagiri,697,Narayanpur,4648,Narayanapur,నారాయణపూర్,transliterated,577138,508253,,
Telangana,Jangoan,689,Bachannapet,4674,Narayanapur,నరయనపూర్,transliterated,577667,506221,,
Telangana,Mahabubabad,688,Kuravi,4721,Narayanapur,నరయనపూర్,transliterated,578654,506112,,
Telangana,Bhadradri Kothagudem,690,Dummugudem,4729,Narayanapuram,నారాయణపురం,authoritative,578930,507137,,
Telangana,Khammam,509,Kalluru,4763,Narayanapuram,నారాయణపురం,authoritative,579805,507209,,
Telangana,Khammam,509,Bonakal,4765,Narayanapuram,నారాయణపురం,authoritative,579843,507204,,
Telangana,Bhadradri Kothagudem,690,Dummugudem,4729,Narayanarao Peta,నారాయణరావు పెటా,transliterated,579001,507137,,
Telangana,Bhadradri Kothagudem,690,Palvoncha,4737,Narayanarao Peta,నరయనరఒ పెత,transliterated,579368,507115,,
Telangana,Sangareddy,691,Narayankhed,4452,Narayankhed (Ct),నారాయణఖేడ్ (సీటీ),transliterated,572812,502286,,
Telangana,Nizamabad,516,Jakranpally,4366,Narayanpet,నారాయణపేట,authoritative,570885,503223,,
Telangana,Adilabad,501,Bela,4308,Narayanpur,నారాయణపూర్,authoritative,569073,504309,,
Telangana,Adilabad,501,Boath,4324,Narayanpur,నారాయణపూర్,authoritative,569703,504304,,
Telangana,Kumuram Bheem Asifabad,699,Rebbena,4327,Narayanpur,నారాయణపూర్,authoritative,569805,504292,,
Telangana,Mancherial,684,Chennur,4356,Narayanpur,నారాయణపూర్,authoritative,570668,504201,,
Telangana,Nizamabad,516,Navipet,4358,Narayanpur,నారాయణపూర్,authoritative,570720,503245,,
Telangana,Karimnagar,508,Gangadhara,4422,Narayanpur,నారాయణపూర్,authoritative,572210,505445,,
Telangana,Medak,513,Narsapur,4488,Narayanpur,నారాయణపూర్,authoritative,573768,502313,,
Telangana,Medchal Malkajgiri,700,Muduchinthalapally,6671,Narayanpur,నారాయణపూర్,authoritative,574112,500101,,
Telangana,Vikarabad,698,Tandur,4534,Narayanpur,నారాయణపూర్,authoritative,574464,501141,,
Telangana,Vikarabad,698,Pargi,4540,Narayanpur,నారాయణపూర్,authoritative,574647,501501,,
Telangana,Jogulamba Gadwal,695,Manopad,4611,Narayanpur,నారాయణపూర్,authoritative,576396,509128,,
Telangana,Siddipet,692,Narayanaraopet,6670,Narayanraopet,నారాయణరావుపేట,transliterated,572979,502107,,
Telangana,Nalgonda,514,Kattangur,4635,Naregudem,నారెగూడెం,transliterated,909768,508205,,
Telangana,Medchal Malkajgiri,700,Ghatkesar,4523,Narepally,నారేపల్లి,authoritative,574175,500088,,
Telangana,Nalgonda,514,Narketpally,4634,Narketpalle,నర్కెట్పల్లె,transliterated,576891,508254,,
Telangana,Nizamabad,516,Vailpoor,4365,Narkhoda,నర్ఖోడా,transliterated,570879,503307,,
Telangana,Ranga Reddy,518,Shamshabad,4543,Narkhuda,నర్ఖుడా,authoritative,574731,501218,,
Telangana,Nizamabad,516,Donkeshwar,7530,Narkodh,నర్కోధ్,transliterated,570734,503212,,
Telangana,Nalgonda,514,Tripuraram,4662,Narlakantiguda,నర్లకంటిగూడ,transliterated,577466,508208,,
Telangana,Medak,513,Nizampet,6271,Narlapur,నర్లాపూర్,transliterated,572948,502102,,
Telangana,Hanumakonda,686,Nadikuda,6547,Narlapur,నర్లపూర్,transliterated,577748,506391,,
Telangana,Mulugu,720,Tadvai,4687,Narlapur,నర్లాపూర్,transliterated,577961,506347,,
Telangana,Nagarkurnool,694,Kollapur,4609,Narlapuram,నార్లపురం,authoritative,576358,509102,,
Telangana,Warangal,522,Sangem,4705,Narlavai,నర్లవై,transliterated,578336,506331,,
Telangana,Rajanna Sircilla,683,Gambhiraopet,4433,Narmala,నర్మల,transliterated,572423,505304,,
Telangana,Jangoan,689,Narmetta,4675,Narmetta,నర్మెట్టా,transliterated,577679,506175,,
Telangana,Adilabad,501,Narnoor,4312,Narnoor,నర్నూర్,transliterated,569242,504311,,
Telangana,Nalgonda,514,Nidmanoor,4661,Narrammagudem,నర్రమ్మగూడెం,transliterated,909873,508278,,
Telangana,Ranga Reddy,518,Ibrahimpatnam,4546,Narrepalle,నర్రేపల్లె,transliterated,574835,501508,,
Telangana,Nagarkurnool,694,Nagarkurnool,4583,Narsaipalle,నర్సైపల్లె,transliterated,575740,509209,,
Telangana,Nagarkurnool,694,Kodair,4600,Narsaipalle,నర్సైపల్లె,transliterated,576162,509102,,
Telangana,Medak,513,Narsingi,6272,Narsampalle,నర్సంపల్లె,transliterated,573131,502248,,
Telangana,Siddipet,692,Mulug,4486,Narsampalle,నర్సంపల్లె,transliterated,573713,502279,,
Telangana,Nagarkurnool,694,Urkonda,6295,Narsampalle,నర్సంపల్లె,transliterated,575344,509320,,
Telangana,Ranga Reddy,518,Madgul,4564,Narsampally,నర్సంపల్లి,transliterated,909583,509327,,
Telangana,Medak,513,Toopran,4482,Narsampally Patti Velur,నర్సంపల్లి పట్టి వేలూర్,transliterated,573671,502334,,
Telangana,Warangal,522,Narsampet,4708,Narsampet (Ct),నర్సంపేట (సీటీ),transliterated,578369,506132,,
Telangana,Kamareddy,685,Mohammadnagar,7520,Narsapoor,నర్సాపూర్,transliterated,571419,503302,,
Telangana,Ranga Reddy,518,Kothur,4560,Narsappaguda,నర్సప్పగూడ,transliterated,909570,509228,,
Telangana,Kumuram Bheem Asifabad,699,Kerameri,4313,Narsapur,నర్సాపూర్,authoritative,569289,504293,,
Telangana,Adilabad,501,Ichoda,4322,Narsapur,నర్సాపూర్,authoritative,569627,504307,,
Telangana,Nirmal,680,Kaddam Peddur,4335,Narsapur,నర్సాపూర్,authoritative,570058,504202,,
Telangana,Nirmal,680,Narsapur G,6208,Narsapur,నర్సాపూర్,authoritative,570312,504104,,
Telangana,Nirmal,680,Laxmanchanda,4345,Narsapur,నర్సాపూర్,authoritative,570374,504106,,
Telangana,Mancherial,684,Dandepally,4348,Narsapur,నర్సాపూర్,authoritative,570476,504206,,
Telangana,Nizamabad,516,Kammarpally,4363,Narsapur,నర్సాపూర్,authoritative,570835,503307,,
Telangana,Nizamabad,516,Bodhan,4370,Narsapur,నర్సాపూర్,authoritative,570990,503180,,
Telangana,Peddapalli,682,Eligaid,4410,Narsapur,నర్సాపూర్,authoritative,572013,505525,,
Telangana,Sangareddy,691,Jharasangam,4476,Narsapur,నర్సాపూర్,authoritative,573408,502246,,
Telangana,Medak,513,Narsapur,4488,Narsapur,నర్సాపూర్,authoritative,573778,502313,,
Telangana,Vikarabad,698,Dharur,4531,Narsapur,నర్సాపూర్,authoritative,574342,501121,,
Telangana,Narayanpet,721,Damargidda,4553,Narsapur,నర్సాపూర్,authoritative,575000,509407,,
Telangana,Jangoan,689,Tharigoppula,6257,Narsapur,నర్సాపూర్,authoritative,577676,506224,,
Telangana,Adilabad,501,Utnoor,4321,Narsapur (Buzurg),నర్సాపూర్ (బుజుర్గ్),transliterated,569559,504346,,
Telangana,Siddipet,692,Siddipet Urban,4459,Narsapur (Ct),నర్సపూర్ (చ్త్),transliterated,572998,502375,,
Telangana,Adilabad,501,Utnoor,4321,Narsapur (Khurd),నర్సాపూర్ (ఖుర్ద్),transliterated,569566,504346,,
Telangana,Kamareddy,685,Gandhari,4382,Narsapur (Mudholi),నర్సాపూర్ (ముధోలి),transliterated,571347,503187,,
Telangana,Adilabad,501,Utnoor,4321,Narsapur (New),నర్సాపూర్ (న్యూ),transliterated,569592,504346,,
Telangana,Mulugu,720,Tadvai,4687,Narsapur (P.A),నర్సాపూర్ (ప్.అ),transliterated,577996,506344,,
Telangana,Mulugu,720,Tadvai,4687,Narsapur (P.L),నర్సపూర్ (ప్.ల్),transliterated,578005,506344,,
Telangana,Yadadri Bhuvanagiri,697,Rajapeta,4615,Narsapuram,నర్సాపురం,transliterated,576504,508105,,
Telangana,Yadadri Bhuvanagiri,697,Valigonda,4627,Narsapuram,నర్సాపురం,transliterated,576718,508112,,
Telangana,Bhadradri Kothagudem,690,Dummugudem,4729,Narsapuram,నర్సాపురం,transliterated,578991,507137,,
Telangana,Bhadradri Kothagudem,690,Annapureddypalli,6268,Narsapuram,నర్సాపురం,transliterated,579496,507316,,
Telangana,Mahabubabad,688,Gangaram,6253,Narsiguda,నర్సిగూడ,transliterated,578425,506135,,
Telangana,Nagarkurnool,694,Kollapur,4609,Narsimhapuram,జీ.నరసింహాపురం,authoritative,576349,509105,,
Telangana,Mulugu,720,Mangapet,4686,Narsimhasagar,నరసింహసాగర్,transliterated,577936,506172,,
Telangana,Nalgonda,514,Miryalaguda,4664,Narsimhulaguda,నర్సింహులగూడ,transliterated,577501,508208,,
Telangana,Mahabubabad,688,Nellikudur,4716,Narsimhulagudem,నర్సింహులగూడెం,transliterated,578567,506104,,
Telangana,Rajanna Sircilla,683,Thangallapalli,6217,Narsimhulapalli,నర్సింహులపల్లి,transliterated,572466,505405,,
Telangana,Mahabubabad,688,Narsimhulapet,4719,Narsimhulapet,నర్సింహులపేట,transliterated,578615,506324,,
Telangana,Jagitial,681,Pegadapalli,4421,Narsimhunipeta,నర్సింహునిపేట,transliterated,572200,505532,,
Telangana,Jagitial,681,Beerpur,6212,Narsimlapalli,నర్సింలపల్లి,transliterated,571675,505454,,
Telangana,Nizamabad,516,Dichpally,4377,Narsingapoor,నర్సింగాపూర్,transliterated,909497,503164,,
Telangana,Mancherial,684,Jannaram,4334,Narsingapur,నరసింగాపూర్,transliterated,570018,504205,,
Telangana,Peddapalli,682,Dharmaram,4411,Narsingapur,నరసింగాపూర్,transliterated,572015,505416,,
Telangana,Jagitial,681,Jagitial Rural,6211,Narsingapur,నరసింగాపూర్,transliterated,572088,505455,,
Telangana,Rajanna Sircilla,683,Boinpalli,4429,Narsingapur,నరసింగాపూర్,transliterated,572342,505524,,
Telangana,Wanaparthy,693,Madanapur,6289,Narsingapur,నరసింగాపూర్,transliterated,575999,509110,,
Telangana,Jangoan,689,Kodakandla,4702,Narsingapur,నర్సింగపూర్,transliterated,578274,506222,,
Telangana,Nagarkurnool,694,Kollapur,4609,Narsingaraopalle,నర్సింగరావుపల్లె,transliterated,576364,509105,,
Telangana,Nalgonda,514,Nalgonda,4646,Narsinghbatla,నర్సింగ్బాట్ల,transliterated,909817,508244,,
Telangana,Ranga Reddy,518,Gandipet,6320,Narsingi,నర్సింగి,transliterated,909539,500089,,
Telangana,Ranga Reddy,518,Rajendranagar,4527,Narsingi (Ct),నర్సింగి (సీటీ),transliterated,574242,500089,,
Telangana,Nizamabad,516,Mugpal,6235,Narsingpally,నర్సింగ్పల్లి,transliterated,909479,503230,,
Telangana,Kamareddy,685,Nizamsagar,4385,Narsingraopalle,నర్సింగ్రఒపల్లె,transliterated,571436,503310,,
Telangana,Kamareddy,685,Mohammadnagar,7520,Narva,నర్వ,authoritative,571427,503302,,
Telangana,Nalgonda,514,Chinthapally,4650,Nasarla Pally,నాసర్ల పల్లీ,transliterated,577179,508250,,
Telangana,Nirmal,680,Narsapur G,6208,Naseerabad,నసీరాబాద్,transliterated,570313,504306,,
Telangana,Jangoan,689,Chilpur,6259,Nashkal,నష్కల్,authoritative,577698,506144,,
Telangana,Vikarabad,698,Pargi,4540,Naskal,నస్కల్,transliterated,574630,501501,,
Telangana,Jogulamba Gadwal,695,Rajoli,6296,Nasnoor,నస్నూర్,transliterated,909943,509135,,
Telangana,Jogulamba Gadwal,695,Rajoli,6296,Nasnur,నాసనూర్,authoritative,576378,509135,,
Telangana,Mancherial,684,Naspur,6226,Naspur,నాస్పూర్,transliterated,909463,504302,,
Telangana,Mancherial,684,Mancherial,4354,Naspur (Ct),నాస్పూర్ (సీటీ),transliterated,570613,504302,,
Telangana,Mahabubnagar,512,Jadcherla,4567,Nasrullabad,నస్రుల్లాబాద్,transliterated,575382,509302,,
Telangana,Jayashankar Bhupalapally,687,Kataram,4402,Nasthur Palle,నస్థుర్ పల్లె,transliterated,571833,505503,,
Telangana,Sangareddy,691,Hathnoora,4489,Nastipur,నస్తీపూర్,transliterated,573799,502296,,
Telangana,Kamareddy,685,Nasurullabad,6244,Nasurullabad,నసురుల్లాబాద్,transliterated,571168,503321,,
Telangana,Wanaparthy,693,Kothakota,4593,Natavalli,నటవల్లి,transliterated,576022,509104,,
Telangana,Wanaparthy,693,Wanaparthy,4595,Natchahalli,నట్చహళ్లి,transliterated,576052,509106,,
Telangana,Yadadri Bhuvanagiri,697,Valigonda,4627,Nathallagudem,నాథల్లగూడెం,transliterated,909728,508112,,
Telangana,Jayashankar Bhupalapally,687,Chityal,4681,Navabpet,నవబ్పెత్,transliterated,577810,506356,,
Telangana,Kumuram Bheem Asifabad,699,Wankidi,4314,Navegaon,నవేగాన్,transliterated,569320,504295,,
Telangana,Kumuram Bheem Asifabad,699,Sirpur (T),4315,Navegaon,నవేగాన్,transliterated,569343,504299,,
Telangana,Kumuram Bheem Asifabad,699,Rebbena,4327,Navegaon,నవేగాన్,transliterated,569781,504292,,
Telangana,Nizamabad,516,Navipet,4358,Navipet,నవిపేట,transliterated,570718,503245,,
Telangana,Nirmal,680,Kaddam Peddur,4335,Nawabpet,నవాబ్పేట,authoritative,570049,504202,,
Telangana,Medak,513,Shivampet,4487,Nawabpet,నవాబ్పేట,authoritative,573747,502313,,
Telangana,Vikarabad,698,Nawabpet,4514,Nawabpet,నవాబ్పేట,authoritative,574035,501111,,
Telangana,Mahabubnagar,512,Nawabpet,4556,Nawabpet,నవాబ్పేట,authoritative,909559,509340,,
Telangana,Sangareddy,691,Hathnoora,4489,Nawabpet,నవాబ్పేట,authoritative,912071,502296,,
Telangana,Karimnagar,508,Chigurumamidi,4442,Nawabpeta,నవాబ్ పేట,authoritative,572586,505467,,
Telangana,Hyderabad,507,Bandlaguda,4509,Nawabsahebkunta,నవాబ్సాహెబ్కుంటా,transliterated,927807,500053,,
Telangana,Khammam,509,Kusumanchi,4755,Nayakangudem,నాయకంగూడెం,transliterated,579639,507159,,
Telangana,Ranga Reddy,518,Yacharam,4548,Nazdik Singaram,నజ్దిక్ సింగారం,transliterated,574886,501509,,
Telangana,Ranga Reddy,518,Moinabad,4528,Nazeebnagar,నజీబ్నగర్,transliterated,574274,501504,,
Telangana,Vikarabad,698,Dudyal,7540,Nazkhanpalle,నజ్ఖాన్పల్లె,transliterated,574934,509350,,
Telangana,Kumuram Bheem Asifabad,699,Kagaznagar,4318,Nazrulnagar,నజ్రుల్నగర్,transliterated,569459,504296,,
Telangana,Ranga Reddy,518,Kandukur,4545,Nednur,నెడ్నూర్,transliterated,574817,500113,,
Telangana,Karimnagar,508,Thimmapur LMD,4438,Nedunur,నెడునూర్,transliterated,572519,505530,,
Telangana,Nizamabad,516,Renjal,4357,Neela,నీల,transliterated,570686,503235,,
Telangana,Jogulamba Gadwal,695,Dharoor,4591,Neelahalli,నీలహళ్లి,authoritative,575940,509133,,
Telangana,Nirmal,680,Nirmal Rural,6210,Neelaipet,నీలైపేట,transliterated,570339,504106,,
Telangana,Jayashankar Bhupalapally,687,Palimela,6250,Neelampalle,నీలంపల్లె,transliterated,571893,505504,,
Telangana,Mahabubabad,688,Kothaguda,4710,Neelampalle,నీలంపల్లె,transliterated,578403,506135,,
Telangana,Vikarabad,698,Basheerabad,4535,Neelapalle,నీలపల్లె,transliterated,574493,501143,,
Telangana,Jogulamba Gadwal,695,Maldakal,4604,Neelipally,నీలిపల్లి,transliterated,909677,509132,,
Telangana,Sangareddy,691,Andole,4479,Neerdigunta,నీర్దిగుంట,transliterated,573510,502270,,
Telangana,Jangoan,689,Devaruppula,4701,Neermiala,నీర్మియాల,transliterated,578257,506303,,
Telangana,Yadadri Bhuvanagiri,697,Ramannapet,4632,Neernemula,నీర్ణేముల,transliterated,576849,508113,,
Telangana,Peddapalli,682,Sulthanabad,4425,Neerukulla,నీరుకుళ్ల,transliterated,572256,505185,,
Telangana,Hanumakonda,686,Athmakur,4694,Neerukulla,నీరుకుళ్ల,transliterated,578144,506342,,
Telangana,Vikarabad,698,Doulathabad,4552,Neetur,నీటూర్,transliterated,574972,509350,,
Telangana,Nalgonda,514,Tirumalagiri Sagar,6306,Nehatapur,నెహతాపూర్,transliterated,577451,508278,,
Telangana,Nizamabad,516,Yedapally,4369,Nehru Nager,నెహ్రూ నాగెర్,transliterated,909483,503186,,
Telangana,Warangal,522,Nekkonda,4713,Nekkonda,నెక్కొండ,authoritative,578500,506122,,
Telangana,Ranga Reddy,518,Gandipet,6320,Neknampur (Og),నెక్నాంపూర్ (ఒగ్),transliterated,574246,500089,,
Telangana,Khammam,509,Nelakondapalli,4759,Nelakondapally,నెలకొందపల్లి,transliterated,579716,507160,,
Telangana,Suryapet,696,Munagala,4642,Nelamarri,నెలమర్రి,transliterated,577011,508214,,
Telangana,Yadadri Bhuvanagiri,697,Choutuppal,4631,Nelapatla,నెలపట్ల,transliterated,576834,508252,,
Telangana,Khammam,509,Kusumanchi,4755,Nelapatla,నెలపట్ల,transliterated,579647,507170,,
Telangana,Wanaparthy,693,Madanapur,6289,Nelividi,నెలివిడి,transliterated,575998,509110,,
Telangana,Nalgonda,514,Tirumalagiri Sagar,6306,Nellikal,నెల్లికల్,transliterated,577403,508202,,
Telangana,Mahabubnagar,512,Chinnachintakunta,4587,Nellikondi,నెల్లికొంది,transliterated,575818,509409,,
Telangana,Mahabubabad,688,Nellikudur,4716,Nellikudur,నేల్లికుడుర్,authoritative,578562,506368,,
Telangana,Bhadradri Kothagudem,690,Aswapuram,4728,Nellipaka,నెల్లిపాక,authoritative,578929,507128,,
Telangana,Jangoan,689,Lingalaghanpur,4700,Nellutla,నెల్లుట్ల,authoritative,578244,506175,,
Telangana,Suryapet,696,Chinthalapalem,6303,Nemalipuri,నెమలిపురి,transliterated,577604,508246,,
Telangana,Khammam,509,Kamepalli,4745,Nemalipury,నెమలిపురి,transliterated,579466,507122,,
Telangana,Yadadri Bhuvanagiri,697,Bibinagar,4629,Nemarugomula,నెమరుగోముల,transliterated,576786,508126,,
Telangana,Yadadri Bhuvanagiri,697,Rajapeta,4615,Nemila,నేమిలా,transliterated,576507,508105,,
Telangana,Nalgonda,514,Narketpally,4634,Nemmani,నెమ్మని,transliterated,576888,508254,,
Telangana,Suryapet,696,Atmakur (S),4622,Nemmikal,నెమ్మికల్,transliterated,576638,508212,,
Telangana,Mancherial,684,Nennel,4331,Nennal,నెన్నల్,transliterated,569916,504219,,
Telangana,Mahabubabad,688,Kuravi,4721,Nerada,నేరడ,authoritative,578647,506104,,
Telangana,Khammam,509,Chinthakani,4760,Nerada,నేరడ,authoritative,579734,507208,,
Telangana,Narayanpet,721,Maganoor,4590,Neradgam,నేరద్గం,transliterated,575914,509208,,
Telangana,Adilabad,501,Gudihatnoor,4310,Neradigonda,నేరడిగొండ,transliterated,569158,504308,,
Telangana,Adilabad,501,Neradigonda,4325,Neradigonda,నేరడిగొండ,transliterated,569734,504323,,
Telangana,Adilabad,501,Sirikonda,6224,Neradigonda (K),నేరడిగొండ (క్),transliterated,569637,504307,,
Telangana,Kamareddy,685,Gandhari,4382,Neral,నెరల్,transliterated,571342,503114,,
Telangana,Nalgonda,514,Nampally,4654,Nerallapalle,నెరల్లపల్లె,transliterated,577264,508245,,
Telangana,Jayashankar Bhupalapally,687,Bhupalpally,4682,Neredpalle,నెరెద్పల్లె,transliterated,577822,506168,,
Telangana,Hanumakonda,686,Shayampet,4691,Neredpalle,నేరేడ్పల్లె,transliterated,578084,506349,,
Telangana,Suryapet,696,Mothey,4640,Nereduavai,నేరేడుఅవై,transliterated,576982,508212,,
Telangana,Jagitial,681,Dharmapuri,4397,Nerella,నెరెల్ల,transliterated,571696,505454,,
Telangana,Rajanna Sircilla,683,Thangallapalli,6217,Nerella,నేరెళ్ల,transliterated,572464,505405,,
Telangana,Mahabubnagar,512,Balanagar,4557,Nerellapalle,నేరెళ్లపల్లె,transliterated,575107,509202,,
Telangana,Nagarkurnool,694,Thimmajipet,4575,Nerellapalle,నేరెళ్లపల్లె,transliterated,575562,509302,,
Telangana,Nalgonda,514,Chandur,4655,Nermata,నేర్మాట,transliterated,577297,508255,,
Telangana,Kumuram Bheem Asifabad,699,Rebbena,4327,Nerpalle,నేర్పల్లె,transliterated,569786,504292,,
Telangana,Jogulamba Gadwal,695,Maldakal,4604,Nethivanipalle,నేతివానిపల్లె,authoritative,576240,509132,,
Telangana,Kumuram Bheem Asifabad,699,Sirpur U,4326,Netnur,నెత్నుర్,transliterated,569761,504313,,
Telangana,Jogulamba Gadwal,695,Dharoor,4591,Nettempadu,నెట్టెంపాడు,authoritative,575942,509133,,
Telangana,Nirmal,680,Soan,6209,New Bopparam,న్యూ బొప్పరం,transliterated,570384,504105,,
Telangana,Nirmal,680,Dilawarpur,4343,New Lolam (R.C.),న్యూ లోలం (ర్.సీ.),transliterated,570309,504306,,
Telangana,Nirmal,680,Nirmal Rural,6210,New Mujigi,న్యూ ముజిగి,transliterated,570349,504306,,
Telangana,Nirmal,680,Nirmal Rural,6210,New Pochampad,న్యూ పోచంపాడ్,transliterated,570354,504106,,
Telangana,Nirmal,680,Lokeswaram,4342,New Raipur (K) R.C,న్యూ రాయ్పూర్ (క్) ర్.సీ,transliterated,570291,504104,,
Telangana,Nirmal,680,Soan,6209,New Velmal,న్యూ వెల్మల్,transliterated,570382,504105,,
Telangana,Khammam,509,Madhira,4766,Nidanapuram,నిదానపురం,transliterated,579859,507203,,
Telangana,Yadadri Bhuvanagiri,697,Ramannapet,4632,Nidhanapalle,నిధనపల్లె,transliterated,576846,508113,,
Telangana,Jangoan,689,Ragunathpally,4698,Nidigonda,నిడిగొండ,transliterated,578211,506244,,
Telangana,Nirmal,680,Kubeer,4338,Nighwa,నిఘ్వా,transliterated,570156,504103,,
Telangana,Adilabad,501,Boath,4324,Nigini,నిగిని,transliterated,569686,504304,,
Telangana,Nizamabad,516,Donkeshwar,7530,Nikalpur,నికల్పూర్,transliterated,570730,503212,,
Telangana,Kumuram Bheem Asifabad,699,Asifabad,4319,Nimbada,నింబడ,transliterated,569500,504294,,
Telangana,Jayashankar Bhupalapally,687,Mutharam Mahadevpur,4404,Nimmagudem,నిమ్మగూడెం,transliterated,571904,505503,,
Telangana,Mulugu,720,Tadvai,4687,Nimmagudem,నిమ్మగూడెం,transliterated,578016,506344,,
Telangana,Peddapalli,682,Peddapalli,4408,Nimmanapalle,నిమ్మనపల్లె,authoritative,571989,505185,,
Telangana,Rajanna Sircilla,683,Konaraopet,4431,Nimmapalle,నిమ్మపల్లె,transliterated,572371,505301,,
Telangana,Adilabad,501,Bheempur,6223,Nippani,నిప్పని,transliterated,568957,504312,,
Telangana,Adilabad,501,Jainath,4307,Nirala,నిరాల,transliterated,569045,504309,,
Telangana,Ranga Reddy,518,Keshampet,4561,Nirdavelly,నిర్దవెల్లి,transliterated,575245,509408,,
Telangana,Wanaparthy,693,Kothakota,4593,Nirven,నిర్వేణ్,transliterated,576006,509381,,
Telangana,Adilabad,501,Adilabad Rural,6221,Nishaghat,నిషాఘాట్,transliterated,568986,504346,,
Telangana,Kumuram Bheem Asifabad,699,Kerameri,4313,Nishani,నిషాని,transliterated,569283,504293,,
Telangana,Peddapalli,682,Peddapalli,4408,Nittur,నిట్టూర్,transliterated,571988,505174,,
Telangana,Mahabubnagar,512,Moosapet,6260,Nizalapur,నిజలపూర్,transliterated,575803,509380,,
Telangana,Rajanna Sircilla,683,Konaraopet,4431,Nizamabad,నిజామాబాదు,authoritative,572379,505301,,
Telangana,Nizamabad,516,Nizamabad South,6385,Nizamabad,నిజామాబాదు,authoritative,956050,503001,,
Telangana,Sangareddy,691,Nizampet (28),7535,Nizampet,నిజాంపేట,transliterated,572784,502371,,
Telangana,Medak,513,Nizampet,6271,Nizampet,నిజాంపేట,transliterated,572941,502102,,
Telangana,Medchal Malkajgiri,700,Bachupally,6315,Nizampet (Og),నిజాంపేట (ఒగ్),transliterated,574078,500090,,
Telangana,Adilabad,501,Jainath,4307,Nizampur,నిజాంపూర్,transliterated,569044,504309,,
Telangana,Nizamabad,516,Navipet,4358,Nizampur,నిజాంపూర్,transliterated,570703,503246,,
Telangana,Ranga Reddy,518,Manchal,4547,Nomula,నోముల,transliterated,574865,501508,,
Telangana,Nalgonda,514,Nakrekal,4636,Nomula,నోముల,transliterated,576919,508211,,
Telangana,Rajanna Sircilla,683,Vemulawada Rural,6218,Nookalamarri,నూకలమర్రి,transliterated,572351,505524,,
Telangana,Jagitial,681,Mallial,4413,Nookapalle,నూకపల్లె,transliterated,572060,505452,,
Telangana,Vikarabad,698,Bantwaram,4532,Noorullapur,నూరుల్లాపూర్,transliterated,574389,501106,,
Telangana,Suryapet,696,Nuthanakal,4621,Noothankal,నూతంకల్,transliterated,576611,508221,,
Telangana,Nizamabad,516,Donkeshwar,7530,Noothpalle,నూత్పల్లె,transliterated,570738,503212,,
Telangana,Ranga Reddy,518,Chevella,4529,Nowlaipalle,నౌలైపల్లె,transliterated,574278,501503,,
Telangana,Mulugu,720,Venkatapuram,4724,Nuguru(Z),నుగురు(జ్),transliterated,578770,507136,,
Telangana,Khammam,509,Enkoor,4753,Nukalampadu,నుకలంపదు,transliterated,579605,507167,,
Telangana,Kumuram Bheem Asifabad,699,Wankidi,4314,Nukewada,నుకెవాడ,transliterated,569318,504295,,
Telangana,Yadadri Bhuvanagiri,697,Gundala,4618,Nunegudem,నునెగూడెం,transliterated,909963,508277,,
Telangana,Karimnagar,508,Thimmapur LMD,4438,Nustulapur,నుస్తులాపూర్,transliterated,572518,505481,,
Telangana,Khammam,509,Thallada,4762,Nutankal,నూతన్కల్,authoritative,579772,507167,,
Telangana,Karimnagar,508,Gangadhara,4422,Nyalakonda Palle,న్యాలకొండ పల్లె,transliterated,572215,505445,,
Telangana,Jangoan,689,Lingalaghanpur,4700,Nyalapogula,న్యాలపోగుల,transliterated,578255,506303,,
Telangana,Ranga Reddy,518,Chevella,4529,Nyalata,న్యలత,transliterated,574286,501503,,
Telangana,Nizamabad,516,Mugpal,6235,Nyalkal,న్యాల్కల్,authoritative,570939,503230,,
Telangana,Sangareddy,691,Nyalkal,4473,Nyalkal,న్యాల్కల్,authoritative,573322,502256,,
Telangana,Ranga Reddy,518,Kadthal,6324,Nyamathapur,న్యామతాపూర్,transliterated,575254,509408,,
Telangana,Nizamabad,516,Sirikonda,4379,Nyavandi,న్యావండి,transliterated,571259,503165,,
Telangana,Ranga Reddy,518,Shabad,4542,Obagunta,ఒబగుంట,transliterated,574714,509217,,
Telangana,Jangoan,689,Jangoan,4699,Oblakeshvapur,ఒబ్లకెశ్వపూర్,transliterated,578231,506221,,
Telangana,Siddipet,692,Chinnakodur,4460,Oblapur,ఓబ్లాపూర్,transliterated,573026,502267,,
Telangana,Narayanpet,721,Utkoor,4571,Oblapur,ఓబ్లాపూర్,transliterated,575480,509210,,
Telangana,Hanumakonda,686,Damera,6375,Oblapur,ఓబ్లాపూర్,transliterated,578133,506006,,
Telangana,Jagitial,681,Mallapur,4394,Obulapur,ఓబులాపూర్,transliterated,571622,505331,,
Telangana,Jagitial,681,Mallial,4413,Obulapur,ఒబులపూర్,transliterated,572055,505452,,
Telangana,Jangoan,689,Zaffergadh,4696,Obulapur,ఓబులాపూర్,transliterated,578180,506316,,
Telangana,Rajanna Sircilla,683,Thangallapalli,6217,Obulapur(Pk),ఓబులాపూర్(పీకే),transliterated,572456,505405,,
Telangana,Rajanna Sircilla,683,Illanthakunta,4436,Obulapuram (P.A),ఓబులాపురం (ప్.అ),transliterated,572467,505402,,
Telangana,Jagitial,681,Raikal,4395,Oddelingapur,ఒద్దెలింగపూర్,transliterated,571651,505460,,
Telangana,Mulugu,720,Eturunagaram,4685,Oddugudem,ఒద్దుగూడెం,transliterated,577902,506165,,
Telangana,Karimnagar,508,Gangadhara,4422,Oddyaram,ఒద్ద్యారం,transliterated,572219,505524,,
Telangana,Peddapalli,682,Mutharam (Manthani),4406,Odedu,ఓడేడు,transliterated,571958,505184,,
Telangana,Peddapalli,682,Odela,4426,Odela,ఓదెల,authoritative,572275,505152,,
Telangana,Jayashankar Bhupalapally,687,Kataram,4402,Odipilavancha,ఒదిపిలవంచ,transliterated,571827,505503,,
Telangana,Vikarabad,698,Tandur,4534,Ogipur,ఒగిపూర్,transliterated,574451,501141,,
Telangana,Nalgonda,514,Nakrekal,4636,Ogode,ఒగోడే,transliterated,576916,508211,,
Telangana,Nirmal,680,Kuntala,4337,Ola,ఒలా,transliterated,570114,504109,,
Telangana,Medchal Malkajgiri,700,Balanagar,4517,Old Bowenpally,ఓల్డ్ బోవెన్పల్లి,transliterated,931504,500011,,
Telangana,Nirmal,680,Soan,6209,Old Pochampad,ఓల్డ్ పోచంపాడ్,transliterated,570366,504105,,
Telangana,Ranga Reddy,518,Hayathnagar,4525,Omarkhandaira,ఒమర్ఖండైరా,transliterated,909535,501512,,
Telangana,Ranga Reddy,518,Abdullapurmet,6319,Omerkhan Daira (Ct),ఒమెర్ఖాన్ దైరా (సీటీ),transliterated,574203,501512,,
Telangana,Mulugu,720,Venkatapuram,4724,Ontichintalagudem [G],ఒంటిచింతలగూడెం [గ్],transliterated,578812,507136,,
Telangana,Warangal,522,Geesugonda,4707,Ookal (H),ఊకల్ (హ్),transliterated,578350,506330,,
Telangana,Warangal,522,Rayaparthy,4703,Ookal (P.R),ఊకల్ (ప్.ర్),transliterated,578302,506314,,
Telangana,Mulugu,720,Tadvai,4687,Oorattam,ఊరట్టం,transliterated,577953,506347,,
Telangana,Mahabubabad,688,Kothaguda,4710,Ootai,ఊటై,transliterated,578395,506135,,
Telangana,Sangareddy,691,Jinnaram,4493,Ootla,ఊట్ల,transliterated,573910,502319,,
Telangana,Mahabubabad,688,Gudur,4711,Ootla,ఊట్ల,transliterated,578465,506103,,
Telangana,Nalgonda,514,Gurrampode,4657,Ootlapalle,ఊట్లపల్లె,transliterated,577343,508256,,
Telangana,Nizamabad,516,Bodhan,4370,Ootpalle,ఊత్పల్లె,transliterated,571006,503180,,
Telangana,Jagitial,681,Kathlapur,4418,Ootpalle,ఊత్పల్లె,transliterated,572146,505462,,
Telangana,Vikarabad,698,Doma,4537,Ootpalle,ఊత్పల్లె,transliterated,574541,501502,,
Telangana,Ranga Reddy,518,Shamshabad,4543,Ootpalle,ఊత్పల్లె,transliterated,574738,509325,,
Telangana,Ranga Reddy,518,Chevella,4529,Orella,ఒరెల్లా,transliterated,574287,501503,,
Telangana,Hyderabad,507,Musheerabad,4501,Osmania University (Ct),ఒస్మనిఅ ఉనివెర్సిత్య్ (చ్త్),transliterated,573968,500007,,
Telangana,Vikarabad,698,Dharur,4531,Ousapalle,ఔసపల్లె,transliterated,574349,501121,,
Telangana,Kumuram Bheem Asifabad,699,Bejjur,4317,Outsarangipalle,ఔత్సరంగిపల్లె,transliterated,569420,504299,,
Telangana,Siddipet,692,Thoguta,4463,P Masanpalle,ప్ మాసన్పల్లె,transliterated,573070,502372,,
Telangana,Jogulamba Gadwal,695,Rajoli,6296,Pacharla,పచర్ల,authoritative,576376,509135,,
Telangana,Yadadri Bhuvanagiri,697,Bhongir,4628,Pacharlabodu Thanda,పచ్చర్లబోదు తండ,transliterated,909735,508285,,
Telangana,Karimnagar,508,Manakondur,4427,Pachunur,పచ్చునూర్,transliterated,572287,505505,,
Telangana,Suryapet,696,Chivemla,4639,Pachyanayak Thanda,పాచ్యనాయక్ తండ,transliterated,909780,508214,,
Telangana,Ranga Reddy,518,Thalakondapally,4562,Padakal,పదకల్,transliterated,575250,509408,,
Telangana,Medak,513,Toopran,4482,Padalpalle,పదల్పల్లె,transliterated,573595,502334,,
Telangana,Jangoan,689,Bachannapet,4674,Padamati Keshavapur,పదమతి కేశవాపూర్,transliterated,577649,506223,,
Telangana,Nalgonda,514,Devarakonda,4653,Padamati Palle,పదమతి పల్లె,transliterated,577233,508248,,
Telangana,Jogulamba Gadwal,695,Rajoli,6296,Padamatigarlapadu,పదమతిగర్లపదు,transliterated,576391,509126,,
Telangana,Bhadradri Kothagudem,690,Julurpadu,4746,Padamatinarsapuraam,పదమతినర్సపురామ్,transliterated,579478,507166,,
Telangana,Kamareddy,685,Jukkal,4373,Padampalle,పదంపల్లె,transliterated,571093,503305,,
Telangana,Nizamabad,516,Vailpoor,4365,Padgal,పడ్గల్,transliterated,570868,503311,,
Telangana,Kumuram Bheem Asifabad,699,Asifabad,4319,Padibonda,పడిబొంద,transliterated,569533,504294,,
Telangana,Mulugu,720,Kannaigudem,6251,Padigapuram,పదిగపురం,transliterated,577875,506165,,
Telangana,Mulugu,720,Tadvai,4687,Padigapuram (P.P),పదిగపురం (ప్.ప్),transliterated,577964,506347,,
Telangana,Rajanna Sircilla,683,Yellareddipet,4432,Padira,పదిరా,transliterated,572410,505303,,
Telangana,Nizamabad,516,Jakranpally,4366,Padkal,పద్కల్,transliterated,570894,503175,,
Telangana,Jagitial,681,Endapalli,7539,Padkal,పడ్కల్,transliterated,571730,505526,,
Telangana,Kamareddy,685,Sadashivanagar,4381,Padmajiwadi,పద్మాజీవాడి,transliterated,571302,503145,,
Telangana,Ranga Reddy,518,Jilled Chowdergudem,6322,Padmaram,పద్మారామ్,transliterated,575161,509207,,
Telangana,Mancherial,684,Hajipur,6227,Padthenpalle,పడ్తేన్పల్లె,transliterated,570601,504207,,
Telangana,Vikarabad,698,Yelal,4536,Pagdial,పాగ్డియల్,transliterated,574515,501144,,
Telangana,Mahabubnagar,512,Gandeed,4538,Pagdiyal,పగ్దియల్,transliterated,574580,509371,,
Telangana,Nalgonda,514,Kanagal,4656,Pagidi Marri,పగిడి మర్రి,transliterated,577310,508004,,
Telangana,Yadadri Bhuvanagiri,697,Bhongir,4628,Pagidi Palle,పగిడి పల్లె,transliterated,576770,508126,,
Telangana,Nalgonda,514,Nampally,4654,Pagidi Palle,పగిడి పల్లె,transliterated,577288,508243,,
Telangana,Jogulamba Gadwal,695,Kaloor Thimmandoddi,6297,Pagunta,పాగుంట,authoritative,575954,509133,,
Telangana,Ranga Reddy,518,Saroornagar,4526,Pahadisharief,పహదిశరిఎఫ్,transliterated,912381,500005,,
Telangana,Yadadri Bhuvanagiri,697,Valigonda,4627,Pahilwanpur,పహిల్వాన్పూర్,transliterated,576724,508285,,
Telangana,Bhadradri Kothagudem,690,Dummugudem,4729,Paidakulamadugu,పైదాకులమడుగు,transliterated,578947,507137,,
Telangana,Peddapalli,682,Dharmaram,4411,Paidichinthala Palli,పైడిచింతల పల్లి,transliterated,572021,505187,,
Telangana,Bhadradri Kothagudem,690,Dummugudem,4729,Paidigudem,పైడిగూడెం,transliterated,578937,507137,,
Telangana,Sangareddy,691,Kohir,4475,Paidigummal,పైడిగుమ్మల్,transliterated,573399,502210,,
Telangana,Jagitial,681,Korutla,4416,Paidimadugu,పైదిమదుగు,transliterated,572115,505460,,
Telangana,Hanumakonda,686,Parkal,4679,Paidipalle,పైడిపల్లి,authoritative,577753,506391,,
Telangana,Warangal,522,Warangal,4706,Paidipalle,పైడిపల్లి,authoritative,578146,506006,,
Telangana,Jagitial,681,Velgatur,4398,Paidipalli,పైదిపల్లి,transliterated,571724,505526,,
Telangana,Mancherial,684,Jannaram,4334,Paidpalle,పైద్పల్లె,transliterated,570026,504205,,
Telangana,Sangareddy,691,Narayankhed,4452,Paidpalle,పైడ్పల్లె,transliterated,572808,502286,,
Telangana,Khammam,509,Nelakondapalli,4759,Painampally,పైనంపల్లి,transliterated,579725,507160,,
Telangana,Jogulamba Gadwal,695,Waddepally,4610,Paipad,పైపద్,transliterated,576387,509126,,
Telangana,Medak,513,Kulcharam,4468,Paithara,పైతర,transliterated,573179,502381,,
Telangana,Jangoan,689,Kodakandla,4702,Pakala,పాకాల,authoritative,578272,506222,,
Telangana,Nizamabad,516,Sirikonda,4379,Pakhal,పఖల్,transliterated,571274,503165,,
Telangana,Nirmal,680,Soan,6209,Pakpatla,పాక్పట్ల,transliterated,570367,504105,,
Telangana,Sangareddy,691,Vatpally,6291,Paladugu,పాలడుగు,authoritative,573259,502269,,
Telangana,Yadadri Bhuvanagiri,697,Mothkur,4625,Paladugu,పాలడుగు,authoritative,576693,508111,,
Telangana,Khammam,509,Wyra,4764,Paladugu,పాలడుగు,authoritative,579824,507304,,
Telangana,Jangoan,689,Palakurthy,4697,Palakurthi,పాలకుర్తి,transliterated,578193,506146,,
Telangana,Peddapalli,682,Palakurthy,6215,Palakurthy,పాలకుర్తి,authoritative,909517,505187,,
Telangana,Peddapalli,682,Palakurthy,6215,Palakurthy (Ct),పాలకుర్తి (సీటీ),transliterated,571754,505187,,
Telangana,Sangareddy,691,Hathnoora,4489,Palapnoor,పలప్నూర్,transliterated,573805,502296,,
Telangana,Adilabad,501,Talamadugu,4309,Palasi (Buzurg),పలసి (బుజుర్గ్),transliterated,569121,504312,,
Telangana,Adilabad,501,Talamadugu,4309,Palasi (Khurd),పలసి (ఖుర్ద్),transliterated,569122,504312,,
Telangana,Jogulamba Gadwal,695,Dharoor,4591,Palcherla,పల్చెర్ల,authoritative,575947,509133,,
Telangana,Nizamabad,516,Nizamabad Rural,6233,Palda,పాల్డా,transliterated,570925,503003,,
Telangana,Nizamabad,516,Morthad,4362,Palem,పాలెం,authoritative,570818,503225,,
Telangana,Sangareddy,691,Jinnaram,4493,Palem,పాలెం,authoritative,573908,502319,,
Telangana,Nagarkurnool,694,Bijinapally,4584,Palem,పాలెం,authoritative,575754,509215,,
Telangana,Wanaparthy,693,Kothakota,4593,Palem,పాలెం,authoritative,576005,509381,,
Telangana,Nalgonda,514,Nakrekal,4636,Palem,పాలెం,authoritative,576918,508211,,
Telangana,Mulugu,720,Venkatapuram,4724,Palem (G),పలెమ్ (గ్),transliterated,578780,507136,,
Telangana,Vikarabad,698,Doma,4537,Palepalle,పాలెపల్లె,transliterated,574564,501502,,
Telangana,Khammam,509,Kusumanchi,4755,Paleru,పాలేరు,authoritative,579638,507157,,
Telangana,Jayashankar Bhupalapally,687,Mahadevpur,4403,Palgula,పాల్గుల,transliterated,571854,505504,,
Telangana,Jayashankar Bhupalapally,687,Palimela,6250,Palimela,పాలిమెల,transliterated,571887,505504,,
Telangana,Jangoan,689,Chilpur,6259,Pallagutta,పల్లగుట్ట,transliterated,577695,506144,,
Telangana,Mahabubnagar,512,Chinnachintakunta,4587,Pallamarri,పల్లమర్రి,transliterated,575816,509409,,
Telangana,Mancherial,684,Kasipet,4349,Pallamguda,పల్లంగూడ,transliterated,570502,504231,,
Telangana,Warangal,522,Sangem,4705,Pallaruguda,పల్లారుగూడ,transliterated,578334,506330,,
Telangana,Adilabad,501,Talamadugu,4309,Palle (Buzurg),పల్లె (బుజుర్గ్),transliterated,569143,504308,,
Telangana,Adilabad,501,Talamadugu,4309,Palle (Khurd),పల్లె (ఖుర్ద్),transliterated,569147,504308,,
Telangana,Rajanna Sircilla,683,Konaraopet,4431,Palle (Makta),పల్లె (మక్త),transliterated,572381,505302,,
Telangana,Yadadri Bhuvanagiri,697,Thurkapally,4614,Palle Pahad,పల్లె పహాడ్,transliterated,576492,508117,,
Telangana,Yadadri Bhuvanagiri,697,Atmakur (M),4626,Palle Pahad,పల్లె పహాడ్,transliterated,576557,508111,,
Telangana,Nalgonda,514,Gurrampode,4657,Palle Pahad,పల్లె పహద్,transliterated,577355,508256,,
Telangana,Ranga Reddy,518,Rajendranagar,4527,Pallecheru,పల్లెచెరు,transliterated,574241,500075,,
Telangana,Khammam,509,Khammam (Rural),4756,Pallegudem,పల్లెగూడెం,authoritative,579661,507003,,
Telangana,Yadadri Bhuvanagiri,697,Bibinagar,4629,Pallegudem,పల్లెగూడెం,authoritative,909742,508126,,
Telangana,Narayanpet,721,Utkoor,4571,Pallekunta,పల్లెకుంట,transliterated,575481,509210,,
Telangana,Jogulamba Gadwal,695,Manopad,4611,Pallepadu,పల్లెపదు,transliterated,576400,509128,,
Telangana,Siddipet,692,Thoguta,4463,Pallepahad,పల్లెపహాడ్,transliterated,573073,502301,,
Telangana,Nalgonda,514,Narketpally,4634,Pallepahad,పల్లెపహాడ్,transliterated,909765,508254,,
Telangana,Narayanpet,721,Maddur,4554,Pallerla,పల్లెర్ల,transliterated,575027,509411,,
Telangana,Yadadri Bhuvanagiri,697,Atmakur (M),4626,Pallerla,పల్లెర్ల,transliterated,576716,508111,,
Telangana,Khammam,509,Vemsoor,4768,Pallevada,పల్లెవాడ,authoritative,579899,507302,,
Telangana,Nizamabad,516,Bheemgal,4364,Pallikonda,పల్లికొండ,transliterated,570860,503307,,
Telangana,Khammam,509,Konijerla,4761,Pallipadu,పల్లిపాడు,authoritative,579761,507165,,
Telangana,Yadadri Bhuvanagiri,697,Ramannapet,4632,Palliwada,పల్లివాడ,transliterated,576853,508113,,
Telangana,Ranga Reddy,518,Shamshabad,4543,Palmakole,పాల్మకోల్,transliterated,574744,509325,,
Telangana,Adilabad,501,Tamsi,4305,Palodi (Ramnagar),పాలోడి (రామనగర్),transliterated,568964,504312,,
Telangana,Nirmal,680,Kubeer,4338,Palsi,పల్సి,transliterated,570129,504103,,
Telangana,Peddapalli,682,Peddapalli,4408,Palthem,పల్థెమ్,transliterated,571977,505187,,
Telangana,Nagarkurnool,694,Achampet,4579,Palukapalle,పలుకపల్లె,transliterated,575633,509375,,
Telangana,Medak,513,Tekmal,4469,Palvancha,పాల్వంచ,transliterated,573217,502302,,
Telangana,Sangareddy,691,Vatpally,6291,Palvatla,పాల్వట్ల,transliterated,573233,502269,,
Telangana,Jogulamba Gadwal,695,Maldakal,4604,Palwai,పాల్వాయి,authoritative,576245,509132,,
Telangana,Nalgonda,514,Gurrampode,4657,Palwai,పాల్వాయి,authoritative,577348,508257,,
Telangana,Kamareddy,685,Palwancha,7519,Palwancha,పాల్వంచ,authoritative,571292,503112,,
Telangana,Wanaparthy,693,Kothakota,4593,Pamapur,పామాపూర్,transliterated,576020,509104,,
Telangana,Kumuram Bheem Asifabad,699,Dahegoan,4329,Pambapur,పాంబాపూర్,transliterated,569863,504273,,
Telangana,Jayashankar Bhupalapally,687,Bhupalpally,4682,Pambapur,పాంబాపూర్,transliterated,577832,506169,,
Telangana,Mulugu,720,Tadvai,4687,Pambapuram,పంబాపురం,transliterated,577995,506344,,
Telangana,Ranga Reddy,518,Chevella,4529,Pamena,పామెనా,transliterated,574306,501503,,
Telangana,Wanaparthy,693,Amarchintha,6290,Pamireddipalle,పామిరెడ్డిపల్లె,transliterated,575967,509130,,
Telangana,Wanaparthy,693,Peddamandadi,4594,Pamireddipalle,పామిరెడ్డిపల్లె,transliterated,576034,509206,,
Telangana,Khammam,509,Mudigonda,4758,Pammi,పమ్మి,transliterated,579698,507158,,
Telangana,Sangareddy,691,Raikode,4472,Pampad,పంపాడ్,transliterated,573268,502257,,
Telangana,Yadadri Bhuvanagiri,697,Rajapeta,4615,Pamukunta,పాముకుంటా,transliterated,576503,508105,,
Telangana,Nalgonda,514,Madugulapally,6305,Pamulapahad,పములపహద్,transliterated,577042,508234,,
Telangana,Bhadradri Kothagudem,690,Aswapuram,4728,Pamulapalli,పాములపల్లి,transliterated,578919,507116,,
Telangana,Siddipet,692,Markook,6282,Pamulaparthi,పాములపర్తి,transliterated,573694,502279,,
Telangana,Kumuram Bheem Asifabad,699,Sirpur U,4326,Pamulawada,పాములవాడ,transliterated,569762,504313,,
Telangana,Mulugu,720,Venkatapuram,4724,Pamunoor,పామునూర్,transliterated,578760,507136,,
Telangana,Jangoan,689,Ghanpur (Station),4676,Pamunuru,పమునురు,transliterated,577699,506143,,
Telangana,Yadadri Bhuvanagiri,697,Mothkur,4625,Panaka Banda,పనక బండ,transliterated,576692,508277,,
Telangana,Narayanpet,721,Makthal,4589,Panchadevupad,పంచదేవుపాద్,transliterated,575897,509208,,
Telangana,Sangareddy,691,Narayankhed,4452,Panchagaon,పంచగాన్,transliterated,572807,502286,,
Telangana,Vikarabad,698,Marpalle,4512,Panchalingal,పంచలింగల్,transliterated,573983,501202,,
Telangana,Nirmal,680,Lokeswaram,4342,Panchgudi,పంచగుడి,transliterated,570299,504104,,
Telangana,Peddapalli,682,Srirampur,4407,Pandilla,పండిళ్ల,transliterated,571969,505152,,
Telangana,Siddipet,692,Husnabad,4444,Pandilla,పండిళ్ల,transliterated,572615,505467,,
Telangana,Khammam,509,Chinthakani,4760,Pandillapally,పందిల్లపల్లి,transliterated,579738,507208,,
Telangana,Nizamabad,516,Sirikonda,4379,Pandimadugu,పందిమడుగు,transliterated,571263,503165,,
Telangana,Jayashankar Bhupalapally,687,Bhupalpally,4682,Pandipampula,పండిపంపుల,transliterated,577840,506169,,
Telangana,Khammam,509,Mudigonda,4758,Pandregipally,పాండ్రేగిపల్లి,transliterated,579695,507003,,
Telangana,Peddapalli,682,Manthani,4401,Pandulapalle,పందులపల్లె,transliterated,571787,505184,,
Telangana,Bhadradri Kothagudem,690,Palvoncha,4737,Pandurangapuram,పాండురంగాపురం,authoritative,579358,507115,,
Telangana,Nirmal,680,Kaddam Peddur,4335,Pandwapur,పాండ్వాపూర్,transliterated,570048,504202,,
Telangana,Suryapet,696,Chivemla,4639,Pandyanaik Tanda,పాండ్యనాయక్ తండ,transliterated,909782,508214,,
Telangana,Adilabad,501,Talamadugu,4309,Pangadpipri,పంగడ్పిప్రి,transliterated,569141,504308,,
Telangana,Jayashankar Bhupalapally,687,Tekumatla,6248,Pangidipalle,పంగిదిపల్లె,transliterated,577805,506356,,
Telangana,Nirmal,680,Kubeer,4338,Pangra,పాంగ్రా,transliterated,570164,504103,,
Telangana,Nizamabad,516,Nizamabad Rural,6233,Pangra,పంగ్ర,transliterated,570935,503230,,
Telangana,Nirmal,680,Bhainsa,4339,Pangri,పాంగ్రి,transliterated,570184,504103,,
Telangana,Ranga Reddy,518,Kandukur,4545,Panjaguda,పంజగూడ,transliterated,574822,501509,,
Telangana,Ranga Reddy,518,Gandipet,6320,Panjashajamal Bowli,పంజశజమల్ బొవ్లి,transliterated,574232,500089,,
Telangana,Nagarkurnool,694,Kalwakurthy,4576,Panjugul,పంజుగుల్,transliterated,575587,509324,,
Telangana,Jayashankar Bhupalapally,687,Palimela,6250,Pankena,పంకెన,transliterated,571883,505504,,
Telangana,Peddapalli,682,Ramagiri,6216,Pannur,పన్నూరు,authoritative,571775,505212,,
Telangana,Siddipet,692,Bejjanki,4437,Panthulu Kondapur,పంతులు కొండాపూర్,transliterated,572491,505530,,
Telangana,Karimnagar,508,Ganneruvaram,6232,Panthulu Kondapur,పంతులు కొండాపూర్,transliterated,956051,505530,,
Telangana,Sangareddy,691,Hathnoora,4489,Panyal,పన్యాల్,transliterated,573789,502314,,
Telangana,Nagarkurnool,694,Tadoor,4582,Papagal,పాపగల్,transliterated,575698,509209,,
Telangana,Bhadradri Kothagudem,690,Julurpadu,4746,Papakollu,పాపకొల్లు,transliterated,579476,507166,,
Telangana,Mancherial,684,Jannaram,4334,Papammaguda,పాపమ్మగూడ,transliterated,570029,504205,,
Telangana,Medak,513,Papannapet,4455,Papannapet,పపన్నపెత్,transliterated,572880,502303,,
Telangana,Kumuram Bheem Asifabad,699,Bejjur,4317,Papanpet,పాపన్పేట,transliterated,569432,504299,,
Telangana,Khammam,509,Raghunadhapalem,4757,Papapatapally,పాపపాటపల్లి,transliterated,579672,507003,,
Telangana,Ranga Reddy,518,Balapur,6323,Papayakumandan,పాపాయకుమందన్,transliterated,574212,500005,,
Telangana,Ranga Reddy,518,Keshampet,4561,Papireddiguda,పాపిరెడ్డిగూడ,transliterated,575228,509216,,
Telangana,Mulugu,720,Eturunagaram,4685,Papkapuram,పాప్కాపురం,transliterated,577911,506165,,
Telangana,Jogulamba Gadwal,695,Gadwal,4603,Paramala,పరమాల,authoritative,576231,509133,,
Telangana,Kumuram Bheem Asifabad,699,Kerameri,4313,Parandoli,పరందోలి,transliterated,569259,504293,,
Telangana,Kumuram Bheem Asifabad,699,Kerameri,4313,Paraswada,పరస్వాద,transliterated,569273,504293,,
Telangana,Adilabad,501,Gadiguda,6225,Paraswada (K),పరస్వాద (క్),transliterated,569217,504311,,
Telangana,Peddapalli,682,Ramagundam,4399,Paratpalle,పరాట్పల్లె,transliterated,956052,505208,,
Telangana,Kumuram Bheem Asifabad,699,Koutala,4316,Pardi,పర్ది,transliterated,569368,504299,,
Telangana,Adilabad,501,Sathnala,7515,Pardi (Buzurg),పర్ది (బుజుర్గ్),transliterated,569066,504002,,
Telangana,Adilabad,501,Sonala,7516,Pardi (Buzurg),పర్ది (బుజుర్గ్),transliterated,569681,504304,,
Telangana,Nirmal,680,Kubeer,4338,Pardi (Buzurg),పర్ది (బుజుర్గ్),transliterated,570143,504103,,
Telangana,Adilabad,501,Sonala,7516,Pardi (Khurd),పర్ది (ఖుర్ద్),transliterated,569682,504304,,
Telangana,Nirmal,680,Kubeer,4338,Pardi (Khurd),పర్ది (ఖుర్ద్),transliterated,570130,504103,,
Telangana,Kamareddy,685,Pitlam,4384,Paredpalle,పరేడ్పల్లె,transliterated,571388,503310,,
Telangana,Mulugu,720,Kannaigudem,6251,Paredu,పరేడు,transliterated,577864,506165,,
Telangana,Nalgonda,514,Chityal,4633,Parepally,పారేపల్లి,transliterated,576866,508114,,
Telangana,Vikarabad,698,Pargi,4540,Pargi,పరగి,authoritative,574635,501501,,
Telangana,Nirmal,680,Mamada,4346,Parimandal,పరిమండల్,transliterated,570402,504310,,
Telangana,Hanumakonda,686,Parkal,4679,Parkal,పరకాల,authoritative,577769,506164,,
Telangana,Medak,513,Manoharabad,6273,Parkibanda,పార్కిబండ,transliterated,573742,502336,,
Telangana,Nalgonda,514,Gurrampode,4657,Parla Palle,పర్ల పల్లె,transliterated,577349,508257,,
Telangana,Karimnagar,508,Thimmapur LMD,4438,Parlapalle,పార్లపల్లె,authoritative,572525,505469,,
Telangana,Jayashankar Bhupalapally,687,Mogullapally,4680,Parlapalle,పార్లపల్లె,authoritative,577777,506366,,
Telangana,Narayanpet,721,Maganoor,4590,Parmandoddi,పరమందొడ్డి,transliterated,575936,509208,,
Telangana,Bhadradri Kothagudem,690,Dummugudem,4729,Parnasala,పర్ణశాల,transliterated,578931,507137,,
Telangana,Nirmal,680,Laxmanchanda,4345,Parpalle,పర్పల్లె,transliterated,570387,504105,,
Telangana,Mancherial,684,Kotapally,4351,Parpalle,పర్పల్లె,transliterated,570548,504201,,
Telangana,Mahabubnagar,512,Koilkonda,4569,Parpalle,పర్పల్లె,transliterated,575420,509371,,
Telangana,Suryapet,696,Jajireddygudem,4623,Parsai Palle,పర్సాయి పల్లె,transliterated,576647,508224,,
Telangana,Sangareddy,691,Kohir,4475,Parsapalle,పర్శపల్లె,transliterated,573392,502210,,
Telangana,Vikarabad,698,Kodangal,4549,Parsapur,పర్సాపూర్,transliterated,574916,509338,,
Telangana,Adilabad,501,Gadiguda,6225,Parswada (B),పార్స్వాడ (బ్),transliterated,569227,504311,,
Telangana,Yadadri Bhuvanagiri,697,Rajapeta,4615,Paru Palle,పారు పల్లె,transliterated,576502,508105,,
Telangana,Peddapalli,682,Mutharam (Manthani),4406,Parupalli,పారుపల్లి,transliterated,571955,505153,,
Telangana,Yadadri Bhuvanagiri,697,Atmakur (M),4626,Parupalli,పారుపల్లి,transliterated,576558,508111,,
Telangana,Karimnagar,508,Ganneruvaram,6232,Paruvella,పరువెళ్ళ,transliterated,572498,505530,,
Telangana,Medchal Malkajgiri,700,Medipally,6318,Parvatapur,పర్వతాపూర్,transliterated,574177,500098,,
Telangana,Nalgonda,514,Kanagal,4656,Parvathagiri,పర్వతగిరి,transliterated,577315,508004,,
Telangana,Warangal,522,Parvathagiri,4714,Parvathagiri,పర్వతగిరి,transliterated,578520,506365,,
Telangana,Mahabubabad,688,Mahabubabad,4718,Parvathagiri,పర్వతగిరి,transliterated,578597,506104,,
Telangana,Sangareddy,691,Mogudampally,6278,Parvathapur,పర్వథపూర్,transliterated,573369,502318,,
Telangana,Mahabubnagar,512,Nawabpet,4556,Parvathapur,పర్వతాపూర్,transliterated,575091,509380,,
Telangana,Ranga Reddy,518,Kondurg,4558,Parvathapur,పర్వతాపూర్,transliterated,575152,509207,,
Telangana,Nagarkurnool,694,Telkapally,4581,Parvathapuram,పర్వతాపురం,authoritative,575681,509385,,
Telangana,Ranga Reddy,518,Shankarpalle,4515,Parveda (Chanchalam),పర్వేద (చంచలం),transliterated,574055,501203,,
Telangana,Ranga Reddy,518,Shankarpalle,4515,Parveda Khalsa,పర్వేద ఖల్సా,transliterated,574057,501203,,
Telangana,Nalgonda,514,Peddavoora,4659,Parvedula,పర్వెదుల,transliterated,577397,508266,,
Telangana,Vikarabad,698,Tandur,4534,Parwathapur,పర్వతాపూర్,transliterated,574447,501141,,
Telangana,Wanaparthy,693,Ghanpur,4585,Parwathapur,పర్వతాపూర్,transliterated,575782,509380,,
Telangana,Vikarabad,698,Basheerabad,4535,Parwathpalle,పర్వత్పల్లె,transliterated,574487,501143,,
Telangana,Narayanpet,721,Marikal,6263,Pasalpad,పసల్పద్,transliterated,575498,509204,,
Telangana,Jangoan,689,Jangoan,4699,Pasarmadla,పసర్మడ్ల,transliterated,578235,506201,,
Telangana,Ranga Reddy,518,Shamshabad,4543,Pashambanda (Og),పశంబంద (ఒగ్),transliterated,574762,500052,,
Telangana,Sangareddy,691,Patancheru,4494,Pashamylaram,పాషమైలారం,transliterated,573936,502307,,
Telangana,Medak,513,Medak,4456,Pashapur,పాషాపూర్,transliterated,572923,502117,,
Telangana,Vikarabad,698,Peddemul,4533,Pashapur,పాషాపూర్,transliterated,574406,501142,,
Telangana,Ranga Reddy,518,Hayathnagar,4525,Pasmamla,పశ్మంలా,transliterated,574189,501505,,
Telangana,Jagitial,681,Bheemaram (20),7541,Pasnoor,పస్నూర్,transliterated,572110,505306,,
Telangana,Suryapet,696,Nagaram,6298,Pasnoor,పస్నూర్,transliterated,576594,508279,,
Telangana,Nalgonda,514,Nampally,4654,Pasnoor,పస్నూర్,transliterated,577280,508373,,
Telangana,Narayanpet,721,Marikal,6263,Paspul,పస్పుల్,transliterated,575505,509208,,
Telangana,Narayanpet,721,Makthal,4589,Paspul,పాస్పుల్,transliterated,575896,509208,,
Telangana,Nirmal,680,Pembi,6206,Paspula,పాస్పుల,transliterated,570427,504203,,
Telangana,Warangal,522,Narsampet,4708,Paspunur,పాస్పునూర్,transliterated,578366,506132,,
Telangana,Kumuram Bheem Asifabad,699,Rebbena,4327,Passigaon,పస్సీగాన్,transliterated,569789,504292,,
Telangana,Suryapet,696,Nagaram,6298,Pasthala,పస్థల,transliterated,576592,508279,,
Telangana,Adilabad,501,Bela,4308,Patan,పటన్,transliterated,569096,504309,,
Telangana,Sangareddy,691,Ameenpur,6276,Patelguda,పటేల్గూడ,transliterated,573943,502319,,
Telangana,Yadadri Bhuvanagiri,697,Alair,4617,Patelguda,పటేల్గూడ,transliterated,576534,508105,,
Telangana,Mancherial,684,Luxettipet,4353,Patha Kommugudem,పాత కొమ్ముగూడెం,transliterated,570571,504215,,
Telangana,Nalgonda,514,Shaligouraram,4624,Patha Kondaram,పాత కొందరం,transliterated,576673,508210,,
Telangana,Bhadradri Kothagudem,690,Dummugudem,4729,Patha Maredubaka,పాత మారేడుబాక,transliterated,578987,507137,,
Telangana,Suryapet,696,Atmakur (S),4622,Patha Suryapet,పాత సూర్యపేట,transliterated,909702,508224,,
Telangana,Nirmal,680,Khanapur,4347,Patha Yellapur,పథ యెల్లపూర్,transliterated,570448,504203,,
Telangana,Jagitial,681,Endapalli,7539,Pathagudur,పథగుదుర్,transliterated,571733,505416,,
Telangana,Mahabubnagar,512,Bhoothpur,4574,Pathamolgara,పథమొల్గర,transliterated,575554,509382,,
Telangana,Wanaparthy,693,Pebbair,4602,Pathapalle,పాతపల్లె,authoritative,576210,509104,,
Telangana,Nalgonda,514,Thipparthy,4645,Pathapally,పాతపల్లి,transliterated,909807,508002,,
Telangana,Kamareddy,685,Kamareddy,4390,Patharajampet,పతరాజంపేట,transliterated,571558,503102,,
Telangana,Khammam,509,Tirumalayapalem,4754,Patharlapadu,పాతర్లపాడు,transliterated,579623,507183,,
Telangana,Khammam,509,Chinthakani,4760,Patharlapadu,పాతర్లపాడు,transliterated,579745,507208,,
Telangana,Karimnagar,508,Ellandakunta,6234,Patharlapalli,పాతర్లపల్లి,transliterated,572559,505122,,
Telangana,Narayanpet,721,Narwa,4588,Patherched,పాథర్చ్డ్,transliterated,575843,509353,,
Telangana,Peddapalli,682,Dharmaram,4411,Pathipaka,పతిపాక,transliterated,572016,505416,,
Telangana,Medak,513,Medak,4456,Pathur,పాతూరు,authoritative,572911,502113,,
Telangana,Vikarabad,698,Vikarabad,4530,Pathur,పాతూరు,authoritative,574324,501101,,
Telangana,Sangareddy,691,Patancheru,4494,Patighanpur,పతిఘన్పూర్,transliterated,573939,502300,,
Telangana,Yadadri Bhuvanagiri,697,Mothkur,4625,Patimatla,పాటిమట్ల,transliterated,576689,508277,,
Telangana,Vikarabad,698,Marpalle,4512,Patloor,పట్లూర్,transliterated,573980,501202,,
Telangana,Kumuram Bheem Asifabad,699,Kerameri,4313,Patnapur,పట్నాపూర్,transliterated,569297,504293,,
Telangana,Kumuram Bheem Asifabad,699,Jainoor,4320,Patnapur,పత్నపూర్,transliterated,569542,504313,,
Telangana,Adilabad,501,Boath,4324,Patnapur,పట్నాపూర్,transliterated,569701,504304,,
Telangana,Hanumakonda,686,Shayampet,4691,Pattipaka,పట్టిపాక,transliterated,578083,506319,,
Telangana,Bhadradri Kothagudem,690,Dammapeta,4750,Patwarigudem,పత్వరిగూడెం,transliterated,579542,507306,,
Telangana,Bhadradri Kothagudem,690,Palvoncha,4737,Payakari Yanambilu,పాయకారి యనంబిలు,transliterated,579360,507115,,
Telangana,Khammam,509,Kalluru,4763,Payapur,పయపూర్,transliterated,579798,507209,,
Telangana,Vikarabad,698,Yelal,4536,Payarkampalle,పయర్కంపల్లె,transliterated,574528,501144,,
Telangana,Sangareddy,691,Raikode,4472,Peapalpalle,పీపల్పల్లె,transliterated,573283,502257,,
Telangana,Wanaparthy,693,Pebbair,4602,Pebbair,పెబ్బైర్,authoritative,576202,509104,,
Telangana,Bhadradri Kothagudem,690,Dummugudem,4729,Pedabandirevu,పెదబందిరెవు,transliterated,578934,507137,,
Telangana,Yadadri Bhuvanagiri,697,Yadagirigutta,4616,Pedakandukur,పెదకందుకూర్,transliterated,576521,508286,,
Telangana,Kumuram Bheem Asifabad,699,Tiryani,4333,Pedakunta,పెదకుంట,transliterated,569979,504297,,
Telangana,Bhadradri Kothagudem,690,Dummugudem,4729,Pedanallaballi,పెదనల్లబల్లి,transliterated,578945,507137,,
Telangana,Siddipet,692,Cherial,4672,Pedarajupet,పెదరాజుపేట,transliterated,577622,506223,,
Telangana,Siddipet,692,Gajwel,4483,Pedched,పెద్చెద్,transliterated,573624,502278,,
Telangana,Ranga Reddy,518,Hayathnagar,4525,Pedda Amberpet (Kalan) (Og),పెద్ద అంబెర్పెత్ (కలన్) (ఒగ్),transliterated,574211,501505,,
Telangana,Kamareddy,685,Pitlam,4384,Pedda Annaram,పెద్ద అన్నారం,transliterated,571403,503310,,
Telangana,Nizamabad,516,Bheemgal,4364,Pedda Bheemgal,పెద్ద భీంగల్,transliterated,570844,503307,,
Telangana,Sangareddy,691,Munipally,4477,Pedda Chelmeda,పెద్ద చెల్మెడ,transliterated,573455,502345,,
Telangana,Kamareddy,685,Birkur,4375,Pedda Damarancha,పెద్ద దమరంచ,transliterated,571186,503321,,
Telangana,Kamareddy,685,Tadwai,4389,Pedda Demi,పెద్ద దెమి,transliterated,571525,503120,,
Telangana,Kamareddy,685,Bichkunda,4374,Pedda Devada,పెద్ద దేవదా,transliterated,571139,503306,,
Telangana,Kamareddy,685,Bichkunda,4374,Pedda Dhadgi,పెద్ద ధద్గి,transliterated,571140,503306,,
Telangana,Kamareddy,685,Jukkal,4373,Pedda Edgi,పెద్ద ఎడ్జి,transliterated,571096,503305,,
Telangana,Kamareddy,685,Madnoor,4372,Pedda Eklara,పెద్ద ఎక్లారా,transliterated,571084,503309,,
Telangana,Kamareddy,685,Jukkal,4373,Pedda Ghulla,పెద్ద ఘుల్లా,transliterated,571099,503305,,
Telangana,Sangareddy,691,Munipally,4477,Pedda Gopalaram,పెద్ద గోపాలరామ్,transliterated,573467,502345,,
Telangana,Khammam,509,Yerrupalem,4767,Pedda Goparam,పెద్ద గోపారం,transliterated,579887,507202,,
Telangana,Medak,513,Shivampet,4487,Pedda Gottimukkala,పెద్ద గొత్తిముక్కల,transliterated,573745,502313,,
Telangana,Kamareddy,685,Gandhari,4382,Pedda Gouraram,పెద్ద గౌరరమ్,transliterated,571345,503187,,
Telangana,Siddipet,692,Dubbak,4458,Pedda Gundavelly,పెద్ద గుందవెల్ల్య్,transliterated,572972,502108,,
Telangana,Bhadradri Kothagudem,690,Dummugudem,4729,Pedda Kamalapuram,పెద్ద కమలపురం,transliterated,578973,507137,,
Telangana,Kamareddy,685,Pedda Kodapgal,6245,Pedda Kodapgal,పెద్ద కొడప్గల్,transliterated,571155,503310,,
Telangana,Hanumakonda,686,Shayampet,4691,Pedda Kodepaka,పెద్ద కోడేపాక,transliterated,578073,506319,,
Telangana,Sangareddy,691,Munipally,4477,Pedda Loni,పెద్ద లొని,transliterated,573436,502345,,
Telangana,Yadadri Bhuvanagiri,697,Gundala,4618,Pedda Padishala,పెద్ద పదిశాల,transliterated,576563,508223,,
Telangana,Yadadri Bhuvanagiri,697,Bommalaramaram,4613,Pedda Parvathapuram,పెద్ద పర్వతపురం,transliterated,576467,508126,,
Telangana,Kamareddy,685,Pitlam,4384,Pedda Rampur,పెద్ద రాంపూర్,transliterated,571393,503187,,
Telangana,Yadadri Bhuvanagiri,697,B Pochampally,4630,Pedda Ravula Palle,పెద్ద రావుల పల్లె,transliterated,576806,508126,,
Telangana,Kamareddy,685,Madnoor,4372,Pedda Shekkarga,పెద్ద షెక్కర్గా,transliterated,571048,503309,,
Telangana,Kamareddy,685,Bichkunda,4374,Pedda Takkadpalle,పెద్ద తక్కడ్పల్లె,transliterated,571148,503306,,
Telangana,Kamareddy,685,Dongli,7525,Pedda Takli,పెద్ద తక్లి,transliterated,571055,503309,,
Telangana,Kamareddy,685,Madnoor,4372,Pedda Thadgur,పెద్ద తడ్గూర్,transliterated,571069,503309,,
Telangana,Jogulamba Gadwal,695,Rajoli,6296,Pedda Thandrapadu,పెద్ద తండ్రపాడు,transliterated,576382,509126,,
Telangana,Mancherial,684,Bheemini,4328,Pedda Thimmapur,పెద్ద థిమ్మపూర్,transliterated,569857,504273,,
Telangana,Jayashankar Bhupalapally,687,Malharrao,4405,Pedda Thoondla,పెద్ద తూండ్ల,transliterated,571938,505184,,
Telangana,Mulugu,720,Eturunagaram,4685,Pedda Venkatapur,పెద్ద వెంకటాపూర్,transliterated,577923,506165,,
Telangana,Bhadradri Kothagudem,690,Allapalli,6267,Pedda Venkatapuram,పెద్దవెంకటాపురం,authoritative,579410,507124,,
Telangana,Nizamabad,516,Sirikonda,4379,Pedda Walgot,పెద్ద వాల్గోట్,transliterated,571256,503165,,
Telangana,Ranga Reddy,518,Jilled Chowdergudem,6322,Pedda Yelkicherla,పెద్ద యెల్కిచర్ల,transliterated,575167,509207,,
Telangana,Jogulamba Gadwal,695,Manopad,4611,Peddaamudyala Padu,పెద్దాముద్యల పాడు,transliterated,576395,509128,,
Telangana,Khammam,509,Bonakal,4765,Peddabeeravalli,పెద్దబీరవల్లి,transliterated,579838,507204,,
Telangana,Peddapalli,682,Peddapalli,4408,Peddabonkur,పెద్దబొంకూర్,transliterated,571994,505174,,
Telangana,Narayanpet,721,Marikal,6263,Peddachintakunta,పెద్దచింతకుంటా,transliterated,575508,509409,,
Telangana,Wanaparthy,693,Weepangandla,4608,Peddadagada,పెద్దదగడ,transliterated,909940,509104,,
Telangana,Jogulamba Gadwal,695,Rajoli,6296,Peddadhanwada,పెద్దధన్వాడ,transliterated,576379,509135,,
Telangana,Mahabubnagar,512,Hanwada,4555,Peddadharpalle,పెద్దధర్పల్లె,transliterated,575065,509334,,
Telangana,Jogulamba Gadwal,695,Itikyala,4607,Peddadinne,పెద్దదిన్నె,transliterated,576309,509128,,
Telangana,Bhadradri Kothagudem,690,Dammapeta,4750,Peddagollagudem,పెద్దగొల్లగూడెం,transliterated,579543,507306,,
Telangana,Mulugu,720,Wajedu,4723,Peddagollagudem (G),పెద్దగొల్లగూడెం (గ్),transliterated,578710,507136,,
Telangana,Mulugu,720,Wajedu,4723,Peddagollagudem (Z),పెద్దగొల్లగూడెం (జ్),transliterated,578711,507136,,
Telangana,Wanaparthy,693,Wanaparthy,4595,Peddagudemthanda,పెద్దగూడెంతండ,transliterated,909659,509381,,
Telangana,Narayanpet,721,Utkoor,4571,Peddajatram,పెద్దజాత్రం,transliterated,575473,509205,,
Telangana,Narayanpet,721,Narwa,4588,Peddakadmur,పెద్దకడ్మూర్,transliterated,575857,509130,,
Telangana,Peddapalli,682,Peddapalli,4408,Peddakalvala,పెద్దకల్వల,transliterated,571990,505174,,
Telangana,Sangareddy,691,Patancheru,4494,Peddakanjerla,పెద్దకంజెర్ల,transliterated,573928,502319,,
Telangana,Nalgonda,514,Chityal,4633,Peddakaparthy,పెద్దకపర్తి,transliterated,576869,508114,,
Telangana,Nagarkurnool,694,Peddakothapally,4599,Peddakarpamula,పెద్దకర్పముల,transliterated,576127,509412,,
Telangana,Siddipet,692,Chinnakodur,4460,Peddakodur,పెద్దకోడూర్,transliterated,573015,502276,,
Telangana,Jayashankar Bhupalapally,687,Mogullapally,4680,Peddakomatipalle,పెద్దకోమటిపల్లె,transliterated,577776,506366,,
Telangana,Yadadri Bhuvanagiri,697,Choutuppal,4631,Peddakondur,పెద్దకొండూర్,transliterated,909755,508252,,
Telangana,Warangal,522,Nekkonda,4713,Peddakorpole,పెద్దకోర్పోలే,transliterated,578509,506112,,
Telangana,Khammam,509,Kalluru,4763,Peddakorukondi,పెద్దకోరుకొండి,authoritative,579789,507209,,
Telangana,Rajanna Sircilla,683,Illanthakunta,4436,Peddalingapur,పెద్దలింగాపూర్,transliterated,572482,505405,,
Telangana,Jangoan,689,Devaruppula,4701,Peddamadur,పెద్దమదుర్,transliterated,578259,506303,,
Telangana,Kamareddy,685,Bhiknoor,4391,Peddamallareddy,పెద్దమల్లారెడ్డి,transliterated,571579,503101,,
Telangana,Wanaparthy,693,Peddamandadi,4594,Peddamandadi,పెద్దమందది,transliterated,956053,509106,,
Telangana,Khammam,509,Mudigonda,4758,Peddamandava,పెద్దమండవ,transliterated,579706,507169,,
Telangana,Ranga Reddy,518,Moinabad,4528,Peddamangalaram,పెద్దమంగళారాం,transliterated,574262,501504,,
Telangana,Wanaparthy,693,Chinnambavi,6287,Peddamarur,పెద్దమరూర్,transliterated,576337,509104,,
Telangana,Bhadradri Kothagudem,690,Cherla,4726,Peddamidisileru Chalk -I,పెద్దమిడిసిలేరు చాల్క్ -ఇ,transliterated,578883,507140,,
Telangana,Bhadradri Kothagudem,690,Cherla,4726,Peddamidisileru Chalk -Ii,పెద్దమిడిసిలేరు చాల్క్ -ఐఐ,transliterated,578882,507140,,
Telangana,Bhadradri Kothagudem,690,Cherla,4726,Peddamidisileru Chalk -Iii,పెద్దమిడిసిలేరు చాల్క్ -ఐఐఐ,transliterated,578881,507140,,
Telangana,Mancherial,684,Kasipet,4349,Peddampalle (R),పెద్దంపల్లె (ర్),transliterated,570508,504231,,
Telangana,Mancherial,684,Hajipur,6227,Peddampet,పెద్దంపేట,transliterated,570598,504207,,
Telangana,Jayashankar Bhupalapally,687,Mahadevpur,4403,Peddampet,పెద్దంపేట,transliterated,571880,505504,,
Telangana,Peddapalli,682,Srirampur,4407,Peddampet,పెద్దంపేట,transliterated,571968,505152,,
Telangana,Peddapalli,682,Ramagiri,6216,Peddampeta,పెద్దంపేట,transliterated,909519,505184,,
Telangana,Nagarkurnool,694,Nagarkurnool,4583,Peddamudnur,పెద్దముడ్నూర్,transliterated,575743,509412,,
Telangana,Nalgonda,514,Chandampeta,4652,Peddamula,పెద్దముల,transliterated,909845,508248,,
Telangana,Mahabubnagar,512,Addakal,4586,Peddamungalachedu,పెద్దముంగలచెదు,transliterated,576025,509382,,
Telangana,Mahabubabad,688,Danthalapalle,6255,Peddamupparam,పెద్దముప్పరం,transliterated,578604,506324,,
Telangana,Mahabubabad,688,Narsimhulapet,4719,Peddanagaram,పెద్దనగరం,transliterated,578623,506324,,
Telangana,Vikarabad,698,Kodangal,4549,Peddanandigam,పెద్దనందిగం,transliterated,574914,509350,,
Telangana,Suryapet,696,Nuthanakal,4621,Peddanemali,పెద్దనేమాలి,transliterated,576620,508221,,
Telangana,Peddapalli,682,Manthani,4401,Peddaodela,పెద్దఒడేలా,transliterated,571816,505184,,
Telangana,Nagarkurnool,694,Uppununthala,4580,Peddaour,పెద్దౌర్,transliterated,575656,509385,,
Telangana,Jangoan,689,Jangoan,4699,Peddapahad,పెద్దపహద్,transliterated,578224,506175,,
Telangana,Kamareddy,685,Rajampet,6241,Peddapalle,పెద్దపల్లి,authoritative,571564,503110,,
Telangana,Peddapalli,682,Peddapalli,4408,Peddapalle (Ct),పెద్దపల్లె (సీటీ),transliterated,571999,505172,,
Telangana,Mahabubnagar,512,Jadcherla,4567,Peddapally,పెద్దపల్లి,transliterated,909593,509302,,
Telangana,Jogulamba Gadwal,695,Maldakal,4604,Peddapally,పెద్దపల్లి,transliterated,909678,509132,,
Telangana,Hanumakonda,686,Dharmasagar,4677,Peddapendyal,పెద్దపెంద్యల్,transliterated,577725,506151,,
Telangana,Mancherial,684,Dandepally,4348,Peddapet,పెద్దపేట,transliterated,570474,504206,,
Telangana,Mancherial,684,Bheemini,4328,Peddapeta,పెద్దపేట,authoritative,569817,504273,,
Telangana,Narayanpet,721,Utkoor,4571,Peddaporla,పెద్దపొర్ల,transliterated,575489,509311,,
Telangana,Jogulamba Gadwal,695,Manopad,4611,Peddapothulapadu,పెద్దపోతులపాడు,transliterated,576413,509128,,
Telangana,Peddapalli,682,Julapalli,4409,Peddapur,పెద్దపూర్,transliterated,572000,505415,,
Telangana,Jagitial,681,Metpalli,4417,Peddapur,పెద్దాపూర్,transliterated,572119,505325,,
Telangana,Medak,513,Yeldurthy,4481,Peddapur,పెద్దాపూర్,transliterated,573573,502255,,
Telangana,Vikarabad,698,Marpalle,4512,Peddapur,పెద్దాపూర్,transliterated,573992,501202,,
Telangana,Narayanpet,721,Kothapally (15),7537,Peddapur,పెద్దాపూర్,transliterated,575050,509371,,
Telangana,Nagarkurnool,694,Veldanda,4565,Peddapur,పెద్దాపూర్,transliterated,575309,509360,,
Telangana,Jayashankar Bhupalapally,687,Bhupalpally,4682,Peddapur,పెద్దాపూర్,transliterated,577851,506168,,
Telangana,Hanumakonda,686,Athmakur,4694,Peddapur,పెద్దాపూర్,transliterated,578136,506342,,
Telangana,Nagarkurnool,694,Nagarkurnool,4583,Peddapuram,పెద్దాపురం,authoritative,575736,509235,,
Telangana,Mahabubnagar,512,Devarakadra,4573,Peddarajmoor,పెద్దరజ్మూర్,transliterated,575515,509204,,
Telangana,Jangoan,689,Jangoan,4699,Peddaramancherla,పెద్దరమంచెర్ల,transliterated,578232,506221,,
Telangana,Sangareddy,691,Pulkal,4478,Peddareddipet,పెద్దారెడ్డిపేట,transliterated,573471,502293,,
Telangana,Bhadradri Kothagudem,690,Annapureddypalli,6268,Peddareddygudem,పెద్దారెడ్డిగూడెం,transliterated,579502,507316,,
Telangana,Mahabubnagar,512,Balanagar,4557,Peddarevelly,పెద్దరేవెల్లి,transliterated,575120,509408,,
Telangana,Ranga Reddy,518,Shamshabad,4543,Peddashapur,పెద్దషాపూర్,authoritative,574742,509325,,
Telangana,Kumuram Bheem Asifabad,699,Bejjur,4317,Peddasiddapur,పెద్దసిద్దపూర్,transliterated,569419,504299,,
Telangana,Yadadri Bhuvanagiri,697,Thurkapally,4614,Peddathanda,పెద్దతండ,transliterated,909952,508117,,
Telangana,Ranga Reddy,518,Shamshabad,4543,Peddatopra,పెద్దతోప్ర,transliterated,574745,509325,,
Telangana,Vikarabad,698,Pudur,4541,Peddaumanthal,పెద్దౌమంథల్,transliterated,574686,501102,,
Telangana,Mahabubabad,688,Peddavangara,6256,Peddavangara,పెద్దవంగర,authoritative,578281,506317,,
Telangana,Mahabubnagar,512,Gandeed,4538,Peddavarval,పెద్దవర్వల్,transliterated,574571,509335,,
Telangana,Ranga Reddy,518,Shabad,4542,Peddaved,పెద్దవేద్,transliterated,574705,509217,,
Telangana,Mahabubnagar,512,Balanagar,4557,Peddayapalle,పెద్దయపల్లె,transliterated,575114,509202,,
Telangana,Bhadradri Kothagudem,690,Cherla,4726,Peddipalli,పెద్దిపల్లి,transliterated,578898,507140,,
Telangana,Bhadradri Kothagudem,690,Manuguru,4727,Peddipalli,పెద్దిపల్లి,transliterated,578916,507140,,
Telangana,Jogulamba Gadwal,695,Maldakal,4604,Peddodi,పెద్దోడి,transliterated,909679,509132,,
Telangana,Nirmal,680,Kaddam Peddur,4335,Peddur,పెద్దూరు,authoritative,570047,504202,,
Telangana,Rajanna Sircilla,683,Sircilla,4435,Peddur,పెద్దూరు,authoritative,572447,505301,,
Telangana,Nagarkurnool,694,Telkapally,4581,Pedduru,పెద్దూరు,authoritative,575691,509385,,
Telangana,Nizamabad,516,Varni,4376,Pedmal,పెడ్మల్,transliterated,571219,503187,,
Telangana,Narayanpet,721,Maddur,4554,Pedripahad,పెద్రిపహద్,transliterated,575035,509411,,
Telangana,Nirmal,680,Laxmanchanda,4345,Peechara,పీచర,authoritative,570381,504105,,
Telangana,Hanumakonda,686,Velair,6252,Peechera,పీచెర,transliterated,577712,506145,,
Telangana,Adilabad,501,Neradigonda,4325,Peechra,పీచ్ర,transliterated,569739,504323,,
Telangana,Vikarabad,698,Vikarabad,4530,Peelaram,పీలారాం,transliterated,574313,501101,,
Telangana,Yadadri Bhuvanagiri,697,Choutuppal,4631,Peepal Pahad,పీపల్ పహాడ్,transliterated,576828,508252,,
Telangana,Ranga Reddy,518,Gandipet,6320,Peeramcheru,పీరంచెరు,transliterated,574238,500091,,
Telangana,Vikarabad,698,Vikarabad,4530,Peerampalle,పీరంపల్లె,transliterated,574329,501101,,
Telangana,Vikarabad,698,Kulkacharla,4539,Peerampalle,పీరంపల్లె,transliterated,574601,501502,,
Telangana,Siddipet,692,Jagdevpur,4484,Peerlapalle,పీర్లపల్లె,transliterated,573664,502281,,
Telangana,Mancherial,684,Tandur,4332,Pegadapalle,పెగడపల్లీ,authoritative,569948,504272,,
Telangana,Mancherial,684,Jaipur,4355,Pegadapalle,పెగడపల్లీ,authoritative,570637,504216,,
Telangana,Peddapalli,682,Srirampur,4407,Pegadapalle,పెగడపల్లీ,authoritative,571966,505162,,
Telangana,Mulugu,720,Mulug,4689,Pegadapalle,పెగడపల్లీ,authoritative,578051,506352,,
Telangana,Mahabubabad,688,Kothaguda,4710,Pegadapalle,పెగడపల్లీ,authoritative,578411,506135,,
Telangana,Hanumakonda,686,Hasanparthy,4678,Pegadapalle (Og),పెగడపల్లె (ఒగ్),transliterated,577746,506015,,
Telangana,Jagitial,681,Pegadapalli,4421,Pegadapalli,పెగదపల్లి,transliterated,572197,505532,,
Telangana,Nizamabad,516,Bodhan,4370,Pegadpalle,పెగడ్పల్లె,transliterated,570975,503235,,
Telangana,Bhadradri Kothagudem,690,Tekulapalli,4739,Pegallapadu,పెగల్లపాడు,authoritative,579395,507127,,
Telangana,Khammam,509,Yerrupalem,4767,Pegallapadu,పెగల్లపాడు,authoritative,579886,507201,,
Telangana,Jayashankar Bhupalapally,687,Mutharam Mahadevpur,4404,Pegdapalle,పెగ్దపల్లె,transliterated,571911,505503,,
Telangana,Jagitial,681,Kathlapur,4418,Peggerla,పెగ్గెర్ల,transliterated,572145,505325,,
Telangana,Hanumakonda,686,Hasanparthy,4678,Pembarthy,పెంబర్తి,transliterated,577736,506371,,
Telangana,Jangoan,689,Jangoan,4699,Pembarthy,పెంబర్తి,transliterated,578237,506201,,
Telangana,Jagitial,681,Sarangapur,4396,Pembetla,పెంబెట్ల,transliterated,571685,505529,,
Telangana,Nirmal,680,Pembi,6206,Pembi,పెంబి,transliterated,570434,504203,,
Telangana,Yadadri Bhuvanagiri,697,Bhongir,4628,Penchikala Pahad,పెంచికల పహాడ్,transliterated,576768,508286,,
Telangana,Suryapet,696,Nereducherla,4665,Penchikaladinne,పెంచికలదిన్నె,transliterated,577522,508218,,
Telangana,Wanaparthy,693,Pebbair,4602,Penchikalpadu,పెంచికల్పాడు,transliterated,576215,509104,,
Telangana,Nirmal,680,Kuntala,4337,Penchikalpahad,పెంచికల్పహాడ్,transliterated,570118,504109,,
Telangana,Nalgonda,514,Devarakonda,4653,Penchikalpahad,పెంచికల్పహాడ్,transliterated,577246,508243,,
Telangana,Kumuram Bheem Asifabad,699,Penchicalpet,6313,Penchikalpet,పెంచికల్పెత్,transliterated,569426,504296,,
Telangana,Peddapalli,682,Kamanpur,4400,Penchikalpet (Og),పెంచికల్పెత్ (ఒగ్),transliterated,571781,505188,,
Telangana,Jogulamba Gadwal,695,Ghattu,4605,Penchikapadu,పెంచికపాడు,authoritative,576266,509132,,
Telangana,Nirmal,680,Sarangapur,4336,Pendaldhari,పెండల్ధారి,transliterated,570076,504110,,
Telangana,Adilabad,501,Bhoraj,7529,Pendalwada,పెండల్వాడ,transliterated,569036,504309,,
Telangana,Nalgonda,514,Kondamallepally,6307,Pendli Pakala,పెంద్లి పకల,transliterated,577253,508243,,
Telangana,Vikarabad,698,Vikarabad,4530,Pendlimadgu,పెండ్లిమాడ్గు,transliterated,574322,501101,,
Telangana,Ranga Reddy,518,Maheshwaram,4544,Pendyal,పెండ్యాల్,transliterated,574773,509325,,
Telangana,Ranga Reddy,518,Kothur,4560,Penjerla,పెంజెర్ల,transliterated,575221,509228,,
Telangana,Nagarkurnool,694,Uppununthala,4580,Penmilla,పెన్మిల్ల,transliterated,575663,509376,,
Telangana,Suryapet,696,Penpahad,4643,Penpahad,పెన్పహాడ్,transliterated,577029,508214,,
Telangana,Nizamabad,516,Bodhan,4370,Penta Kalan,పెంటా కలన్,transliterated,570976,503235,,
Telangana,Nizamabad,516,Bodhan,4370,Penta Khurd,పెంటా ఖుర్ద్,transliterated,571000,503185,,
Telangana,Bhadradri Kothagudem,690,Annapureddypalli,6268,Pentlam,పెంట్లం,transliterated,579494,507315,,
Telangana,Khammam,509,Penuballi,4752,Penuballi,పెనుబల్లి,transliterated,579582,507302,,
Telangana,Mulugu,720,Wajedu,4723,Penugolu (G),పెనుగొలు (గ్),transliterated,578707,507136,,
Telangana,Mahabubabad,688,Kesamudram,4717,Penugonda,పెనుగొండ,authoritative,578579,506102,,
Telangana,Narayanpet,721,Narayanpet,4570,Perapalla,పేరపల్ల,authoritative,575446,509210,,
Telangana,Peddapalli,682,Kamanpur,4400,Perapalle,పెరపల్లె,transliterated,571768,505188,,
Telangana,Kumuram Bheem Asifabad,699,Asifabad,4319,Perasnambal,పెరస్నాంబల్,transliterated,569537,504292,,
Telangana,Khammam,509,Kusumanchi,4755,Perikasingaram,పెరికసింగారం,transliterated,579643,507159,,
Telangana,Nalgonda,514,Shaligouraram,4624,Perka Kondaram,పెర్కా కొందరం,transliterated,576672,508210,,
Telangana,Nizamabad,516,Armoor,4360,Perkit (Og),పెర్కిట్ (ఒగ్),transliterated,570781,503223,,
Telangana,Mahabubnagar,512,Koilkonda,4569,Perkiweedu,పెర్కివీదు,transliterated,575435,509204,,
Telangana,Suryapet,696,Jajireddygudem,4623,Persaipally,పెర్సాయిపల్లి,transliterated,909706,508224,,
Telangana,Ranga Reddy,518,Kandukur,4545,Peruguguda,పెరుగుగూడ,transliterated,574815,500113,,
Telangana,Kamareddy,685,Lingampet,4388,Perumalla,పెరుమల్ల,transliterated,571514,503124,,
Telangana,Khammam,509,Singareni,4744,Perupally,పేరుపల్లి,transliterated,579453,507122,,
Telangana,Medak,513,Medak,4456,Perur,పేరూరు,authoritative,572917,502109,,
Telangana,Mahabubnagar,512,Koukuntla,7522,Perur,పేరూరు,authoritative,575537,509219,,
Telangana,Nalgonda,514,Anumula,4660,Peruru,పేరూరు,authoritative,577434,508377,,
Telangana,Khammam,509,Kalluru,4763,Peruvancha,పేరువంచ,transliterated,579807,507209,,
Telangana,Kumuram Bheem Asifabad,699,Dahegoan,4329,Pesarkunta,పెసర్కుంట,transliterated,569850,504273,,
Telangana,Kamareddy,685,Gandhari,4382,Petasangam,పేటసంగం,transliterated,571362,503114,,
Telangana,Kumuram Bheem Asifabad,699,Sirpur U,4326,Phullara,ఫుల్లారా,transliterated,569754,504313,,
Telangana,Vikarabad,698,Vikarabad,4530,Phulmaddi,ఫుల్మద్ది,transliterated,574316,501101,,
Telangana,Sangareddy,691,Kohir,4475,Picharagad,పిచ్చరగడ్,transliterated,573388,502210,,
Telangana,Jayashankar Bhupalapally,687,Mogullapally,4680,Pidisilla,పిడిసిల్ల,transliterated,577783,506366,,
Telangana,Ranga Reddy,518,Abdullapurmet,6319,Piglipur,పిగ్లిపూర్,transliterated,574199,501512,,
Telangana,Yadadri Bhuvanagiri,697,B Pochampally,4630,Pillai Palle,పిళ్ళైపల్లి,authoritative,576802,508284,,
Telangana,Suryapet,696,Suryapet,4638,Pillala Marri (Part),పిల్లల మర్రి (పార్ట్),transliterated,576956,508214,,
Telangana,Yadadri Bhuvanagiri,697,Ramannapet,4632,Pilligudem,పిల్లిగూడెం,transliterated,909759,508113,,
Telangana,Vikarabad,698,Marpalle,4512,Pilligundla,పిల్లిగుండ్ల,transliterated,573975,501202,,
Telangana,Yadadri Bhuvanagiri,697,Bommalaramaram,4613,Pilligundla Thanda,పిల్లిగుండ్ల తండ,transliterated,909946,508117,,
Telangana,Medak,513,Shivampet,4487,Pillutla,పిల్లుట్ల,transliterated,573734,502313,,
Telangana,Khammam,509,Thallada,4762,Pinapaka,పినపాక,authoritative,579776,507165,,
Telangana,Bhadradri Kothagudem,690,Burgampahad,4736,Pinapaka (Pm),పినపాక (పిఎం),transliterated,579341,507114,,
Telangana,Khammam,509,Tirumalayapalem,4754,Pindiprolu,పిండిప్రోలు,transliterated,579627,507183,,
Telangana,Khammam,509,Kamepalli,4745,Pinjaramadugu,పింజరమడుగు,transliterated,579468,507122,,
Telangana,Suryapet,696,Suryapet,4638,Pinnai Palem,పిన్నై పాలెం,transliterated,576951,508376,,
Telangana,Wanaparthy,693,Atmakur,4592,Pinnamcherla,పిన్నంచెర్ల,transliterated,575974,509131,,
Telangana,Nalgonda,514,Peddavoora,4659,Pinnavura,పిన్నావురా,transliterated,577382,508266,,
Telangana,Adilabad,501,Boath,4324,Pippaladhari,పిప్పలధారి,transliterated,569698,504304,,
Telangana,Adilabad,501,Adilabad Rural,6221,Pippaldhari,పిప్పల్ధారి,transliterated,569007,504002,,
Telangana,Adilabad,501,Jainath,4307,Pippalgaon,పిప్పల్గాన్,transliterated,569068,504309,,
Telangana,Kumuram Bheem Asifabad,699,Asifabad,4319,Pippalgaon,పిప్పల్గాన్,transliterated,569495,504294,,
Telangana,Adilabad,501,Bheempur,6223,Pippalkoti,పిప్పల్కోటి,transliterated,568967,504312,,
Telangana,Adilabad,501,Bhoraj,7529,Pipparwada,పిప్పర్వాడ,transliterated,569031,504309,,
Telangana,Adilabad,501,Inderavelly,4311,Pipri,పిప్రి,transliterated,569169,504346,,
Telangana,Adilabad,501,Bazarhatnoor,4323,Pipri,పిప్రి,transliterated,569665,504307,,
Telangana,Nirmal,680,Bhainsa,4339,Pipri,పిప్రి,transliterated,570182,504102,,
Telangana,Nirmal,680,Mudhole,4341,Pipri,పిప్రి,transliterated,570237,504102,,
Telangana,Nirmal,680,Lokeswaram,4342,Pipri,పిప్రి,transliterated,570302,504104,,
Telangana,Nizamabad,516,Armoor,4360,Pipri,పిప్రి,transliterated,570769,503223,,
Telangana,Nizamabad,516,Bheemgal,4364,Pipri,పిప్రి,transliterated,570858,503307,,
Telangana,Sangareddy,691,Narayankhed,4452,Pipri,పిప్రి,transliterated,572806,502286,,
Telangana,Adilabad,501,Bela,4308,Pitgaon,పిట్గాన్,transliterated,569119,504309,,
Telangana,Kamareddy,685,Pitlam,4384,Pitlam,పిట్లం,transliterated,571411,503310,,
Telangana,Nalgonda,514,Kattangur,4635,Pittam Palle,పిత్తం పల్లె,transliterated,576909,508002,,
Telangana,Nalgonda,514,Chityal,4633,Pittampally,పిట్టంపల్లి,transliterated,576867,508114,,
Telangana,Adilabad,501,Sirikonda,6224,Pochampalle,పోచంపల్లి,authoritative,569196,504307,,
Telangana,Nizamabad,516,Vailpoor,4365,Pochampalle,పోచంపల్లి,authoritative,570869,503311,,
Telangana,Jayashankar Bhupalapally,687,Kataram,4402,Pochampalle,పోచంపల్లి,authoritative,571834,505503,,
Telangana,Nalgonda,514,Gurrampode,4657,Pochampalle,పోచంపల్లి,authoritative,577332,508256,,
Telangana,Yadadri Bhuvanagiri,697,B Pochampally,4630,Pochampalle (Ct),పోచంపల్లె (సీటీ),transliterated,576824,508284,,
Telangana,Ranga Reddy,518,Hayathnagar,4525,Pochampalle Wada,పోచంపల్లె వాడా,transliterated,574188,501505,,
Telangana,Jangoan,689,Bachannapet,4674,Pochannapet,పోచన్నపేట,transliterated,577668,506221,,
Telangana,Mahabubabad,688,Peddavangara,6256,Pochanpalle,పోచన్పల్లె,transliterated,578278,506317,,
Telangana,Nagarkurnool,694,Peddakothapally,4599,Pochapur,పోచాపూర్,transliterated,576133,509412,,
Telangana,Nizamabad,516,Yedapally,4369,Pocharam,పోచారం,authoritative,570959,503186,,
Telangana,Kamareddy,685,Pedda Kodapgal,6245,Pocharam,పోచారం,authoritative,571120,503305,,
Telangana,Kamareddy,685,Banswada,4383,Pocharam,పోచారం,authoritative,571370,503187,,
Telangana,Kamareddy,685,Nagireddypet,4387,Pocharam,పోచారం,authoritative,571495,503108,,
Telangana,Medak,513,Regode,4471,Pocharam,పోచారం,authoritative,573240,502290,,
Telangana,Sangareddy,691,Pulkal,4478,Pocharam,పోచారం,authoritative,573474,502293,,
Telangana,Ranga Reddy,518,Ibrahimpatnam,4546,Pocharam,పోచారం,authoritative,574846,501506,,
Telangana,Hanumakonda,686,Parkal,4679,Pocharam,పోచారం,authoritative,577765,506319,,
Telangana,Mahabubabad,688,Peddavangara,6256,Pocharam,పోచారం,authoritative,578284,506318,,
Telangana,Warangal,522,Khanapur,4709,Pocharam,పోచారం,authoritative,578382,506132,,
Telangana,Mahabubabad,688,Garla,4743,Pocharam,పోచారం,authoritative,579450,507210,,
Telangana,Khammam,509,Kusumanchi,4755,Pocharam,పోచారం,authoritative,579633,507163,,
Telangana,Medak,513,Medak,4456,Pocharam Tank,పోచారం టాంక్,transliterated,912373,502113,,
Telangana,Adilabad,501,Adilabad Rural,6221,Pochera,పోచెరా,transliterated,568979,504002,,
Telangana,Adilabad,501,Boath,4324,Pochera,పోచెరా,transliterated,569694,504304,,
Telangana,Yadadri Bhuvanagiri,697,Valigonda,4627,Poddutur,పొద్దుతూర్,transliterated,576735,508112,,
Telangana,Yadadri Bhuvanagiri,697,Mothkur,4625,Podichedu,పొడిచేడు,transliterated,576695,508277,,
Telangana,Mahabubabad,688,Kothaguda,4710,Pogallapalle,పోగళ్లపల్లె,transliterated,578401,506135,,
Telangana,Bhadradri Kothagudem,690,Mulkalapally,4748,Pogallapally,పోగళ్లపల్లి,transliterated,579515,507115,,
Telangana,Adilabad,501,Bela,4308,Pohar,పోహర్,transliterated,569114,504309,,
Telangana,Bhadradri Kothagudem,690,Chandrugonda,4747,Pokalagudem,పోకలగూడెం,transliterated,579485,507166,,
Telangana,Ranga Reddy,518,Gandipet,6320,Pokkalwada,పొక్కల్వాడ,transliterated,574231,500089,,
Telangana,Kumuram Bheem Asifabad,699,Dahegoan,4329,Polampalle,పోలంపల్లి,authoritative,569853,504273,,
Telangana,Mancherial,684,Bheemaram,6228,Polampalle,పోలంపల్లి,authoritative,570627,504204,,
Telangana,Karimnagar,508,Thimmapur LMD,4438,Polampalle,పోలంపల్లి,authoritative,572524,505469,,
Telangana,Medak,513,Chegunta,4466,Polampally,పొలంపల్లి,transliterated,573148,502255,,
Telangana,Jayashankar Bhupalapally,687,Mutharam Mahadevpur,4404,Polaram,పోలారం,authoritative,571899,505503,,
Telangana,Ranga Reddy,518,Shabad,4542,Polaram,పోలారం,authoritative,574710,509217,,
Telangana,Warangal,522,Duggondi,4693,Polaram,పోలారం,authoritative,578107,506349,,
Telangana,Mahabubabad,688,Kothaguda,4710,Polaram,పోలారం,authoritative,578436,506135,,
Telangana,Kumuram Bheem Asifabad,699,Jainoor,4320,Polasa,పొలస,transliterated,569556,504346,,
Telangana,Jagitial,681,Jagitial Rural,6211,Polasa,పొలస,transliterated,572072,505529,,
Telangana,Vikarabad,698,Dudyal,7540,Polepalle,పోలేపల్లె,authoritative,574944,509350,,
Telangana,Ranga Reddy,518,Amangal,4563,Polepalle,పోలేపల్లె,authoritative,575292,509358,,
Telangana,Mahabubnagar,512,Jadcherla,4567,Polepalle,పోలేపల్లె,authoritative,575372,509302,,
Telangana,Nagarkurnool,694,Balmoor,4597,Polepalle,పోలేపల్లె,authoritative,576081,509385,,
Telangana,Mahabubabad,688,Thorrur,4715,Polepalle,పోలేపల్లె,authoritative,578548,506163,,
Telangana,Khammam,509,Khammam (Rural),4756,Polepally,పొలెపల్లి,transliterated,579662,507003,,
Telangana,Nagarkurnool,694,Balmoor,4597,Polesettipalle,పోలేశెట్టిపల్లె,transliterated,576086,509376,,
Telangana,Sangareddy,691,Munipally,4477,Polkampalle,పోల్కంపల్లె,authoritative,573462,502345,,
Telangana,Ranga Reddy,518,Ibrahimpatnam,4546,Polkampalle,పోల్కంపల్లె,authoritative,574834,501508,,
Telangana,Vikarabad,698,Doulathabad,4552,Polkampalle,పోల్కంపల్లె,authoritative,574991,509336,,
Telangana,Mahabubnagar,512,Moosapet,6260,Polkampalle,పోల్కంపల్లె,authoritative,575797,509382,,
Telangana,Kamareddy,685,Lingampet,4388,Polkampet,పొల్కంపెత్,transliterated,571516,503124,,
Telangana,Wanaparthy,693,Gopalpeta,4596,Polkepahad,పోల్కేపహాడ్,transliterated,576064,509206,,
Telangana,Mahabubnagar,512,Nawabpet,4556,Pomal,పొమల్,transliterated,575073,509202,,
Telangana,Ranga Reddy,518,Keshampet,4561,Pomalpalle,పోమల్పల్లె,transliterated,575238,509202,,
Telangana,Vikarabad,698,Bantwaram,4532,Pommapur,పొమ్మాపూర్,transliterated,574385,501106,,
Telangana,Jayashankar Bhupalapally,687,Regonda,4690,Ponagandla,పొనగండ్ల,transliterated,578055,506170,,
Telangana,Warangal,522,Duggondi,4693,Ponakal,పొనకల్,transliterated,578114,506331,,
Telangana,Kamareddy,685,Rajampet,6241,Pondurthi,పొందుర్తి,transliterated,571566,503102,,
Telangana,Nirmal,680,Mamada,4346,Ponkal,పొంకల్,transliterated,570423,504310,,
Telangana,Nirmal,680,Sarangapur,4336,Ponkur,పొంకూర్,transliterated,570075,504110,,
Telangana,Adilabad,501,Sirikonda,6224,Ponna,పొన్న,transliterated,569603,504307,,
Telangana,Mahabubnagar,512,Addakal,4586,Ponnakal,పొన్నకల్,transliterated,575805,509382,,
Telangana,Siddipet,692,Siddipet Urban,4459,Ponnal,పొన్నల్,transliterated,572994,502277,,
Telangana,Medchal Malkajgiri,700,Shamirpet,4520,Ponnal,పొన్నల్,transliterated,574130,500078,,
Telangana,Adilabad,501,Bela,4308,Ponnala,పొన్నల,transliterated,569098,504309,,
Telangana,Adilabad,501,Tamsi,4305,Ponnari,పొన్నారి,transliterated,568975,504002,,
Telangana,Khammam,509,Kamepalli,4745,Ponnekal,పొన్నెకల్,transliterated,579464,507210,,
Telangana,Nalgonda,514,Kanagal,4656,Ponugode,పోనుగోడ్,transliterated,577307,508255,,
Telangana,Suryapet,696,Garidepally,4666,Ponugodu,పొనుగోడు,authoritative,577545,508201,,
Telangana,Vikarabad,698,Nawabpet,4514,Poolapalle,పూలపల్లె,transliterated,574041,501111,,
Telangana,Adilabad,501,Bhoraj,7529,Poosai,పూసై,transliterated,569030,504309,,
Telangana,Nalgonda,514,Madugulapally,6305,Poosal Pahad,పూసల్ పహాడ్,transliterated,577459,508217,,
Telangana,Peddapalli,682,Sulthanabad,4425,Poosala,పూసల,transliterated,572258,505185,,
Telangana,Nizamabad,516,Jakranpally,4366,Poppalpalle,పొప్పల్పల్లె,transliterated,570892,503003,,
Telangana,Jagitial,681,Jagitial Rural,6211,Porandla,పోరండ్ల,transliterated,572070,505529,,
Telangana,Karimnagar,508,Thimmapur LMD,4438,Porandla,పోరండ్ల,transliterated,572516,505469,,
Telangana,Ranga Reddy,518,Maheshwaram,4544,Porandla,పొరంద్ల,transliterated,574778,500113,,
Telangana,Jagitial,681,Medipalli,4415,Pormalla,పొర్మల్ల,transliterated,572094,505453,,
Telangana,Jogulamba Gadwal,695,Manopad,4611,Posalpadu,పోసాల్పాడు,transliterated,576412,509128,,
Telangana,Sangareddy,691,Chowtakur,7188,Posanipalle,పోసానిపల్లె,transliterated,573481,502273,,
Telangana,Kamareddy,685,Ramareddy,6243,Posanipet,పోసానిపేట,transliterated,571324,503144,,
Telangana,Sangareddy,691,Andole,4479,Posanipet,పోసానిపేట,transliterated,573506,502270,,
Telangana,Jagitial,681,Kathlapur,4418,Posanipeta,పోసానిపేట,transliterated,572150,505462,,
Telangana,Siddipet,692,Komuravelli,6284,Posanpalle,పోసన్పల్లె,transliterated,577620,506355,,
Telangana,Ranga Reddy,518,Shamshabad,4543,Posettyguda,పొసెత్త్య్గూడ,transliterated,574750,501218,,
Telangana,Kamareddy,685,Birkur,4375,Poshetpalle,పోషెట్పల్లె,transliterated,571170,503301,,
Telangana,Nirmal,680,Laxmanchanda,4345,Potapalle (K),పోతపల్లె (క్),transliterated,570378,504102,,
Telangana,Kamareddy,685,Palwancha,7519,Potaram,పోతరం,transliterated,571290,503144,,
Telangana,Kamareddy,685,Lingampet,4388,Pothaipalle,పోతాయిపల్లె,transliterated,571518,503124,,
Telangana,Medchal Malkajgiri,700,Shamirpet,4520,Pothaipally,పొథైపల్లి,transliterated,574124,500101,,
Telangana,Medak,513,Masaipet,7190,Pothamshetpally,పోతంషేట్పల్లి,transliterated,573154,502335,,
Telangana,Nizamabad,516,Navipet,4358,Pothangal,పొతంగల్,authoritative,570708,503246,,
Telangana,Nizamabad,516,Pothangal,7534,Pothangal,పొతంగల్,authoritative,571029,503207,,
Telangana,Kamareddy,685,Gandhari,4382,Pothangal (Kalan),పొథంగల్ (కలన్),transliterated,571354,503114,,
Telangana,Kamareddy,685,Gandhari,4382,Pothangal (Khurd),పోతంగల్ (ఖుర్ద్),transliterated,571355,503114,,
Telangana,Warangal,522,Geesugonda,4707,Potharajpalle,పోతరాజ్పల్లె,transliterated,578347,506330,,
Telangana,Nirmal,680,Mamada,4346,Potharam,పొథరమ్,transliterated,570418,504310,,
Telangana,Jagitial,681,Sarangapur,4396,Potharam,పోతరం,transliterated,571677,505454,,
Telangana,Peddapalli,682,Mutharam (Manthani),4406,Potharam,పోతరం,transliterated,571953,505153,,
Telangana,Jagitial,681,Mallial,4413,Potharam,పొథరమ్,transliterated,572058,505452,,
Telangana,Jagitial,681,Kathlapur,4418,Potharam,పోతరం,transliterated,572154,505306,,
Telangana,Jagitial,681,Kodimial,4420,Potharam,పొథరమ్,transliterated,572172,505501,,
Telangana,Siddipet,692,Bejjanki,4437,Potharam,పోతరం,transliterated,572507,505473,,
Telangana,Siddipet,692,Dubbak,4458,Potharam,పొథరమ్,transliterated,572952,502108,,
Telangana,Medak,513,Manoharabad,6273,Potharam,పోతరం,transliterated,573741,502336,,
Telangana,Jangoan,689,Tharigoppula,6257,Potharam,పొథరమ్,transliterated,577674,506367,,
Telangana,Siddipet,692,Akkannapet,6285,Potharam (J),పోతరం (జ్),transliterated,572618,505466,,
Telangana,Siddipet,692,Husnabad,4444,Potharam (S),పోతరం (స్),transliterated,572612,505467,,
Telangana,Sangareddy,691,Andole,4479,Pothareddipalle,పోతారెడ్డిపల్లె,transliterated,573518,502273,,
Telangana,Siddipet,692,Akberpet-Bhoompally,7524,Pothareddipet,పోతారెడ్డిపేట,transliterated,572967,502102,,
Telangana,Rajanna Sircilla,683,Yellareddipet,4432,Pothareddypalli,పోతారెడ్డిపల్లి,transliterated,572401,505301,,
Telangana,Kumuram Bheem Asifabad,699,Bejjur,4317,Pothepalle,పోతేపల్లె,transliterated,569411,504299,,
Telangana,Kumuram Bheem Asifabad,699,Penchicalpet,6313,Pothepalle,పోతేపల్లె,transliterated,569477,504296,,
Telangana,Mancherial,684,Luxettipet,4353,Pothepalle,పొథెపల్లె,transliterated,570587,504215,,
Telangana,Nagarkurnool,694,Veldanda,4565,Pothepalle,పోతేపల్లె,transliterated,575319,509360,,
Telangana,Karimnagar,508,Karimnagar Rural,4428,Pothgal,పొథ్గల్,transliterated,572323,505001,,
Telangana,Vikarabad,698,Pudur,4541,Pothireddiguda,పోతిరెడ్డిగూడ,transliterated,574668,501102,,
Telangana,Karimnagar,508,Veenavanka,4439,Pothireddipalle,పోతిరెడ్డిపల్లె,transliterated,572535,505129,,
Telangana,Nagarkurnool,694,Thimmajipet,4575,Pothireddipalle,పోతిరెడ్డిపల్లె,transliterated,575575,509215,,
Telangana,Medak,513,Kulcharam,4468,Pothireddipally,పోతిరెడ్డిపల్లి,transliterated,573198,502109,,
Telangana,Narayanpet,721,Kosgi,4551,Pothireddipally,పోతిరెడ్డిపల్లి,transliterated,909549,509339,,
Telangana,Karimnagar,508,Huzurabad,4446,Pothireddipet,పోతిరెడ్డిపేట,transliterated,572645,505498,,
Telangana,Sangareddy,691,Kohir,4475,Pothireddypalle,పోతిరెడ్డిపల్లె,transliterated,573384,502210,,
Telangana,Peddapalli,682,Odela,4426,Pothkapalli,పొథ్కపల్లి,transliterated,572278,505152,,
Telangana,Nizamabad,516,Sirikonda,4379,Pothnur,పోత్నూర్,transliterated,571257,503165,,
Telangana,Nalgonda,514,Peddavoora,4659,Pothnur,పోత్నూర్,transliterated,577394,508266,,
Telangana,Sangareddy,691,Sangareddy,4492,Pothreddipalle (Ct),పొథ్రెద్దిపల్లె (చ్త్),transliterated,573894,502295,,
Telangana,Kamareddy,685,Pitlam,4384,Pothreddypalle,పోత్రెడ్డిపల్లె,transliterated,571404,503310,,
Telangana,Vikarabad,698,Doma,4537,Pothreddypalle,పోత్రెడ్డిపల్లె,transliterated,574540,501502,,
Telangana,Rajanna Sircilla,683,Mustabad,4434,Pothugal,పోతుగల్,authoritative,572436,505404,,
Telangana,Ranga Reddy,518,Shabad,4542,Pothugal,పోతుగల్,authoritative,574711,509217,,
Telangana,Jayashankar Bhupalapally,687,Mogullapally,4680,Pothugal,పోతుగల్,authoritative,577774,506366,,
Telangana,Sangareddy,691,Vatpally,6291,Pothulaboguda,పొథులబొగూడ,transliterated,573228,502269,,
Telangana,Mahabubnagar,512,Bhoothpur,4574,Pothulamadugu,పోతులమడుగు,authoritative,575549,509382,,
Telangana,Jayashankar Bhupalapally,687,Kataram,4402,Pothulvai,పొథుల్వై,transliterated,571846,505503,,
Telangana,Warangal,522,Rayaparthy,4703,Pothureddipalle,పోతురెడ్డిపల్లె,transliterated,578297,506314,,
Telangana,Nirmal,680,Sarangapur,4336,Potia,పోటియా,transliterated,570073,504110,,
Telangana,Siddipet,692,Husnabad,4444,Potlapalle,పొట్లపల్లె,transliterated,572605,505467,,
Telangana,Bhadradri Kothagudem,690,Pinapaka,4725,Potlapalli,పొట్లపల్లి,transliterated,578822,507117,,
Telangana,Sangareddy,691,Sirgapoor,6279,Potpalle,పోత్పల్లె,transliterated,572723,502286,,
Telangana,Sangareddy,691,Jharasangam,4476,Potpalle,పోత్పల్లె,transliterated,573413,502318,,
Telangana,Nirmal,680,Lokeswaram,4342,Potpalle (B),పోత్పల్లె (బ్),transliterated,570279,504104,,
Telangana,Nirmal,680,Laxmanchanda,4345,Potpalle (B),పోత్పల్లె (బ్),transliterated,570388,504106,,
Telangana,Nirmal,680,Dilawarpur,4343,Potpalle (Khurd),పోత్పల్లె (ఖుర్ద్),transliterated,570331,504105,,
Telangana,Nirmal,680,Lokeswaram,4342,Potpalle (M),పొత్పల్లె (మ్),transliterated,570273,504102,,
Telangana,Sangareddy,691,Sadasivpet,4490,Pottipalle,పొట్టిపల్లె,transliterated,573819,502291,,
Telangana,Rajanna Sircilla,683,Illanthakunta,4436,Pottur,పొత్తూర్,transliterated,572472,505401,,
Telangana,Peddapalli,682,Anthergaon,6214,Potyala,పొత్యల,transliterated,571739,505514,,
Telangana,Kumuram Bheem Asifabad,699,Jainoor,4320,Powerguda,పవర్గూడ,transliterated,569554,504313,,
Telangana,Bhadradri Kothagudem,690,Dummugudem,4729,Powlaru Peta,పౌలరు పెటా,transliterated,579000,507137,,
Telangana,Mancherial,684,Jaipur,4355,Pownur,పౌనూర్,transliterated,570650,504216,,
Telangana,Mulugu,720,Wajedu,4723,Pragallapalle (Z),ప్రగళ్లపల్లె (జ్),transliterated,578733,507136,,
Telangana,Jogulamba Gadwal,695,Undavelly,6299,Pragatoor,ప్రగతూర్,transliterated,576427,509153,,
Telangana,Siddipet,692,Gajwel,4483,Pragnapur,ప్రజ్ఞాపూర్,transliterated,573634,502311,,
Telangana,Jayashankar Bhupalapally,687,Kataram,4402,Prathapagiri,ప్రతాపగిరి,transliterated,571848,505503,,
Telangana,Ranga Reddy,518,Shankarpalle,4515,Proddutur,ప్రొద్దుటూర్,transliterated,574067,501203,,
Telangana,Khammam,509,Chinthakani,4760,Proddutur,ప్రొద్దుటూర్,transliterated,579746,507208,,
Telangana,Vikarabad,698,Pudur,4541,Pudgurthy,పుద్గుర్తి,transliterated,574695,501102,,
Telangana,Jagitial,681,Kodimial,4420,Pudur,పూడూర్,authoritative,572182,505501,,
Telangana,Vikarabad,698,Pudur,4541,Pudur,పూడూర్,authoritative,574673,501102,,
Telangana,Jogulamba Gadwal,695,Gadwal,4603,Pudur,పూడూర్,authoritative,576234,509133,,
Telangana,Medak,513,Chegunta,4466,Pulamamidi,పులమమిది,transliterated,573137,502102,,
Telangana,Wanaparthy,693,Weepangandla,4608,Pulgarcherla,పుల్గార్చర్ల,transliterated,576185,509120,,
Telangana,Nalgonda,514,Peddavoora,4659,Pulicherla,పులిచెర్ల,authoritative,577395,508266,,
Telangana,Hanumakonda,686,Nadikuda,6547,Puligilla,పులిగిల్ల,transliterated,577756,506391,,
Telangana,Bhadradri Kothagudem,690,Cherla,4726,Puligundala,పులిగుండల,transliterated,578913,507140,,
Telangana,Kumuram Bheem Asifabad,699,Rebbena,4327,Pulikunta,పులికుంట,authoritative,569796,504292,,
Telangana,Nirmal,680,Mamada,4346,Pulimadugu,పులిమడుగు,transliterated,570394,504310,,
Telangana,Nalgonda,514,Anumula,4660,Pulimamidi,పులిమామిడి,transliterated,577414,508266,,
Telangana,Nagarkurnool,694,Nagarkurnool,4583,Puljal,పుల్జాల్,transliterated,575728,509385,,
Telangana,Nagarkurnool,694,Achampet,4579,Puljala,పుల్జల,transliterated,575635,509375,,
Telangana,Kamareddy,685,Bichkunda,4374,Pulkal,పుల్కల్,transliterated,571141,503306,,
Telangana,Sangareddy,691,Pulkal,4478,Pulkal,పుల్కల్,transliterated,573476,502293,,
Telangana,Hanumakonda,686,Damera,6375,Pulkurthi,పుల్కుర్తి,transliterated,578124,506342,,
Telangana,Sangareddy,691,Manoor,4451,Pulkurthy,పుల్కుర్తి,transliterated,572762,502286,,
Telangana,Mancherial,684,Kotapally,4351,Pullagaon,పుల్లగాన్,transliterated,570541,504201,,
Telangana,Nagarkurnool,694,Thimmajipet,4575,Pullagiri,పుల్లగిరి,transliterated,575557,509406,,
Telangana,Jangoan,689,Bachannapet,4674,Pullaguda,పుల్లగూడ,transliterated,577651,506223,,
Telangana,Wanaparthy,693,Kothakota,4593,Pullareddikunta,పుల్లారెడ్డికుంట,transliterated,576015,509381,,
Telangana,Jogulamba Gadwal,695,Ieeja,4606,Pullikal,పుల్లికల్,transliterated,576296,509127,,
Telangana,Siddipet,692,Siddipet Rural,6281,Pullur,పుల్లూరు,authoritative,572983,502107,,
Telangana,Jogulamba Gadwal,695,Undavelly,6299,Pullur,పుల్లూరు,authoritative,576423,509153,,
Telangana,Mahabubabad,688,Garla,4743,Pulluru,పుల్లూరు,authoritative,579451,507210,,
Telangana,Narayanpet,721,Utkoor,4571,Pulmamidi,పుల్మమిది,transliterated,575493,509353,,
Telangana,Vikarabad,698,Nawabpet,4514,Pulumamidi,పులుమామిడి,transliterated,574033,501111,,
Telangana,Ranga Reddy,518,Kandukur,4545,Pulumamidi,పులుమామిడి,transliterated,574799,500113,,
Telangana,Adilabad,501,Gadiguda,6225,Punaguda,పునగూడ,transliterated,569222,504311,,
Telangana,Mulugu,720,Venkatapuram,4724,Punem Veerapuram (G),పుణేం వీరాపురం (గ్),transliterated,578742,507136,,
Telangana,Mulugu,720,Venkatapuram,4724,Punem Veerapuram (Z),పుణేం వీరాపురం (జ్),transliterated,578741,507136,,
Telangana,Hanumakonda,686,Inavole,6249,Punnole,పున్నోలే,transliterated,578305,506310,,
Telangana,Bhadradri Kothagudem,690,Laxmidevipalli,6266,Punukuduchelaka,పునుకుడుచెలక,transliterated,579372,507118,,
Telangana,Khammam,509,Wyra,4764,Punyapuram,పుంయపురం,transliterated,579811,507165,,
Telangana,Ranga Reddy,518,Gandipet,6320,Puppalguda (Og),పుప్పలగూడ (ఒగ్),transliterated,574250,500089,,
Telangana,Mancherial,684,Nennel,4331,Puppulawanipet,పుప్పులవానిపేట,transliterated,569918,504219,,
Telangana,Jogulamba Gadwal,695,Kaloor Thimmandoddi,6297,Puranapalem,పురాణపాలెం,authoritative,575952,509133,,
Telangana,Nizamabad,516,Bheemgal,4364,Puranipet,పురాణిపేట,transliterated,570850,503307,,
Telangana,Vikarabad,698,Chowdapur,7186,Pursampalle,పూర్సంపల్లె,transliterated,574619,509340,,
Telangana,Mahabubabad,688,Maripeda,4720,Purushothamaigudem,పురుషోతమైగూడెం,transliterated,578644,506315,,
Telangana,Adilabad,501,Neradigonda,4325,Purushothampur,పురుషోతంపూర్,transliterated,569742,504323,,
Telangana,Sangareddy,691,Nagalgidda,6280,Pusalpahad,పుసల్పహాడ్,transliterated,572751,502286,,
Telangana,Jayashankar Bhupalapally,687,Mahadevpur,4403,Puskupalle,పుస్కుపల్లె,transliterated,571857,505504,,
Telangana,Nirmal,680,Lokeswaram,4342,Puspur,పుస్పూర్,transliterated,570289,504102,,
Telangana,Bhadradri Kothagudem,690,Mulkalapally,4748,Pusugudem,పుసుగూడెం,transliterated,579506,507115,,
Telangana,Bhadradri Kothagudem,690,Cherla,4726,Pusuguppa (G),పుసుగుప్ప (గ్),transliterated,578871,507133,,
Telangana,Bhadradri Kothagudem,690,Cherla,4726,Pusuguppa (Patch-I),పుసుగుప్ప (పాచ్-ఇ),transliterated,578873,507133,,
Telangana,Mulugu,720,Wajedu,4723,Pusur (Z),పుసుర్ (జ్),transliterated,578727,507136,,
Telangana,Mulugu,720,Wajedu,4723,Pusur Patch - I,పుసూర్ పాచ్ - ఇ,transliterated,578721,507136,,
Telangana,Jogulamba Gadwal,695,Yerravalli,7517,Putandoddi,పుతందొడ్డి,authoritative,576306,509128,,
Telangana,Peddapalli,682,Palakurthy,6215,Putnoor,పుట్నూర్,transliterated,571748,505187,,
Telangana,Mahabubabad,688,Gangaram,6253,Puttabhupathi,పుత్తభుపథి,transliterated,578430,506135,,
Telangana,Sangareddy,691,Jinnaram,4493,Puttaguda,పుట్టగూడ,transliterated,573915,502319,,
Telangana,Vikarabad,698,Kulkacharla,4539,Puttapahad,పుట్టపహాడ్,transliterated,574610,509335,,
Telangana,Peddapalli,682,Manthani,4401,Puttapaka,పుత్తపక,transliterated,571811,505184,,
Telangana,Yadadri Bhuvanagiri,697,Narayanpur,4648,Puttapaka,పుట్టపాక,transliterated,577146,508253,,
Telangana,Mahabubnagar,512,Koukuntla,7522,Puttapalle,పుట్టపల్లి,authoritative,575533,509219,,
Telangana,Nirmal,680,Sarangapur,4336,Pyaramur,ప్యారమూర్,transliterated,570088,504306,,
Telangana,Sangareddy,691,Gummadidala,6277,Pyaranagar,ప్యరనగర్,transliterated,573898,502313,,
Telangana,Yadadri Bhuvanagiri,697,Bommalaramaram,4613,Pyararam,ప్యారారం,transliterated,576459,508117,,
Telangana,Sangareddy,691,Jharasangam,4476,Pyarawaram,ప్యారవారం,transliterated,573426,502321,,
Telangana,Hyderabad,507,Golconda,4507,Qila Mohd Nagar,కిలా మోహ్ద్ నాగర్,transliterated,927819,500008,,
Telangana,Jangoan,689,Ragunathpally,4698,Quileshapur,qఉఇలెశపూర్,transliterated,578205,506244,,
Telangana,Vikarabad,698,Pudur,4541,Quthbullapur,కుత్బుల్లాపూర్,transliterated,574679,501102,,
Telangana,Ranga Reddy,518,Abdullapurmet,6319,Qutubullapur,కుతుబుల్లాపూర్,transliterated,574179,501505,,
Telangana,Bhadradri Kothagudem,690,Cherla,4726,R. Kothagudem (G),ర్. కొత్తగూడెం (గ్),transliterated,578902,507140,,
Telangana,Jogulamba Gadwal,695,Dharoor,4591,R.Garlapahad,ర్.గర్లపహాడ్,transliterated,909656,509128,,
Telangana,Suryapet,696,Mothey,4640,Raavi Pahad,రావి పహాడ్,transliterated,576978,508212,,
Telangana,Mahabubnagar,512,Addakal,4586,Rachala,రాచాల,transliterated,575806,509219,,
Telangana,Nagarkurnool,694,Urkonda,6295,Rachalapalle,రాచలపల్లె,transliterated,575355,509320,,
Telangana,Bhadradri Kothagudem,690,Mulkalapally,4748,Rachannagudem,రాచన్నగూడెం,transliterated,579517,507115,,
Telangana,Mulugu,720,Venkatapuram,4724,Rachapalle (G),రచపల్లె (గ్),transliterated,578767,507136,,
Telangana,Peddapalli,682,Dharmaram,4411,Rachapalli,రాచపల్లి,authoritative,572022,505187,,
Telangana,Karimnagar,508,Ellandakunta,6234,Rachapalli,రాచపల్లి,authoritative,572546,505475,,
Telangana,Peddapalli,682,Manthani,4401,Rachepalle,రాచపల్లి,authoritative,571790,505184,,
Telangana,Mancherial,684,Vemanpally,4330,Racherla,రాచర్ల,authoritative,569915,504214,,
Telangana,Ranga Reddy,518,Kandukur,4545,Rachloor,రచ్లూర్,transliterated,574806,501359,,
Telangana,Kamareddy,685,Madnoor,4372,Rachoor,రాచూర్,transliterated,571085,503306,,
Telangana,Nagarkurnool,694,Veldanda,4565,Rachur,రాచూర్,transliterated,575323,509320,,
Telangana,Kamareddy,685,Ramareddy,6243,Radhaipalle,రధైపల్లె,transliterated,571311,503144,,
Telangana,Bhadradri Kothagudem,690,Yellandu,4740,Ragaboinagudem,రాగబోయినగూడెం,transliterated,579402,507123,,
Telangana,Warangal,522,Khanapur,4709,Ragampet,రాగంపేట,transliterated,578378,506132,,
Telangana,Karimnagar,508,Choppadandi,4424,Ragampeta,ప్రో. రాగంపేట,authoritative,572239,505415,,
Telangana,Vikarabad,698,Yelal,4536,Raghapur,రాఘాపూర్,transliterated,574508,501144,,
Telangana,Kamareddy,685,Mohammadnagar,7520,Raghavapalle,రాఘవపల్లె,transliterated,571416,503108,,
Telangana,Kamareddy,685,Nagireddypet,4387,Raghavapalle,రాఘవపల్లె,transliterated,571482,503108,,
Telangana,Jagitial,681,Gollapalli,4412,Raghavapatnam,రాఘవపట్నం,authoritative,572048,505532,,
Telangana,Jagitial,681,Mallapur,4394,Raghavapeta,రఘవపేట,transliterated,571639,505331,,
Telangana,Kamareddy,685,Kamareddy,4390,Raghavapur,రాఘవాపూర్,transliterated,571557,503111,,
Telangana,Peddapalli,682,Peddapalli,4408,Raghavapur,రఘవపూర్,transliterated,571983,505174,,
Telangana,Siddipet,692,Siddipet Rural,6281,Raghavapur,రాఘవాపూర్,transliterated,572982,502107,,
Telangana,Sangareddy,691,Nyalkal,4473,Raghavapur,రాఘవాపూర్,transliterated,573309,502256,,
Telangana,Vikarabad,698,Pargi,4540,Raghavapur,రాఘవాపూర్,transliterated,574648,501501,,
Telangana,Jangoan,689,Ghanpur (Station),4676,Raghavapur,రాఘవాపూర్,transliterated,577702,506301,,
Telangana,Jayashankar Bhupalapally,687,Tekumatla,6248,Raghavapur,రఘవపూర్,transliterated,577796,506356,,
Telangana,Yadadri Bhuvanagiri,697,Alair,4617,Raghavapur,రాఘవాపూర్,transliterated,909960,508105,,
Telangana,Yadadri Bhuvanagiri,697,Atmakur (M),4626,Raghavapuram,రాఘవపూరం,authoritative,576720,508111,,
Telangana,Suryapet,696,Mothey,4640,Raghavapuram,రాఘవపూరం,authoritative,576989,508214,,
Telangana,Bhadradri Kothagudem,690,Sujathanagar,6265,Raghavapuram,రాఘవపూరం,authoritative,579384,507120,,
Telangana,Jayashankar Bhupalapally,687,Tekumatla,6248,Raghavareddypet,రఘవరెద్ద్య్పెత్,transliterated,577772,506356,,
Telangana,Jagitial,681,Bheemaram (20),7541,Raghojipeta,రాఘోజీపేట,transliterated,572105,505460,,
Telangana,Khammam,509,Kalluru,4763,Raghunadhagudem,రఘునాధగూడెం,transliterated,579795,507209,,
Telangana,Khammam,509,Tirumalayapalem,4754,Raghunadhapalem,రఘునధపాలెం,transliterated,579612,507161,,
Telangana,Yadadri Bhuvanagiri,697,Rajapeta,4615,Raghunadhapuram,రఘునాధపురం,transliterated,576515,508105,,
Telangana,Jangoan,689,Zaffergadh,4696,Raghunathpalle,రఘునాథపల్లె,authoritative,578166,506143,,
Telangana,Jangoan,689,Ragunathpally,4698,Raghunathpalle,రఘునాథపల్లె,authoritative,578213,506244,,
Telangana,Jayashankar Bhupalapally,687,Kataram,4402,Raghupalle,రఘుపల్లె,transliterated,571821,505503,,
Telangana,Nagarkurnool,694,Kalwakurthy,4576,Raghupathipeta,రఘుపతిపేట,transliterated,575592,509324,,
Telangana,Peddapalli,682,Peddapalli,4408,Ragineedu,రాగినీడు,transliterated,571981,505187,,
Telangana,Kumuram Bheem Asifabad,699,Asifabad,4319,Rahapalle,రహపల్లె,transliterated,569491,504293,,
Telangana,Nizamabad,516,Bheemgal,4364,Rahathnagar,రాహతనగర్,transliterated,570863,503307,,
Telangana,Yadadri Bhuvanagiri,697,Atmakur (M),4626,Raheemkan Peta,రహీంకన్ పెటా,transliterated,576710,508111,,
Telangana,Medak,513,Chilpched,6274,Rahimguda,రహీంగూడ,transliterated,573549,502314,,
Telangana,Rajanna Sircilla,683,Illanthakunta,4436,Rahimkhanpet,రహీంఖాన్పేట,transliterated,572469,505402,,
Telangana,Nalgonda,514,Gundlapally,4651,Rahmatpur,రహ్మత్పూర్,transliterated,577191,508258,,
Telangana,Peddapalli,682,Anthergaon,6214,Raidandi (Og),రైదండి (ఒగ్),transliterated,571755,505208,,
Telangana,Nirmal,680,Mamada,4346,Raidhari,రాయధారి,transliterated,570405,504310,,
Telangana,Mulugu,720,Eturunagaram,4685,Raigudem,రాయిగూడెం,transliterated,577891,506165,,
Telangana,Jagitial,681,Raikal,4395,Raikal,రైకల్,transliterated,571657,505460,,
Telangana,Karimnagar,508,V.Saidapur,4445,Raikal,రైకల్,transliterated,572640,505480,,
Telangana,Ranga Reddy,518,Farooqnagar,4559,Raikal,రైకల్,transliterated,575206,509202,,
Telangana,Sangareddy,691,Raikode,4472,Raikode,రాయికోడ్,transliterated,573279,502257,,
Telangana,Narayanpet,721,Narwa,4588,Raikode,రైకొదె,transliterated,575852,509353,,
Telangana,Nizamabad,516,Rudrur,6240,Raikur,రైకూర్,transliterated,571018,503188,,
Telangana,Medchal Malkajgiri,700,Medchal,4519,Railapur,రైలాపూర్,transliterated,574097,501401,,
Telangana,Khammam,509,Enkoor,4753,Raimadharam,రైమాధరం,transliterated,579595,507168,,
Telangana,Jogulamba Gadwal,695,Manopad,4611,Raimakulakunta,రైమకులకుంట,transliterated,576404,509153,,
Telangana,Ranga Reddy,518,Ibrahimpatnam,4546,Rainguda,రైంగూడ,transliterated,574838,501508,,
Telangana,Nirmal,680,Kuntala,4337,Raipahad,రైపహద్,transliterated,570111,504109,,
Telangana,Sangareddy,691,Manoor,4451,Raipalle,రాయిపల్లె,transliterated,572775,502269,,
Telangana,Sangareddy,691,Zahirabad,4474,Raipalle,రాయిపల్లె,transliterated,573365,502321,,
Telangana,Mahabubnagar,512,Rajapur,6261,Raipalle,రాయిపల్లె,transliterated,575128,509202,,
Telangana,Sangareddy,691,Mogudampally,6278,Raipalle [ P.D.],రైపల్లె [ ప్.ద్.],transliterated,573362,502221,,
Telangana,Sangareddy,691,Raikode,4472,Raipalle [Patti Karchal],రాయిపల్లె [పట్టి కర్చల్],transliterated,573294,502257,,
Telangana,Yadadri Bhuvanagiri,697,Atmakur (M),4626,Raipally,రాయిపల్లి,transliterated,576712,508111,,
Telangana,Hanumakonda,686,Nadikuda,6547,Raiparthy,రాయపర్తి,authoritative,577755,506391,,
Telangana,Warangal,522,Rayaparthy,4703,Raiparthy,రాయపర్తి,authoritative,578290,506314,,
Telangana,Ranga Reddy,518,Ibrahimpatnam,4546,Raipole,రైపొలె,transliterated,574840,501508,,
Telangana,Adilabad,501,Neradigonda,4325,Raipur,రాయ్పూర్,transliterated,569715,504323,,
Telangana,Nirmal,680,Lokeswaram,4342,Raipur (K),రాయ్పూర్ (క్),transliterated,570283,504104,,
Telangana,Medchal Malkajgiri,700,Medchal,4519,Raj Bollaram,రాజ్ బొల్లారం,transliterated,574105,501401,,
Telangana,Siddipet,692,Nangnoor,4461,Rajagopalpet,రాజగోపాల్పేట,transliterated,573024,502375,,
Telangana,Kamareddy,685,Rajampet,6241,Rajampet,రాజంపేట,transliterated,571565,503110,,
Telangana,Wanaparthy,693,Wanaparthy,4595,Rajanagar,రాజానగర్,transliterated,576041,509106,,
Telangana,Nalgonda,514,Nidmanoor,4661,Rajannagudem,రాజన్నగూడెం,transliterated,909871,508278,,
Telangana,Rajanna Sircilla,683,Yellareddipet,4432,Rajannapet,రాజన్నపేట,transliterated,572398,505305,,
Telangana,Mahabubabad,688,Gudur,4711,Rajanpalle,రాజన్పల్లె,transliterated,578469,506112,,
Telangana,Narayanpet,721,Narwa,4588,Rajapalle,రాజపల్లె,transliterated,575844,509353,,
Telangana,Yadadri Bhuvanagiri,697,Rajapeta,4615,Rajapet,రాజాపేట,transliterated,576506,508105,,
Telangana,Nalgonda,514,Thipparthy,4645,Rajapet,రాజాపేట,transliterated,909811,508247,,
Telangana,Wanaparthy,693,Wanaparthy,4595,Rajapeta,రాజాపేట,authoritative,576040,509381,,
Telangana,Nirmal,680,Kuntala,4337,Rajapur,రాజాపూర్,authoritative,570105,504109,,
Telangana,Kamareddy,685,Bichkunda,4374,Rajapur,రాజాపూర్,authoritative,571145,503306,,
Telangana,Peddapalli,682,Kamanpur,4400,Rajapur,రాజాపూర్,authoritative,571770,505212,,
Telangana,Karimnagar,508,Shankarapatnam,4441,Rajapur,రాజాపూర్,authoritative,572566,505470,,
Telangana,Vikarabad,698,Dharur,4531,Rajapur,రాజాపూర్,authoritative,574370,501121,,
Telangana,Mahabubnagar,512,Rajapur,6261,Rajapur,రాజాపూర్,authoritative,575129,509202,,
Telangana,Nagarkurnool,694,Kodair,4600,Rajapuram,రాజపురం,authoritative,576158,509206,,
Telangana,Kumuram Bheem Asifabad,699,Sirpur (T),4315,Rajaram,రాజారామ్,transliterated,569350,504296,,
Telangana,Kumuram Bheem Asifabad,699,Rebbena,4327,Rajaram,రాజారామ్,transliterated,569799,504292,,
Telangana,Mancherial,684,Bheemini,4328,Rajaram,రజరమ్,transliterated,569816,504273,,
Telangana,Mancherial,684,Kotapally,4351,Rajaram,రాజారామ్,transliterated,570554,504201,,
Telangana,Jagitial,681,Dharmapuri,4397,Rajaram,రాజారామ్,transliterated,571694,505425,,
Telangana,Jagitial,681,Mallial,4413,Rajaram,రాజారామ్,transliterated,572059,505452,,
Telangana,Khammam,509,Tirumalayapalem,4754,Rajaram,రాజారామ్,transliterated,579610,507161,,
Telangana,Nalgonda,514,Tirumalagiri Sagar,6306,Rajavaram,రాజవరం,authoritative,577430,508377,,
Telangana,Jangoan,689,Chilpur,6259,Rajavaram,రాజవరం,authoritative,577696,506144,,
Telangana,Jagitial,681,Metpalli,4417,Rajeswara Rao Pet,రజెస్వర రఒ పెత్,transliterated,571619,505325,,
Telangana,Khammam,509,Nelakondapalli,4759,Rajeswarapuram,రాజేశ్వరపురం,transliterated,579709,507160,,
Telangana,Hanumakonda,686,Parkal,4679,Rajipet,రాజీపేట,transliterated,577767,506164,,
Telangana,Kamareddy,685,Machareddy,4380,Rajkhanpet,రజ్ఖంపెత్,transliterated,571283,503112,,
Telangana,Sangareddy,691,Kohir,4475,Rajnelli,రజ్ఞెల్లి,transliterated,573386,502321,,
Telangana,Kamareddy,685,Bichkunda,4374,Rajola,రజొల,transliterated,571123,503309,,
Telangana,Sangareddy,691,Nyalkal,4473,Rajola,రాజోల,transliterated,573332,502249,,
Telangana,Mahabubabad,688,Kuravi,4721,Rajole,రజొలె,transliterated,578656,506102,,
Telangana,Jogulamba Gadwal,695,Rajoli,6296,Rajoli,రాజోలి,transliterated,576392,509126,,
Telangana,Nizamabad,516,Varni,4376,Rajpet,రాజ్పేట్,transliterated,571205,503201,,
Telangana,Medak,513,Havelighanapur,6270,Rajpet,రాజ్పేట్,transliterated,572891,502113,,
Telangana,Suryapet,696,Penpahad,4643,Rajpet,రాజ్పేట్,transliterated,577022,508214,,
Telangana,Jogulamba Gadwal,695,Yerravalli,7517,Rajsrigarlapad,రజ్స్రిగర్లపద్,transliterated,576321,509128,,
Telangana,Mahabubabad,688,Nellikudur,4716,Rajulakothapalli,రాజులకోతపల్లి,transliterated,578555,506368,,
Telangana,Khammam,509,Yerrupalem,4767,Rajulapalem,రాజులపాలెం,transliterated,579888,507201,,
Telangana,Mulugu,720,Mangapet,4686,Rajupet,రాజుపేట,transliterated,577937,506172,,
Telangana,Warangal,522,Narsampet,4708,Rajupet,రాజుపేట,transliterated,578368,506132,,
Telangana,Nalgonda,514,Thipparthy,4645,Rajupeta,రాజుపేట,authoritative,577075,508247,,
Telangana,Bhadradri Kothagudem,690,Dummugudem,4729,Rajupeta,రాజుపేట,authoritative,578971,507137,,
Telangana,Khammam,509,Kusumanchi,4755,Rajupeta,రాజుపేట,authoritative,579642,507157,,
Telangana,Kumuram Bheem Asifabad,699,Asifabad,4319,Rajura,రాజురా,transliterated,569492,504293,,
Telangana,Adilabad,501,Neradigonda,4325,Rajura,రాజురా,transliterated,569743,504323,,
Telangana,Nirmal,680,Kubeer,4338,Rajura,రాజురా,transliterated,570145,504103,,
Telangana,Nirmal,680,Lokeswaram,4342,Rajura,రాజురా,transliterated,570282,504104,,
Telangana,Nirmal,680,Khanapur,4347,Rajura,రాజురా,transliterated,570438,504310,,
Telangana,Vikarabad,698,Pudur,4541,Rakamcherla,రకంచెర్ల,transliterated,574681,501102,,
Telangana,Vikarabad,698,Doma,4537,Rakonda,రాకొండ,transliterated,574550,501502,,
Telangana,Nagarkurnool,694,Thimmajipet,4575,Ralacheruvu Thanda,రాలచెరువు తండ,transliterated,909620,509406,,
Telangana,Bhadradri Kothagudem,690,Cherla,4726,Rallagudem,రాళ్లగూడెం,transliterated,578911,507133,,
Telangana,Kumuram Bheem Asifabad,699,Tiryani,4333,Rallakannepally,రాళ్లకన్నెపల్లి,transliterated,569987,504297,,
Telangana,Sangareddy,691,Jinnaram,4493,Rallakathwa,రాళ్లకత్వ,transliterated,916342,502319,,
Telangana,Suryapet,696,Nadigudem,4641,Rama Puram,రామా పురం,transliterated,577005,508234,,
Telangana,Suryapet,696,Suryapet,4638,Ramachandra Puram,రామచంద్రాపురం,authoritative,576946,508224,,
Telangana,Mahabubabad,688,Bayyaram,4742,Ramachandra Puram,రామచంద్రాపురం,authoritative,579433,507211,,
Telangana,Khammam,509,Penuballi,4752,Ramachandra Puram,రామచంద్రాపురం,authoritative,579578,507302,,
Telangana,Suryapet,696,Mattampally,4670,Ramachandra Puram,రామచంద్రాపురం,authoritative,910373,508204,,
Telangana,Siddipet,692,Koheda,4443,Ramachandrapur,రమచంద్రపూర్,transliterated,572595,505528,,
Telangana,Siddipet,692,Kukunoorpally,7521,Ramachandrapur,రామచంద్రాపూర్,transliterated,573643,502312,,
Telangana,Siddipet,692,Wargal,4485,Ramachandrapur,రామచంద్రాపూర్,transliterated,573684,502334,,
Telangana,Medak,513,Narsapur,4488,Ramachandrapur,రామచంద్రాపూర్,transliterated,573773,502313,,
Telangana,Vikarabad,698,Peddemul,4533,Ramachandrapur,రామచంద్రాపూర్,transliterated,574404,501142,,
Telangana,Yadadri Bhuvanagiri,697,Bhongir,4628,Ramachandrapur,రామచంద్రాపూర్,transliterated,576767,508286,,
Telangana,Jangoan,689,Bachannapet,4674,Ramachandrapur,రమచంద్రపూర్,transliterated,577656,506221,,
Telangana,Warangal,522,Sangem,4705,Ramachandrapur,రామచంద్రాపూర్,transliterated,578327,506310,,
Telangana,Warangal,522,Geesugonda,4707,Ramachandrapur,రామచంద్రాపూర్,transliterated,578344,506330,,
Telangana,Sangareddy,691,Munipally,4477,Ramachandrapuram,రామచంద్రాపురం,authoritative,573450,502345,,
Telangana,Nalgonda,514,Kattangur,4635,Ramachandrapuram,రామచంద్రాపురం,authoritative,576915,508205,,
Telangana,Bhadradri Kothagudem,690,Dummugudem,4729,Ramachandrapuram,రామచంద్రాపురం,authoritative,578958,507137,,
Telangana,Suryapet,696,Thungaturthy,4620,Ramachandrapuram,రామచంద్రాపురం,authoritative,912642,508280,,
Telangana,Sangareddy,691,Ramchandrapuram,4495,Ramachandrapuram(Bhel) Township (Ct),రమచంద్రపురం(భెల్) తొవ్న్శిప్ (చ్త్),transliterated,573956,502032,,
Telangana,Mulugu,720,Mangapet,4686,Ramachandrunipet,రామచంద్రునిపేట,transliterated,577941,506172,,
Telangana,Nizamabad,516,Dharpally,4378,Ramadugu,రామడుగు,transliterated,571245,503164,,
Telangana,Nizamabad,516,Sirikonda,4379,Ramadugu,రామడుగు,transliterated,571267,503164,,
Telangana,Karimnagar,508,Ramadugu,4423,Ramadugu,రామడుగు,transliterated,572226,505531,,
Telangana,Nalgonda,514,Anumula,4660,Ramadugu,రమదుగు,transliterated,577420,508278,,
Telangana,Nagarkurnool,694,Balmoor,4597,Ramagiri,రామగిరి,authoritative,576100,509401,,
Telangana,Peddapalli,682,Ramagundam,4399,Ramagundam,రామగుండం,authoritative,956054,505208,,
Telangana,Nagarkurnool,694,Balmoor,4597,Ramajipalle,రామాజీపల్లె,transliterated,576091,509376,,
Telangana,Jagitial,681,Raikal,4395,Ramajipet,రామాజీపేట,transliterated,571656,505460,,
Telangana,Rajanna Sircilla,683,Illanthakunta,4436,Ramajipet,రామాజీపేట,transliterated,572481,505402,,
Telangana,Yadadri Bhuvanagiri,697,Yadagirigutta,4616,Ramajipeta,రామాజీపేట,transliterated,909957,508286,,
Telangana,Jayashankar Bhupalapally,687,Tekumatla,6248,Ramakistapur (T),రమకిస్తపూర్ (త్),transliterated,577807,506356,,
Telangana,Jayashankar Bhupalapally,687,Tekumatla,6248,Ramakistapur (V),రామకిస్తాపూర్ (వ్),transliterated,577804,506356,,
Telangana,Kamareddy,685,Nagireddypet,4387,Ramakkapalle,రామక్కపల్లె,transliterated,571477,503122,,
Telangana,Siddipet,692,Dubbak,4458,Ramakkapet,రామక్కపేట,transliterated,572963,502108,,
Telangana,Ranga Reddy,518,Farooqnagar,4559,Ramakrishnapur,రామకృష్ణాపూర్,transliterated,575205,509202,,
Telangana,Jagitial,681,Metpalli,4417,Ramalachakkapet,రమలచక్కపెత్,transliterated,572135,505325,,
Telangana,Kamareddy,685,Gandhari,4382,Ramalakshmanpalle,రామలక్ష్మణపల్లె,transliterated,571364,503114,,
Telangana,Yadadri Bhuvanagiri,697,B Pochampally,4630,Ramalingam Palle,రామలింగం పల్లె,transliterated,576808,508284,,
Telangana,Wanaparthy,693,Pebbair,4602,Ramammapeta,రామమ్మపేట,transliterated,576192,509104,,
Telangana,Ranga Reddy,518,Madgul,4564,Ramanampalle,రమణంపల్లె,transliterated,575303,509327,,
Telangana,Mulugu,720,Venkatapur,4684,Ramanathapalle,రామనాథపల్లె,transliterated,577856,506352,,
Telangana,Karimnagar,508,Chigurumamidi,4442,Ramancha,రామాంచ,transliterated,572579,505481,,
Telangana,Suryapet,696,Atmakur (S),4622,Ramanna Gudem,రమన్న గుదెమ్,transliterated,909703,508221,,
Telangana,Suryapet,696,Suryapet,4638,Ramannaguda,రామన్నగూడ,transliterated,576950,508376,,
Telangana,Jayashankar Bhupalapally,687,Regonda,4690,Ramannaguda,రామన్నగూడ,transliterated,578059,506348,,
Telangana,Mulugu,720,Eturunagaram,4685,Ramannagudem,రామన్నగూడెం,authoritative,577908,506169,,
Telangana,Bhadradri Kothagudem,690,Aswaraopeta,4749,Ramannagudem,రామన్నగూడెం,authoritative,579530,507301,,
Telangana,Nizamabad,516,Vailpoor,4365,Ramannapet,రామన్నపేట,transliterated,570822,503225,,
Telangana,Rajanna Sircilla,683,Konaraopet,4431,Ramannapet,రామన్నపేట,transliterated,572383,505301,,
Telangana,Warangal,522,Warangal,4706,Ramannapet,రామన్నపేట,transliterated,956021,506002,,
Telangana,Yadadri Bhuvanagiri,697,Ramannapet,4632,Ramannapeta (Ct),రామన్నపేట (సీటీ),transliterated,576862,508113,,
Telangana,Wanaparthy,693,Madanapur,6289,Ramanpadu,రామన్పాడు,transliterated,575991,509110,,
Telangana,Nizamabad,516,Rudrur,6240,Ramanpalle,రమణపల్లె,transliterated,571020,503188,,
Telangana,Ranga Reddy,518,Shankarpalle,4515,Ramanthapur,రామంతాపూర్,transliterated,574046,501203,,
Telangana,Medchal Malkajgiri,700,Uppal,4524,Ramanthapur Bagayath,రామంతాపూర్ బాగాయత్,transliterated,931520,500039,,
Telangana,Medchal Malkajgiri,700,Uppal,4524,Ramanthapur Khalsa,రమంథపూర్ ఖల్స,transliterated,931521,500013,,
Telangana,Bhadradri Kothagudem,690,Allapalli,6267,Ramanujagudem,రామానుజగూడెం,transliterated,579413,507124,,
Telangana,Ranga Reddy,518,Shamshabad,4543,Ramanujapur,రామానుజాపూర్,transliterated,574721,501218,,
Telangana,Rajanna Sircilla,683,Gambhiraopet,4433,Ramanujapuram,రామానుజపురం,authoritative,572418,505305,,
Telangana,Nalgonda,514,Shaligouraram,4624,Ramanujapuram,రామానుజపురం,authoritative,909707,508210,,
Telangana,Bhadradri Kothagudem,690,Cherla,4726,Ramanujapuram (G),రామానుజపురం (గ్),transliterated,578843,507133,,
Telangana,Bhadradri Kothagudem,690,Manuguru,4727,Ramanujavaram,రామానుజవరం,transliterated,578914,507117,,
Telangana,Khammam,509,Thallada,4762,Ramanujavaram,రమనుజవరమ్,transliterated,579779,507167,,
Telangana,Ranga Reddy,518,Amangal,4563,Ramanuthula,రామానుతుల,transliterated,575287,509358,,
Telangana,Medak,513,Chegunta,4466,Ramapur,రామాపూర్,transliterated,573143,502247,,
Telangana,Vikarabad,698,Marpalle,4512,Ramapur,రామాపూర్,transliterated,573981,501202,,
Telangana,Wanaparthy,693,Pebbair,4602,Ramapur,రామాపూర్,transliterated,576193,509104,,
Telangana,Nagarkurnool,694,Kollapur,4609,Ramapur,రామాపూర్,transliterated,576367,509105,,
Telangana,Jogulamba Gadwal,695,Waddepally,4610,Ramapuram,రామాపురం,authoritative,576385,509126,,
Telangana,Khammam,509,Bonakal,4765,Ramapuram,రామాపురం,authoritative,579833,507204,,
Telangana,Suryapet,696,Nereducherla,4665,Ramapuram,రామాపురం,authoritative,909906,508218,,
Telangana,Suryapet,696,Chilkur,4667,Ramapuram,రామాపురం,authoritative,909922,508206,,
Telangana,Suryapet,696,Mellachervu,4671,Ramapuram,రామాపురం,authoritative,910379,508246,,
Telangana,Siddipet,692,Raipole,6283,Ramaram,రామారామ్,transliterated,573122,502278,,
Telangana,Yadadri Bhuvanagiri,697,Gundala,4618,Ramaram,రామారామ్,transliterated,576553,508277,,
Telangana,Suryapet,696,Suryapet,4638,Ramaram,రామారామ్,transliterated,576947,508376,,
Telangana,Bhadradri Kothagudem,690,Dummugudem,4729,Ramarao Peta,రమరఒ పెత,transliterated,578986,507137,,
Telangana,Kamareddy,685,Ramareddy,6243,Ramareddy,రామారెడ్డి,transliterated,571326,503144,,
Telangana,Siddipet,692,Raipole,6283,Ramasagar,రామసాగర్,transliterated,573121,502278,,
Telangana,Sangareddy,691,Kangti,4450,Ramathirath,రామాతిరథ్,transliterated,572724,502286,,
Telangana,Medak,513,Papannapet,4455,Ramathirtham,రామతీర్థం,authoritative,572867,502303,,
Telangana,Jangoan,689,Kodakandla,4702,Ramavaram,రామవరం,authoritative,578271,506222,,
Telangana,Warangal,522,Narsampet,4708,Ramavaram,రామవరం,authoritative,578363,506331,,
Telangana,Mahabubabad,688,Gangaram,6253,Ramavaram,రామవరం,authoritative,578417,506135,,
Telangana,Mahabubabad,688,Danthalapalle,6255,Ramavaram,రామవరం,authoritative,578606,506324,,
Telangana,Jagitial,681,Metpalli,4417,Ramchandrampet,రంచంద్రంపెత్,transliterated,572131,505325,,
Telangana,Nizamabad,516,Makloor,4367,Ramchandrapally,రాంచంద్రపల్లి,transliterated,909476,503213,,
Telangana,Kamareddy,685,Bibipet,6242,Ramchandrapur,రామచంద్రాపూర్,transliterated,571602,503125,,
Telangana,Rajanna Sircilla,683,Thangallapalli,6217,Ramchandrapur,రంచంద్రపూర్,transliterated,572465,505405,,
Telangana,Karimnagar,508,V.Saidapur,4445,Ramchandrapur,రామచంద్రాపూర్,transliterated,572632,505472,,
Telangana,Nalgonda,514,Nampally,4654,Ramdas Thanda,రందస్ థంద,transliterated,909851,508373,,
Telangana,Medak,513,Chilpched,6274,Ramdasguda,రాందాసగూడ,transliterated,573537,502314,,
Telangana,Ranga Reddy,518,Ibrahimpatnam,4546,Ramdaspalle,రాందాస్పల్లె,transliterated,574830,501510,,
Telangana,Jagitial,681,Mallapur,4394,Ramdaspeta,రందస్పేట,transliterated,571637,505327,,
Telangana,Sangareddy,691,Patancheru,4494,Rameshwar Banda,రామేశ్వర్ బండ,transliterated,573932,502319,,
Telangana,Kamareddy,685,Bhiknoor,4391,Rameshwarpalle,రమెశ్వర్పల్లె,transliterated,571570,503101,,
Telangana,Wanaparthy,693,Pebbair,4602,Rameswarapur,రామేశ్వరపూర్,transliterated,576211,509104,,
Telangana,Kamareddy,685,Kamareddy,4390,Rameswarpalle,రామేశ్వరపల్లె,transliterated,571552,503111,,
Telangana,Adilabad,501,Bela,4308,Ramkam,రాంకం,transliterated,569097,504309,,
Telangana,Yadadri Bhuvanagiri,697,Bommalaramaram,4613,Ramlingam Palle,రాంలింగం పల్లె,transliterated,576466,508126,,
Telangana,Adilabad,501,Utnoor,4321,Ramlingampet,రాంలింగంపేట,transliterated,569581,504311,,
Telangana,Vikarabad,698,Mominpet,4513,Ramnathgudpalle,రామనాథగూడ్పల్లె,transliterated,574014,501202,,
Telangana,Wanaparthy,693,Kothakota,4593,Ramnathpur,రామనాథపూర్,transliterated,575996,509381,,
Telangana,Jagitial,681,Velgatur,4398,Ramnur,రామ్నూర్,transliterated,571717,505526,,
Telangana,Yadadri Bhuvanagiri,697,Yadagirigutta,4616,Ramojipet,రామాజీపేట్,authoritative,576526,508286,,
Telangana,Peddapalli,682,Peddapalli,4408,Rampalle,రాంపల్లె,authoritative,571992,505174,,
Telangana,Medchal Malkajgiri,700,Keesara,4522,Rampally,రాంపల్లి,authoritative,574152,501302,,
Telangana,Medchal Malkajgiri,700,Keesara,4522,Rampally Daira,రంపల్లి దైర,transliterated,912414,501302,,
Telangana,Adilabad,501,Bazarhatnoor,4323,Rampur,రాంపూర్,authoritative,569651,504307,,
Telangana,Kumuram Bheem Asifabad,699,Rebbena,4327,Rampur,రాంపూర్,authoritative,569784,504292,,
Telangana,Mancherial,684,Bheemini,4328,Rampur,రాంపూర్,authoritative,569831,504273,,
Telangana,Mancherial,684,Tandur,4332,Rampur,రాంపూర్,authoritative,569967,504273,,
Telangana,Nirmal,680,Kaddam Peddur,4335,Rampur,రాంపూర్,authoritative,570037,504202,,
Telangana,Nirmal,680,Narsapur G,6208,Rampur,రాంపూర్,authoritative,570314,504306,,
Telangana,Nirmal,680,Mamada,4346,Rampur,రాంపూర్,authoritative,570397,504310,,
Telangana,Mancherial,684,Kotapally,4351,Rampur,రాంపూర్,authoritative,570555,504201,,
Telangana,Nizamabad,516,Navipet,4358,Rampur,రాంపూర్,authoritative,570717,503246,,
Telangana,Nizamabad,516,Armoor,4360,Rampur,రాంపూర్,authoritative,570774,503223,,
Telangana,Nizamabad,516,Bodhan,4370,Rampur,రాంపూర్,authoritative,570979,503310,,
Telangana,Nizamabad,516,Kotagiri,4371,Rampur,రాంపూర్,authoritative,571034,503188,,
Telangana,Nizamabad,516,Dichpally,4377,Rampur,రాంపూర్,authoritative,571230,503164,,
Telangana,Kamareddy,685,Lingampet,4388,Rampur,రాంపూర్,authoritative,571509,503124,,
Telangana,Jagitial,681,Mallial,4413,Rampur,రాంపూర్,authoritative,572054,505452,,
Telangana,Siddipet,692,Nangnoor,4461,Rampur,రాంపూర్,authoritative,573028,502375,,
Telangana,Medak,513,Kulcharam,4468,Rampur,రాంపూర్,authoritative,573194,502109,,
Telangana,Sangareddy,691,Jharasangam,4476,Rampur,రాంపూర్,authoritative,573428,502321,,
Telangana,Vikarabad,698,Dharur,4531,Rampur,రాంపూర్,authoritative,574352,501121,,
Telangana,Vikarabad,698,Kotepally,6312,Rampur,రాంపూర్,authoritative,574400,501106,,
Telangana,Vikarabad,698,Peddemul,4533,Rampur,రాంపూర్,authoritative,574407,501142,,
Telangana,Ranga Reddy,518,Thalakondapally,4562,Rampur,రాంపూర్,authoritative,575272,509357,,
Telangana,Mahabubnagar,512,Koilkonda,4569,Rampur,రాంపూర్,authoritative,575438,509371,,
Telangana,Narayanpet,721,Narwa,4588,Rampur,రాంపూర్,authoritative,575841,509353,,
Telangana,Nagarkurnool,694,Lingal,4598,Rampur,రాంపూర్,authoritative,576106,509401,,
Telangana,Hanumakonda,686,Khazipet,6247,Rampur,రాంపూర్,authoritative,577726,506142,,
Telangana,Jayashankar Bhupalapally,687,Bhupalpally,4682,Rampur,రాంపూర్,authoritative,577830,506169,,
Telangana,Mulugu,720,Govindaraopet,4688,Rampur,రాంపూర్,authoritative,578035,506347,,
Telangana,Warangal,522,Nallabelli,4692,Rampur,రాంపూర్,authoritative,578093,506132,,
Telangana,Medak,513,Alladurg,4470,Rampur,రాంపూర్,authoritative,909530,502269,,
Telangana,Adilabad,501,Utnoor,4321,Rampur (Khurd),రాంపూర్ (ఖుర్ద్),transliterated,569583,504311,,
Telangana,Mulugu,720,Tadvai,4687,Rampur (P.A),రాంపూర్ (ప్.అ),transliterated,578012,506347,,
Telangana,Suryapet,696,Mothey,4640,Rampur Tanda,రాంపూర్ తండ,transliterated,909785,508212,,
Telangana,Mahabubabad,688,Garla,4743,Rampuram,రాంపురం,authoritative,579444,507210,,
Telangana,Nalgonda,514,Pedda Adesherlapally,4658,Rampuram,రాంపురం,authoritative,909859,508243,,
Telangana,Jangoan,689,Devaruppula,4701,Ramrajpalle,రంరజ్పల్లె,transliterated,578256,506303,,
Telangana,Sangareddy,691,Nizampet (28),7535,Ramreddi Pet,రాంరెడ్డి పెట్,transliterated,572824,502371,,
Telangana,Ranga Reddy,518,Ibrahimpatnam,4546,Ramreddiguda,రాంరెడ్డిగూడ,transliterated,574845,501506,,
Telangana,Kamareddy,685,Bibipet,6242,Ramreddipalle,రాంరెడ్డిపల్లె,transliterated,571593,503125,,
Telangana,Nalgonda,514,Marriguda,4649,Ramreddypally,రాంరెడ్డిపల్లి,transliterated,909838,508245,,
Telangana,Jagitial,681,Kodimial,4420,Ramsagar,రామసాగర్,transliterated,572175,505501,,
Telangana,Siddipet,692,Komuravelli,6284,Ramsagar,రామసాగర్,transliterated,577616,506223,,
Telangana,Sangareddy,691,Andole,4479,Ramsanpalle,రాంసన్పల్లె,transliterated,573501,502270,,
Telangana,Warangal,522,Nallabelli,4692,Ramteertham,రాంతీర్థం,transliterated,578096,506350,,
Telangana,Nirmal,680,Mudhole,4341,Ramtek,రామ్టెక్,transliterated,570233,504102,,
Telangana,Siddipet,692,Chinnakodur,4460,Ramuni Patta,రాముని పట్ట,transliterated,573018,502267,,
Telangana,Yadadri Bhuvanagiri,697,Bibinagar,4629,Ramunigundla Thanda,రామునిగుండ్ల తండ,transliterated,909745,508126,,
Telangana,Mulugu,720,Mulug,4689,Ranabandala (D),రణబండల (డ్),transliterated,578054,506352,,
Telangana,Nirmal,680,Nirmal Rural,6210,Ranapur,రాణాపూర్,transliterated,570100,504106,,
Telangana,Peddapalli,682,Palakurthy,6215,Ranapur,రాణాపూర్,transliterated,571759,505187,,
Telangana,Sangareddy,691,Manoor,4451,Ranapur,రాణాపూర్,transliterated,572767,502290,,
Telangana,Yadadri Bhuvanagiri,697,Bommalaramaram,4613,Ranga Puram,రంగ పురం,transliterated,576465,508126,,
Telangana,Khammam,509,Yerrupalem,4767,Rangagudem,రంగగూడెం,transliterated,579891,507201,,
Telangana,Medak,513,Manoharabad,6273,Rangaipally,రంగాయిపల్లి,transliterated,573615,502336,,
Telangana,Peddapalli,682,Peddapalli,4408,Rangampalle,రంగంపల్లె,authoritative,571991,505174,,
Telangana,Vikarabad,698,Pargi,4540,Rangampalle,రంగంపల్లె,authoritative,574641,501501,,
Telangana,Kamareddy,685,Ramareddy,6243,Rangampet,రంగంపేట,transliterated,571323,503144,,
Telangana,Medak,513,Kulcharam,4468,Rangampet,రంగంపేట,transliterated,573183,502381,,
Telangana,Mancherial,684,Bellampally,4350,Rangapet,రంగపెత్,transliterated,570517,504251,,
Telangana,Jagitial,681,Sarangapur,4396,Rangapet,రంగపేట,transliterated,571681,505529,,
Telangana,Kumuram Bheem Asifabad,699,Rebbena,4327,Rangapur,రంగాపూర్,authoritative,569804,504292,,
Telangana,Kamareddy,685,Mohammadnagar,7520,Rangapur,రంగాపూర్,authoritative,571417,503302,,
Telangana,Peddapalli,682,Peddapalli,4408,Rangapur,రంగాపూర్,authoritative,571984,505188,,
Telangana,Jagitial,681,Bheemaram (20),7541,Rangapur,రంగాపూర్,authoritative,572102,505453,,
Telangana,Vikarabad,698,Pargi,4540,Rangapur,రంగాపూర్,authoritative,574631,501501,,
Telangana,Ranga Reddy,518,Shabad,4542,Rangapur,రంగాపూర్,authoritative,574720,509217,,
Telangana,Ranga Reddy,518,Manchal,4547,Rangapur,రంగాపూర్,authoritative,574869,501508,,
Telangana,Nagarkurnool,694,Vangoor,4577,Rangapur,రంగాపూర్,authoritative,575608,509349,,
Telangana,Wanaparthy,693,Amarchintha,6290,Rangapur,రంగాపూర్,authoritative,575969,509131,,
Telangana,Wanaparthy,693,Pebbair,4602,Rangapur,రంగాపూర్,authoritative,576203,509104,,
Telangana,Yadadri Bhuvanagiri,697,Bibinagar,4629,Rangapur,రంగాపూర్,authoritative,576784,508126,,
Telangana,Mulugu,720,Govindaraopet,4688,Rangapur,రంగాపూర్,authoritative,578027,506344,,
Telangana,Jangoan,689,Kodakandla,4702,Rangapur,రంగాపూర్,authoritative,578276,506318,,
Telangana,Ranga Reddy,518,Kothur,4560,Rangapur,రంగాపూర్,authoritative,909571,509228,,
Telangana,Jayashankar Bhupalapally,687,Mogullapally,4680,Rangapuram,రంగాపురం,authoritative,577789,506366,,
Telangana,Mahabubabad,688,Kesamudram,4717,Rangapuram,రంగాపురం,authoritative,578581,506102,,
Telangana,Mulugu,720,Tadvai,4687,Rangapuram (P.A),రంగాపురం (ప్.అ),transliterated,578021,506347,,
Telangana,Jagitial,681,Metpalli,4417,Rangarao Pet,రంగారావు పెట్,transliterated,572136,505325,,
Telangana,Mahabubnagar,512,Rajapur,6261,Rangareddiguda,రంగారెడ్డిగూడ,transliterated,575125,509202,,
Telangana,Jagitial,681,Beerpur,6212,Rangasagar,రంగసాగర్,transliterated,571664,505454,,
Telangana,Ranga Reddy,518,Farooqnagar,4559,Rangasamudram (Yellampalle),రంగసముద్రం (యల్లంపల్లె),transliterated,575176,509410,,
Telangana,Warangal,522,Khila Warangal,6246,Rangasipet,రంగాసిపేట,transliterated,923545,506005,,
Telangana,Nalgonda,514,Anumula,4660,Rangundla,రంగుండ్ల,transliterated,909866,508377,,
Telangana,Nizamabad,516,Renjal,4357,Ranjal,రంజల్,transliterated,570690,503235,,
Telangana,Nirmal,680,Kubeer,4338,Ranjani,రంజని,transliterated,570132,504103,,
Telangana,Kumuram Bheem Asifabad,699,Chintalamanepally,6314,Ranvalli,రంవల్లి,transliterated,569374,504299,,
Telangana,Siddipet,692,Siddipet Rural,6281,Raorukal,రావురుకల్,transliterated,572984,502107,,
Telangana,Jagitial,681,Gollapalli,4412,Rapalle,రాపల్లె,transliterated,572043,505532,,
Telangana,Jayashankar Bhupalapally,687,Mahadevpur,4403,Rapallekota,రాపల్లెకోట,transliterated,571874,505504,,
Telangana,Khammam,509,Bonakal,4765,Rapalli,రాపల్లి,transliterated,579840,507304,,
Telangana,Mancherial,684,Kotapally,4351,Rapanpalle,రాపన్పల్లె,transliterated,570559,504201,,
Telangana,Sangareddy,691,Kalher,4453,Raparthy,రాపర్తి,transliterated,572827,502371,,
Telangana,Vikarabad,698,Pargi,4540,Rapole,రాపోల్,transliterated,574653,501501,,
Telangana,Ranga Reddy,518,Shamshabad,4543,Rasheedguda,రషీద్గుడ,transliterated,574752,501218,,
Telangana,Nirmal,680,Mamada,4346,Rasimatla,రాసిమట్ల,transliterated,570398,504310,,
Telangana,Kumuram Bheem Asifabad,699,Jainoor,4320,Rasimatta,రాసిమట్ట,transliterated,569546,504313,,
Telangana,Vikarabad,698,Yelal,4536,Rasnam,రస్నం,transliterated,574513,501144,,
Telangana,Sangareddy,691,Kangti,4450,Rasole,రసోలే,transliterated,572718,502287,,
Telangana,Vikarabad,698,Yelal,4536,Rasoolpur,రసూల్పూర్,transliterated,574505,501144,,
Telangana,Nalgonda,514,Nalgonda,4646,Rasoolpur,రసూల్పూర్,transliterated,577103,508247,,
Telangana,Hyderabad,507,Secunderabad,4498,Rasoolpura,రసూల్పుర,transliterated,927813,500003,,
Telangana,Kumuram Bheem Asifabad,699,Kagaznagar,4318,Raspalle,రాస్పల్లె,transliterated,569473,504296,,
Telangana,Nalgonda,514,Munugode,4647,Rathi Palle,రతి పల్లె,transliterated,577116,508244,,
Telangana,Peddapalli,682,Srirampur,4407,Rathupalle,రతుపల్లె,transliterated,571971,505153,,
Telangana,Hanumakonda,686,Bheemadevarpalli,4448,Ratnagiri,"రత్నగిరి, రొల్ల",authoritative,572673,505497,,
Telangana,Kamareddy,685,Machareddy,4380,Ratnagiripally,రత్నగిరిపల్లి,transliterated,909507,503144,,
Telangana,Adilabad,501,Talamadugu,4309,Ratnapur,రత్నాపూర్,transliterated,569136,504312,,
Telangana,Nirmal,680,Basar,6205,Ratnapur,రత్నాపూర్,transliterated,570260,504101,,
Telangana,Nizamabad,516,Balkonda,4361,Ratnapur,రత్నాపూర్,transliterated,570789,503217,,
Telangana,Sangareddy,691,Nyalkal,4473,Ratnapur,రత్నాపూర్,transliterated,573313,502251,,
Telangana,Peddapalli,682,Ramagiri,6216,Ratnapur (Ct),రత్నాపూర్ (సీటీ),transliterated,571780,505212,,
Telangana,Nirmal,680,Dilawarpur,4343,Ratnapur (K),రత్నపూర్ (క్),transliterated,570328,504306,,
Telangana,Nirmal,680,Nirmal Rural,6210,Ratnapur Kandli,రత్నాపూర్ కండ్లి,transliterated,570355,504106,,
Telangana,Vikarabad,698,Marpalle,4512,Ravalapalle,రావలపల్లె,transliterated,573993,501202,,
Telangana,Vikarabad,698,Mominpet,4513,Ravalapalle,రావలపల్లె,transliterated,573997,501202,,
Telangana,Kumuram Bheem Asifabad,699,Dahegoan,4329,Ravalpalle,రావల్పల్లె,transliterated,569882,504296,,
Telangana,Vikarabad,698,Pargi,4540,Ravalpalle,రావల్పల్లె,transliterated,574659,501501,,
Telangana,Vikarabad,698,Kodangal,4549,Ravalpalle,రావల్పల్లె,transliterated,574912,509336,,
Telangana,Mahabubnagar,512,Bhoothpur,4574,Ravalpalle,రావల్పల్లె,transliterated,575552,509382,,
Telangana,Ranga Reddy,518,Shankarpalle,4515,Ravalpalle Kalan,రావల్పల్లె కలన్,transliterated,574048,501203,,
Telangana,Medak,513,Toopran,4482,Ravelli,రవెల్లి,transliterated,573598,502336,,
Telangana,Ranga Reddy,518,Kadthal,6324,Ravichedu,రావిచ్చేడు,transliterated,575252,509408,,
Telangana,Mahabubabad,688,Dornakal,4722,Ravigudem,పెద్ద రావిగూడెం,authoritative,578674,506381,,
Telangana,Khammam,509,Kalluru,4763,Ravikampadu,రావికంపాడు,authoritative,579788,507209,,
Telangana,Kumuram Bheem Asifabad,699,Chintalamanepally,6314,Ravindranagar,రవీంద్రనగర్,transliterated,569384,504299,,
Telangana,Khammam,509,Bonakal,4765,Ravinuthala,రావినూతల,transliterated,579837,507204,,
Telangana,Suryapet,696,Palakeedu,6301,Ravipahad,రవిపహాడ్,transliterated,577536,508218,,
Telangana,Ranga Reddy,518,Maheshwaram,4544,Raviryal,రావిర్యాల,authoritative,574789,501510,,
Telangana,Ranga Reddy,518,Jilled Chowdergudem,6322,Raviryal,రావిర్యాల,authoritative,575165,509207,,
Telangana,Medchal Malkajgiri,700,Medchal,4519,Ravlkole,రావ్ల్కోల్,transliterated,574089,501401,,
Telangana,Nalgonda,514,Vemulapally,4644,Ravula Penta,రావుల పెంటా,transliterated,577060,508217,,
Telangana,Ranga Reddy,518,Chevella,4529,Ravulapalle (Khurd),రావులపల్లె (ఖుర్ద్),transliterated,574292,501503,,
Telangana,Nizamabad,516,Sirikonda,4379,Ravutla,రావుట్ల,transliterated,571260,503165,,
Telangana,Yadadri Bhuvanagiri,697,Bhongir,4628,Rayagiri (R),రాయగిరి (ర్),transliterated,576756,508286,,
Telangana,Suryapet,696,Suryapet,4638,Rayani Gudem,రాయని గుడెం,transliterated,909774,508376,,
Telangana,Suryapet,696,Garidepally,4666,Rayanigudem,రాయనిగూడెం,transliterated,909911,508201,,
Telangana,Suryapet,696,Garidepally,4666,Rayanigudem,రయనిగూడెం,transliterated,909912,508201,,
Telangana,Wanaparthy,693,Pangal,4601,Rayanipalle,రాయనిపల్లె,transliterated,576176,509120,,
Telangana,Ranga Reddy,518,Shamshabad,4543,Rayannaguda,రాయన్నగూడ,transliterated,574727,501218,,
Telangana,Nalgonda,514,Miryalaguda,4664,Rayanpalem,రాయన్పాలెం,transliterated,577513,508208,,
Telangana,Medak,513,Medak,4456,Rayanpalle,రయంపల్లె,transliterated,572912,502113,,
Telangana,Wanaparthy,693,Kothakota,4593,Rayanpet,రాయన్పేట,transliterated,576009,509381,,
Telangana,Jagitial,681,Dharmapuri,4397,Rayapatnam,రాయపట్నం,transliterated,571710,505425,,
Telangana,Khammam,509,Madhira,4766,Rayapatnam,రాయపట్నం,transliterated,579865,507203,,
Telangana,Siddipet,692,Raipole,6283,Rayapole,రాయపోల్,transliterated,573104,502278,,
Telangana,Jogulamba Gadwal,695,Ghattu,4605,Rayapuram,రాయపురం,authoritative,576265,509129,,
Telangana,Yadadri Bhuvanagiri,697,Bibinagar,4629,Rayarao Pet,రాయరావు పెట్,transliterated,576777,508126,,
Telangana,Siddipet,692,Kukunoorpally,7521,Rayavaram,రాయవరం,authoritative,573654,502312,,
Telangana,Hyderabad,507,Asif Nagar,4506,Razdarkhanpet,రాజ్దార్ఖాన్పేట,transliterated,927793,500006,,
Telangana,Nizamabad,516,Kammarpally,4363,Reachpalle,రీచ్పల్లె,transliterated,570841,503308,,
Telangana,Suryapet,696,Chinthalapalem,6303,Reballe,రెబల్లె,transliterated,577601,508246,,
Telangana,Siddipet,692,Maddur,4673,Rebarthi,రిబార్తి,transliterated,577644,506367,,
Telangana,Peddapalli,682,Sulthanabad,4425,Rebbaldevipalle,రెబ్బల్దేవిపల్లె,transliterated,572262,505185,,
Telangana,Kumuram Bheem Asifabad,699,Rebbena,4327,Rebbana,రెబ్బన,transliterated,569787,504292,,
Telangana,Khammam,509,Wyra,4764,Rebbavaram,రెబ్బవరం,authoritative,579818,507165,,
Telangana,Kumuram Bheem Asifabad,699,Bejjur,4317,Rebbena,రెబ్బేనా,transliterated,569396,504299,,
Telangana,Nalgonda,514,Nampally,4654,Rebelli,రెబెల్లి,transliterated,577283,508257,,
Telangana,Jagitial,681,Sarangapur,4396,Rechapalli,రేచపల్లి,transliterated,571680,505529,,
Telangana,Kumuram Bheem Asifabad,699,Bejjur,4317,Rechini,రేచిని,transliterated,569414,504299,,
Telangana,Mancherial,684,Tandur,4332,Rechini,రేచిని,transliterated,569952,504273,,
Telangana,Wanaparthy,693,Atmakur,4592,Rechintala,రేచింతల,transliterated,575989,509131,,
Telangana,Suryapet,696,Thungaturthy,4620,Reddiguda,రెడ్డిగూడ,transliterated,576587,508280,,
Telangana,Sangareddy,691,Hathnoora,4489,Reddikhanapur,రెద్దిఖనపూర్,transliterated,573803,502296,,
Telangana,Yadadri Bhuvanagiri,697,Bhongir,4628,Reddinaikthanda,రెడ్డినైక్తండా,transliterated,909731,508285,,
Telangana,Jayashankar Bhupalapally,687,Mutharam Mahadevpur,4404,Reddipalle,రెడ్డిపల్లె,authoritative,571916,505503,,
Telangana,Karimnagar,508,Veenavanka,4439,Reddipalle,రెడ్డిపల్లె,authoritative,572536,505502,,
Telangana,Medak,513,Narsapur,4488,Reddipalle,రెడ్డిపల్లె,authoritative,573758,502313,,
Telangana,Ranga Reddy,518,Moinabad,4528,Reddipalle,రెడ్డిపల్లె,authoritative,574254,501504,,
Telangana,Mahabubnagar,512,Gandeed,4538,Reddipalle,రెడ్డిపల్లె,authoritative,574576,509337,,
Telangana,Kamareddy,685,Ramareddy,6243,Reddypet,రెడ్డిపేట,transliterated,571278,503144,,
Telangana,Ranga Reddy,518,Chevella,4529,Regadghanapur,రేగద్ఘనాపూర్,transliterated,574303,501503,,
Telangana,Ranga Reddy,518,Kondurg,4558,Regadi Chilakamarri,రేగడి చిలకమర్రి,transliterated,575143,509207,,
Telangana,Ranga Reddy,518,Shabad,4542,Regadidoswada,రెగదిదొస్వాడ,transliterated,574712,501501,,
Telangana,Peddapalli,682,Sulthanabad,4425,Regadimaddikunta,రెగదిమద్దికుంట,transliterated,572265,505162,,
Telangana,Vikarabad,698,Pudur,4541,Regadimamidipalle,రెగడిమామిడిపల్లె,transliterated,574677,501102,,
Telangana,Bhadradri Kothagudem,690,Karakagudem,6269,Regalla,రేగల్లా,transliterated,578816,507117,,
Telangana,Bhadradri Kothagudem,690,Laxmidevipalli,6266,Regalla,రేగల్లా,transliterated,579376,507118,,
Telangana,Khammam,509,Sathupalli,4751,Regallapadu,రేగాళ్లపాడు,transliterated,579561,507164,,
Telangana,Siddipet,692,Akkannapet,6285,Regonda,రేగొండ,transliterated,572616,505467,,
Telangana,Jayashankar Bhupalapally,687,Regonda,4690,Regonda,రెగొంద,transliterated,578061,506348,,
Telangana,Vikarabad,698,Peddemul,4533,Regondi,రేగొంది,transliterated,574435,501142,,
Telangana,Jangoan,689,Kodakandla,4702,Regula,రేగుల,transliterated,578279,506317,,
Telangana,Jayashankar Bhupalapally,687,Mutharam Mahadevpur,4404,Regula Gudem,రెగుల గుదెమ్,transliterated,571909,505503,,
Telangana,Khammam,509,Raghunadhapalem,4757,Regulachalaka,రేగులచలక,transliterated,579678,507002,,
Telangana,Jayashankar Bhupalapally,687,Kataram,4402,Regulagudem,రేగులగూడెం,transliterated,571829,505503,,
Telangana,Jagitial,681,Mallapur,4394,Regunta,రేగుంటా,transliterated,571635,505325,,
Telangana,Jagitial,681,Metpalli,4417,Regunta,రెగుంత,transliterated,956006,505325,,
Telangana,Bhadradri Kothagudem,690,Cherla,4726,Regunta (G),రేగుంటా (గ్),transliterated,578848,507133,,
Telangana,Khammam,509,Sathupalli,4751,Rejerla,రిజర్ల,transliterated,579569,507164,,
Telangana,Khammam,509,Thallada,4762,Rejerla,రిజర్ల,transliterated,579773,507167,,
Telangana,Sangareddy,691,Nyalkal,4473,Rejinthal,రెజింథల్,transliterated,573339,502249,,
Telangana,Sangareddy,691,Sadasivpet,4490,Rejinthal,రెజింథల్,transliterated,573840,502306,,
Telangana,Warangal,522,Duggondi,4693,Rekampalle,రేకంపల్లె,transliterated,578120,506331,,
Telangana,Karimnagar,508,Chigurumamidi,4442,Rekonda,రేకొండ,transliterated,572582,505474,,
Telangana,Mahabubnagar,512,Nawabpet,4556,Rekulachowdapur,రేకులచౌడాపూర్,transliterated,575083,509340,,
Telangana,Nalgonda,514,Chandampeta,4652,Rekulagadda,రేకులగడ్డ,transliterated,577224,508248,,
Telangana,Nizamabad,516,Dharpally,4378,Rekulapalle,రేకులపల్లె,transliterated,571255,503165,,
Telangana,Jagitial,681,Beerpur,6212,Rekulapalle,రెకులపల్లె,transliterated,571668,505454,,
Telangana,Jogulamba Gadwal,695,Gadwal,4603,Rekulapalle,రేకులపల్లె,transliterated,576221,509133,,
Telangana,Sangareddy,691,Munipally,4477,Rekulpahad,రేకుల్పహాడ్,transliterated,573440,502345,,
Telangana,Karimnagar,508,Kothapally,6230,Rekurthi (Ct),రేకుర్తి (సీటీ),transliterated,572326,505451,,
Telangana,Warangal,522,Nallabelli,4692,Relakunta,రేలకుంట,transliterated,578087,506350,,
Telangana,Wanaparthy,693,Pangal,4601,Remaddula,రేమద్దుల,transliterated,576171,509206,,
Telangana,Khammam,509,Yerrupalem,4767,Remidicherla,రేమిడిచర్ల,authoritative,579895,507201,,
Telangana,Adilabad,501,Gudihatnoor,4310,Rendlabori,రెండ్లబోరి,transliterated,569165,504308,,
Telangana,Sangareddy,691,Ameenpur,6276,Rendlagadda,రెండ్లగడ్డ,transliterated,573942,502319,,
Telangana,Karimnagar,508,Thimmapur LMD,4438,Renikunta,రేణికుంట,transliterated,572520,505530,,
Telangana,Nizamabad,516,Mupkal,6238,Renjarla,రెంజర్ల,transliterated,570799,503218,,
Telangana,Nirmal,680,Basar,6205,Renukapur,రెనుకపూర్,transliterated,570265,504101,,
Telangana,Ranga Reddy,518,Saroornagar,4526,Renukapur (Og),రేణుకాపూర్ (ఒగ్),transliterated,574221,500005,,
Telangana,Narayanpet,721,Maddur,4554,Renvatla,రెన్వట్ల,transliterated,575038,509411,,
Telangana,Rajanna Sircilla,683,Illanthakunta,4436,Repaka,రాపాక,authoritative,572487,505528,,
Telangana,Jayashankar Bhupalapally,687,Regonda,4690,Repaka,రాపాక,authoritative,578063,506348,,
Telangana,Yadadri Bhuvanagiri,697,Adda Guduru,6310,Repaka (P) Dacharam,రేపక (ప్) దాచారం,transliterated,576698,508277,,
Telangana,Suryapet,696,Munagala,4642,Repala,రేపాల,transliterated,577015,508233,,
Telangana,Bhadradri Kothagudem,690,Palvoncha,4737,Repallevada,రేపల్లెవడ,transliterated,579366,507115,,
Telangana,Khammam,509,Chinthakani,4760,Repallevada,రేపల్లెవడ,transliterated,579740,507208,,
Telangana,Kamareddy,685,Yellareddy,4386,Repallewada,రేపల్లెవాడ,transliterated,571465,503122,,
Telangana,Mahabubabad,688,Danthalapalle,6255,Reponi,రేపోని,transliterated,578612,506324,,
Telangana,Nirmal,680,Kaddam Peddur,4335,Revajipet (Old),రేవాజీపేట (ఓల్డ్),transliterated,570045,504202,,
Telangana,Wanaparthy,693,Revally,6286,Revally,రివాలీ,transliterated,576069,509235,,
Telangana,Yadadri Bhuvanagiri,697,B Pochampally,4630,Revan Palle,రేవన్ పల్లె,transliterated,576814,508284,,
Telangana,Bhadradri Kothagudem,690,Cherla,4726,Ricepeta (G),రైస్పేట (గ్),transliterated,578865,507133,,
Telangana,Siddipet,692,Gajwel,4483,Rimmanguda,రిమ్మంగూడ,transliterated,573640,502312,,
Telangana,Mulugu,720,Eturunagaram,4685,Roheer,రోహీర్,transliterated,577889,506169,,
Telangana,Suryapet,696,Chivemla,4639,Rollabandathanda,రోళ్లబండతండా,transliterated,909778,508214,,
Telangana,Nalgonda,514,Gudipally,7527,Rollakal,రోల్లకల్,transliterated,577361,508257,,
Telangana,Warangal,522,Parvathagiri,4714,Rollakal,రోల్లకల్,transliterated,578518,506365,,
Telangana,Kumuram Bheem Asifabad,699,Rebbena,4327,Rollapahad,రోళ్లపహాడ్,transliterated,569800,504292,,
Telangana,Sangareddy,691,Andole,4479,Rollapahad,రోళ్లపహాడ్,transliterated,573504,502270,,
Telangana,Adilabad,501,Neradigonda,4325,Rolmanda,రోల్మండ,transliterated,569735,504323,,
Telangana,Kumuram Bheem Asifabad,699,Tiryani,4333,Rompally,రోంపల్లి,transliterated,570005,504297,,
Telangana,Peddapalli,682,Kamanpur,4400,Rompikunta,రొంపికుంట,transliterated,571767,505188,,
Telangana,Khammam,509,Madhira,4766,Rompinalla,రొంపినల్ల,transliterated,579848,507304,,
Telangana,Vikarabad,698,Pargi,4540,Roopkhanpet,రూప్ఖాన్పేట,transliterated,574645,501501,,
Telangana,Mahabubabad,688,Kothaguda,4710,Routhugudem,రౌతుగూడెం,transliterated,578435,506135,,
Telangana,Sangareddy,691,Hathnoora,4489,Royyapalle,రొయ్యపల్లె,transliterated,573815,502319,,
Telangana,Nizamabad,516,Kotagiri,4371,Rozapur,రోజాపూర్,transliterated,571033,503207,,
Telangana,Yadadri Bhuvanagiri,697,Bibinagar,4629,Rudra Velly,రుద్ర వెల్లీ,transliterated,576790,508126,,
Telangana,Warangal,522,Nallabelli,4692,Rudragudem,రుద్రగూడెం,transliterated,578101,506350,,
Telangana,Khammam,509,Sathupalli,4751,Rudrakashapally,రుద్రకాశపల్లి,transliterated,579562,507303,,
Telangana,Rajanna Sircilla,683,Rudrangi,6219,Rudrangi,రుద్రాంగి,transliterated,572158,505307,,
Telangana,Kamareddy,685,Jukkal,4373,Rudrapahad,రుద్రపహాడ్,transliterated,571103,503305,,
Telangana,Bhadradri Kothagudem,690,Gundala,4741,Rudrapaka,రుద్రపాక,authoritative,579420,507124,,
Telangana,Kumuram Bheem Asifabad,699,Chintalamanepally,6314,Rudrapur,రుద్రాపూర్,transliterated,569397,504299,,
Telangana,Kumuram Bheem Asifabad,699,Tiryani,4333,Rudrapur,రుద్రాపూర్,transliterated,569975,504294,,
Telangana,Sangareddy,691,Narayankhed,4452,Rudrar,రుద్రర్,transliterated,572811,502286,,
Telangana,Kumuram Bheem Asifabad,699,Sirpur (T),4315,Rudraram,రుద్రారం,authoritative,569353,504299,,
Telangana,Kamareddy,685,Yellareddy,4386,Rudraram,రుద్రారం,authoritative,571466,503122,,
Telangana,Jayashankar Bhupalapally,687,Malharrao,4405,Rudraram,రుద్రారం,authoritative,571923,505503,,
Telangana,Karimnagar,508,Ramadugu,4423,Rudraram,రుద్రారం,authoritative,572231,505531,,
Telangana,Rajanna Sircilla,683,Vemulawada Rural,6218,Rudraram,రుద్రారం,authoritative,572366,505302,,
Telangana,Siddipet,692,Akberpet-Bhoompally,7524,Rudraram,రుద్రారం,authoritative,573093,502102,,
Telangana,Vikarabad,698,Dharur,4531,Rudraram,రుద్రారం,authoritative,574354,501121,,
Telangana,Vikarabad,698,Peddemul,4533,Rudraram,రుద్రారం,authoritative,574410,501142,,
Telangana,Ranga Reddy,518,Shabad,4542,Rudraram,రుద్రారం,authoritative,574700,501503,,
Telangana,Nalgonda,514,Miryalaguda,4664,Rudraram,రుద్రారం,authoritative,577511,508208,,
Telangana,Nizamabad,516,Rudrur,6240,Rudrur,రుద్రూరు,authoritative,571192,503188,,
Telangana,Karimnagar,508,Choppadandi,4424,Rukmapur,రుక్మాపూర్,transliterated,572247,505415,,
Telangana,Medak,513,Chegunta,4466,Rukmapur,రుక్మాపూర్,transliterated,573134,502247,,
Telangana,Vikarabad,698,Peddemul,4533,Rukmapur,రుక్మాపూర్,transliterated,574433,501142,,
Telangana,Vikarabad,698,Pargi,4540,Rukumpalle,రుకుంపల్లె,transliterated,574636,501501,,
Telangana,Adilabad,501,Gadiguda,6225,Rupapur,రూపాపూర్,transliterated,569211,504311,,
Telangana,Kamareddy,685,Madnoor,4372,Rusegaon,రుసెగాన్,transliterated,571086,503309,,
Telangana,Yadadri Bhuvanagiri,697,Thurkapally,4614,Rusta Puram,రుస్తా పురం,transliterated,576493,508117,,
Telangana,Medak,513,Narsapur,4488,Rustumpet,రుస్తుంపెత్,transliterated,573772,502313,,
Telangana,Nirmal,680,Mudhole,4341,Ruvvi,రువ్వి,transliterated,570252,504101,,
Telangana,Adilabad,501,Talamadugu,4309,Ruyyadi,రుయ్యది,transliterated,569129,504312,,
Telangana,Sangareddy,691,Narayankhed,4452,Ryakal,ర్యకల్,transliterated,572780,502287,,
Telangana,Peddapalli,682,Eligaid,4410,Ryakaldevpalle,ర్యాకాల్దేవ్పల్లె,transliterated,572014,505185,,
Telangana,Sangareddy,691,Nizampet (28),7535,Ryalamadugu,ర్యలమదుగు,transliterated,572783,502286,,
Telangana,Jogulamba Gadwal,695,Dharoor,4591,Ryalampad,ర్యాలంపాడ్,transliterated,575963,509133,,
Telangana,Jogulamba Gadwal,695,Alampur,4612,Ryalampadu,ర్యాలంపాడు,authoritative,576448,509152,,
Telangana,Karimnagar,508,Gangadhara,4422,Ryalapalle,ర్యాలపల్లె,transliterated,572202,505531,,
Telangana,Mancherial,684,Hajipur,6227,Ryali,ర్యాలి,authoritative,570591,504209,,
Telangana,Kamareddy,685,Bhiknoor,4391,Ryegatlapalle,రైగట్లపల్లె,transliterated,571576,503101,,
Telangana,Nizamabad,516,Varni,4376,S.N.Puram,స్.న్.పురం,transliterated,909493,503201,,
Telangana,Nalgonda,514,Narketpally,4634,Sabbidiguda,సబ్బిడిగూడ,transliterated,576884,508254,,
Telangana,Peddapalli,682,Peddapalli,4408,Sabitham,సబితం,transliterated,571985,505188,,
Telangana,Ranga Reddy,518,Manchal,4547,Sabithnagar,సబీతనగర్,transliterated,574857,501508,,
Telangana,Kamareddy,685,Sadashivanagar,4381,Sadashiva Nagar,సదాశివ నాగర్,transliterated,571308,503145,,
Telangana,Medak,513,Ramayampet,4457,Sadasivnagar,సదాశివనగర్,transliterated,572931,502115,,
Telangana,Jogulamba Gadwal,695,Maldakal,4604,Saddalonipalle,సద్దాలోనిపల్లె,authoritative,576250,509132,,
Telangana,Nagarkurnool,694,Uppununthala,4580,Sadgode,సద్గోడ్,transliterated,909640,509376,,
Telangana,Khammam,509,Sathupalli,4751,Sadhasivunipalem,సదాశివునిపాలెం,transliterated,579570,507303,,
Telangana,Mahabubabad,688,Kothaguda,4710,Sadireddipalle,సాదిరెడ్డిపల్లె,transliterated,578396,506135,,
Telangana,Yadadri Bhuvanagiri,697,Yadagirigutta,4616,Sadu Velle,సదు వెళ్ళే,transliterated,576518,508105,,
Telangana,Sangareddy,691,Hathnoora,4489,Sadullanagar,సాదుల్లానగర్,transliterated,573809,502296,,
Telangana,Kamareddy,685,Yellareddy,4386,Safdarpur,సఫ్దార్పూర్,transliterated,571463,503122,,
Telangana,Jangoan,689,Zaffergadh,4696,Sagaram,సాగరం,authoritative,578174,506313,,
Telangana,Ranga Reddy,518,Abdullapurmet,6319,Sagarpump,సాగర్పంప్,transliterated,574200,501512,,
Telangana,Nizamabad,516,Vailpoor,4365,Sahebpet,సాహెబ్పేట్,transliterated,570877,503307,,
Telangana,Adilabad,501,Sathnala,7515,Sahej,సహేజ్,transliterated,569110,504309,,
Telangana,Sangareddy,691,Andole,4479,Saibanpet,సాయిబాన్పేట,transliterated,573522,502273,,
Telangana,Karimnagar,508,Jammikunta,4440,Saidabad,సైదాబాద్,transliterated,572549,505129,,
Telangana,Hyderabad,507,Saidabad,4511,Saidabad,సైదబద్,transliterated,927794,500059,,
Telangana,Karimnagar,508,V.Saidapur,4445,Saidapur,సైదాపూర్,transliterated,572635,505472,,
Telangana,Sangareddy,691,Kondapur,4491,Saidapur,సైదాపూర్,transliterated,573857,502306,,
Telangana,Nizamabad,516,Kotagiri,4371,Sailampur,శైలంపూర్,transliterated,571022,503207,,
Telangana,Nagarkurnool,694,Lingal,4598,Sainpeta,సైన్పేట,transliterated,576102,509401,,
Telangana,Ranga Reddy,518,Moinabad,4528,Sajjanpalle,సజ్జనపల్లె,transliterated,574264,501504,,
Telangana,Sangareddy,691,Kohir,4475,Sajjapur,సజ్జాపూర్,transliterated,573390,502210,,
Telangana,Suryapet,696,Palakeedu,6301,Sajjapuram,సజ్జాపురం,authoritative,577531,508218,,
Telangana,Kumuram Bheem Asifabad,699,Kerameri,4313,Sakada,సకద,transliterated,569277,504293,,
Telangana,Jagitial,681,Velgatur,4398,Sakapuram,శాకపురం,transliterated,571719,505526,,
Telangana,Wanaparthy,693,Pangal,4601,Sakhapur,శాఖాపూర్,transliterated,576181,509120,,
Telangana,Adilabad,501,Utnoor,4321,Sakhera,సఖేరా,transliterated,569567,504346,,
Telangana,Adilabad,501,Sonala,7516,Sakhera,సఖేరా,transliterated,569678,504306,,
Telangana,Khammam,509,Yerrupalem,4767,Sakhina Veedu,సఖినా వీడు,transliterated,579881,507201,,
Telangana,Adilabad,501,Talamadugu,4309,Saknapoor,సక్నాపూర్,transliterated,569138,504312,,
Telangana,Kamareddy,685,Madnoor,4372,Salabathpur,సలాబత్పూర్,transliterated,571046,503309,,
Telangana,Medak,513,Kowdipally,4480,Salabatpur,సలాబత్పూర్,transliterated,573550,502314,,
Telangana,Siddipet,692,Maddur,4673,Salakpoor,సలక్పూర్,transliterated,577640,506224,,
Telangana,Nizamabad,516,Saloora,7532,Salampad,సలంపద్,transliterated,570999,503185,,
Telangana,Nizamabad,516,Bheemgal,4364,Salampur,సలాంపూర్,transliterated,570856,503307,,
Telangana,Nirmal,680,Basar,6205,Salapur,సాలాపూర్,transliterated,570271,504101,,
Telangana,Mahabubnagar,512,Gandeed,4538,Salarnagar,సాలర్నగర్,transliterated,574570,509335,,
Telangana,Ranga Reddy,518,Kadthal,6324,Salarpur,సాలార్పూర్,transliterated,575258,509408,,
Telangana,Vikarabad,698,Bantwaram,4532,Salbathapur,సల్బాతాపూర్,transliterated,574384,501106,,
Telangana,Vikarabad,698,Doulathabad,4552,Saleempur,సలీంపూర్,transliterated,574976,509336,,
Telangana,Kumuram Bheem Asifabad,699,Asifabad,4319,Saleguda,సలెగూడ,transliterated,569484,504293,,
Telangana,Mahabubnagar,512,Koilkonda,4569,Salepalle,సలెపల్లె,transliterated,575423,509371,,
Telangana,Adilabad,501,Utnoor,4321,Salewada (Buzurg),సాలేవాడ (బుజుర్గ్),transliterated,569572,504346,,
Telangana,Adilabad,501,Utnoor,4321,Salewada (Khurd),సాలేవాడ (ఖుర్ద్),transliterated,569573,504346,,
Telangana,Nalgonda,514,Shaligouraram,4624,Sali Lingotam,సాలి లింగోటం,transliterated,576668,508210,,
Telangana,Mancherial,684,Kannepally,6229,Saligaon,సాలిగాన్,transliterated,569860,504219,,
Telangana,Nalgonda,514,Shaligouraram,4624,Saligouraram,సలిగౌరరమ్,transliterated,576669,508210,,
Telangana,Wanaparthy,693,Ghanpur,4585,Salkalapur,సల్కలాపూర్,transliterated,575780,509380,,
Telangana,Nagarkurnool,694,Bijinapally,4584,Salkarpet,సల్కర్పెత్,transliterated,575765,509235,,
Telangana,Mahabubnagar,512,Gandeed,4538,Salkerpet,సల్కెర్పెత్,transliterated,574577,509337,,
Telangana,Nalgonda,514,Vemulapally,4644,Salkunur,సల్కునూర్,transliterated,577057,508374,,
Telangana,Medak,513,Tekmal,4469,Salojipally,సాలోజిపల్లి,transliterated,916344,502302,,
Telangana,Nizamabad,516,Saloora,7532,Saloora,సలూరా,transliterated,570985,503185,,
Telangana,Nizamabad,516,Bodhan,4370,Saloora Camp,సలూరా క్యాంప్,transliterated,909489,503185,,
Telangana,Jangoan,689,Bachannapet,4674,Salvapur,సల్వపూర్,transliterated,577647,506223,,
Telangana,Vikarabad,698,Kulkacharla,4539,Salveed,సాల్వీడ్,transliterated,574596,501502,,
Telangana,Adilabad,501,Ichoda,4322,Salyada,సల్యాదా,transliterated,569617,504307,,
Telangana,Narayanpet,721,Utkoor,4571,Samanur,సమనూర్,transliterated,575483,509210,,
Telangana,Bhadradri Kothagudem,690,Karakagudem,6269,Samath Mothe,సమథ్ మొథె,transliterated,578814,507117,,
Telangana,Bhadradri Kothagudem,690,Karakagudem,6269,Samathbhattupalli,సమత్భట్టుపల్లి,transliterated,578817,507117,,
Telangana,Kamareddy,685,Birkur,4375,Sambapur,సంబాపూర్,transliterated,571163,503321,,
Telangana,Kumuram Bheem Asifabad,699,Wankidi,4314,Samela,సమేలా,transliterated,569333,504295,,
Telangana,Nizamabad,516,Dichpally,4377,Sampally,సంపల్లి,transliterated,909498,503175,,
Telangana,Narayanpet,721,Kosgi,4551,Sampally,సంపల్లి,transliterated,909550,509339,,
Telangana,Medchal Malkajgiri,700,Muduchinthalapally,6671,Sampanbole,సంపన్బోల్,transliterated,574118,500101,,
Telangana,Wanaparthy,693,Weepangandla,4608,Sampatraopalle,సంపత్రఒపల్లె,transliterated,576327,509105,,
Telangana,Siddipet,692,Koheda,4443,Samudrala,సముద్రల,transliterated,572604,505466,,
Telangana,Jangoan,689,Ghanpur (Station),4676,Samudrala,సముద్రల,transliterated,577708,506252,,
Telangana,Rajanna Sircilla,683,Gambhiraopet,4433,Samudralingapuram,సముద్రలింగాపురం,transliterated,572414,505305,,
Telangana,Nirmal,680,Dilawarpur,4343,Samunderpalli,సముందెర్పల్లి,transliterated,570318,504306,,
Telangana,Peddapalli,682,Odela,4426,Sanagonda,సానగొండ,transliterated,572279,505152,,
Telangana,Mahabubnagar,512,Mohammadabad,7187,Sangaipalle,సంగైపల్లె,transliterated,574594,509334,,
Telangana,Medak,513,Kulcharam,4468,Sangaipet,సంగైపేట,transliterated,573185,502381,,
Telangana,Jogulamba Gadwal,695,Gadwal,4603,Sangala,సంగాల,authoritative,576228,509125,,
Telangana,Nizamabad,516,Balkonda,4361,Sangam,సంగం,authoritative,570793,503217,,
Telangana,Nizamabad,516,Bodhan,4370,Sangam,సంగం,authoritative,571005,503185,,
Telangana,Kamareddy,685,Nasurullabad,6244,Sangam,సంగం,authoritative,571175,503301,,
Telangana,Sangareddy,691,Sirgapoor,6279,Sangam,సంగం,authoritative,572731,502286,,
Telangana,Ranga Reddy,518,Keshampet,4561,Sangam,సంగం,authoritative,575229,509216,,
Telangana,Yadadri Bhuvanagiri,697,Valigonda,4627,Sangam,సంగం,authoritative,576736,508254,,
Telangana,Warangal,522,Sangem,4705,Sangam,సంగం,authoritative,578332,506329,,
Telangana,Bhadradri Kothagudem,690,Dummugudem,4729,Sangam,సంగం,authoritative,578939,507137,,
Telangana,Vikarabad,698,Tandur,4534,Sangam Kalan,సంగం కలన్,transliterated,574439,501158,,
Telangana,Sangareddy,691,Jharasangam,4476,Sangam [Khurd],సంగం [ఖుర్ద్],transliterated,573409,502246,,
Telangana,Narayanpet,721,Makthal,4589,Sangambanda,సంగంబంద,transliterated,575880,509208,,
Telangana,Kamareddy,685,Domakonda,4392,Sangameshwar,సంగమేశ్వర్,transliterated,571589,503123,,
Telangana,Nirmal,680,Soan,6209,Sangampet,సంగంపేట,transliterated,570383,504105,,
Telangana,Kumuram Bheem Asifabad,699,Tiryani,4333,Sangapur,సంగాపూర్,transliterated,569990,504297,,
Telangana,Sangareddy,691,Raikode,4472,Sangapur,సంగాపూర్,transliterated,573301,502257,,
Telangana,Siddipet,692,Gajwel,4483,Sangapur,సంగాపూర్,transliterated,573632,502334,,
Telangana,Adilabad,501,Bela,4308,Sangdi,సాంగ్డి,transliterated,569074,504309,,
Telangana,Jagitial,681,Mallapur,4394,Sangem,సంగేం,transliterated,571623,505331,,
Telangana,Jagitial,681,Korutla,4416,Sangem,సంగెమ్,transliterated,572122,505462,,
Telangana,Karimnagar,508,Ganneruvaram,6232,Sangem,సంగెమ్,transliterated,572494,505530,,
Telangana,Ranga Reddy,518,Shamshabad,4543,Sanghiguda,సంఘిగూడ,transliterated,574758,509325,,
Telangana,Wanaparthy,693,Weepangandla,4608,Sanginepalle,సంగినేపల్లె,transliterated,576325,509105,,
Telangana,Kamareddy,685,Banswada,4383,Sangojipet,సంగోజీపేట,transliterated,571374,503187,,
Telangana,Kamareddy,685,Tadwai,4389,Sangojiwadi,సంగోజీవాడి,transliterated,571522,503111,,
Telangana,Sangareddy,691,Andole,4479,Sangupet,సంగుపేట,transliterated,573520,502273,,
Telangana,Adilabad,501,Sathnala,7515,Sangvi,సాంగ్వి,transliterated,569111,504309,,
Telangana,Adilabad,501,Gadiguda,6225,Sangvi,సాంగ్వి,transliterated,569238,504311,,
Telangana,Kumuram Bheem Asifabad,699,Kerameri,4313,Sangvi,సాంగ్వి,transliterated,569269,504293,,
Telangana,Adilabad,501,Boath,4324,Sangvi,సాంగ్వి,transliterated,569676,504304,,
Telangana,Nirmal,680,Kubeer,4338,Sangvi,సంగ్వి,transliterated,570150,504103,,
Telangana,Jagitial,681,Kodimial,4420,Sanivarampeta,శనివారంపేట,transliterated,572174,505501,,
Telangana,Kamareddy,685,Mohammadnagar,7520,Sanivarpet,శనివార్పేట,transliterated,571413,503187,,
Telangana,Sangareddy,691,Narayankhed,4452,Sanjivanrao Pet,సంజీవన్రావు పెట్,transliterated,572782,502286,,
Telangana,Mahabubnagar,512,Moosapet,6260,Sankalamaddi,సంకలమద్ది,authoritative,575802,509380,,
Telangana,Kumuram Bheem Asifabad,699,Kerameri,4313,Sankaraguda,శంకరగూడ,transliterated,569272,504293,,
Telangana,Jagitial,681,Velgatur,4398,Sankenapalle,సంకేనపల్లె,transliterated,571723,505526,,
Telangana,Kumuram Bheem Asifabad,699,Asifabad,4319,Sankepalle,సంకేపల్లె,authoritative,569489,504292,,
Telangana,Ranga Reddy,518,Shankarpalle,4515,Sankepalle (Khalsa),సంకేపల్లె (ఖల్సా),transliterated,574049,501203,,
Telangana,Ranga Reddy,518,Shankarpalle,4515,Sankepalle (Paigah),సంకేపల్లె (పైగా),transliterated,574050,501203,,
Telangana,Rajanna Sircilla,683,Vemulawada,4430,Sankepalli,సంకేపల్లి,transliterated,572367,505302,,
Telangana,Wanaparthy,693,Kothakota,4593,Sankireddipalle,సంకిరెడ్డిపల్లె,transliterated,576008,509381,,
Telangana,Warangal,522,Rayaparthy,4703,Sannur,సన్నూర్,transliterated,578298,506163,,
Telangana,Kamareddy,685,Tadwai,4389,Santaipet,సంతాయిపేట,transliterated,571539,503110,,
Telangana,Ranga Reddy,518,Keshampet,4561,Santhapur,సంథపూర్,transliterated,575232,509408,,
Telangana,Rajanna Sircilla,683,Chandurthi,4419,Sanugula,సనుగుల,transliterated,572166,505307,,
Telangana,Nirmal,680,Kubeer,4338,Sanwali,సంవలి,transliterated,570160,504103,,
Telangana,Sangareddy,691,Chowtakur,7188,Sarafpalle,సరఫ్పల్లె,transliterated,573489,502273,,
Telangana,Mulugu,720,Venkatapuram,4724,Sarakalanka,సరకాలంక,transliterated,578786,507136,,
Telangana,Kamareddy,685,Kamareddy,4390,Sarampalle,సారంపల్లె,transliterated,571555,503110,,
Telangana,Rajanna Sircilla,683,Thangallapalli,6217,Sarampalli,సరంపల్లి,transliterated,572461,505405,,
Telangana,Nalgonda,514,Marriguda,4649,Sarampeta,సారంపేట,authoritative,909835,508245,,
Telangana,Kumuram Bheem Asifabad,699,Wankidi,4314,Sarandi,సరంది,transliterated,569326,504295,,
Telangana,Bhadradri Kothagudem,690,Cherla,4726,Sarangapani (G),సారంగపాణి (గ్),transliterated,578905,507133,,
Telangana,Bhadradri Kothagudem,690,Cherla,4726,Sarangapani (Z),సారంగపాణి (జ్),transliterated,578903,507133,,
Telangana,Nirmal,680,Kaddam Peddur,4335,Sarangapur,సారంగాపూర్,transliterated,570065,504202,,
Telangana,Nizamabad,516,Nizamabad Rural,6233,Sarangapur,సారంగాపూర్,transliterated,570931,503186,,
Telangana,Jagitial,681,Sarangapur,4396,Sarangapur,సరంగపూర్,transliterated,571678,505454,,
Telangana,Nirmal,680,Sarangapur,4336,Sarangpur,సారంగపూర్,transliterated,570081,504110,,
Telangana,Bhadradri Kothagudem,690,Burgampahad,4736,Sarapaka,సారపాక,authoritative,909964,507128,,
Telangana,Rajanna Sircilla,683,Sircilla,4435,Sardapur,సర్దాపూర్,transliterated,572446,505301,,
Telangana,Ranga Reddy,518,Maheshwaram,4544,Sardar Nagar,సర్దార్ నాగర్,transliterated,574787,501359,,
Telangana,Yadadri Bhuvanagiri,697,Ramannapet,4632,Sarinenigudem,సరినేనిగూడెం,transliterated,909760,508113,,
Telangana,Narayanpet,721,Kosgi,4551,Sarjakhanpet,సర్జాఖాన్పేట,transliterated,574951,509339,,
Telangana,Sangareddy,691,Mogudampally,6278,Sarjaraopet,సర్జారావుపేట,transliterated,573370,502318,,
Telangana,Bhadradri Kothagudem,690,Pinapaka,4725,Sarjathpalli,సర్జత్పల్లి,transliterated,578828,507117,,
Telangana,Peddapalli,682,Manthani,4401,Sarnepalle,సర్నేపల్లె,transliterated,571802,505184,,
Telangana,Kumuram Bheem Asifabad,699,Kagaznagar,4318,Sarsala,సర్సల,transliterated,569474,504296,,
Telangana,Mulugu,720,Kannaigudem,6251,Sarvai,సర్వై,transliterated,577881,506169,,
Telangana,Yadadri Bhuvanagiri,697,Narayanpur,4648,Sarvail,సర్వైల్,transliterated,577144,508253,,
Telangana,Rajanna Sircilla,683,Yellareddipet,4432,Sarvaipalle,సర్వాయిపల్లె,authoritative,572404,505305,,
Telangana,Mancherial,684,Kotapally,4351,Sarvaipet,సర్వాయిపేట,transliterated,570532,504214,,
Telangana,Jayashankar Bhupalapally,687,Palimela,6250,Sarvaipet,సర్వాయిపేట,transliterated,571888,505504,,
Telangana,Kamareddy,685,Gandhari,4382,Sarvapur,సర్వాపూర్,transliterated,571349,503187,,
Telangana,Jagitial,681,Mallial,4413,Sarvapur,సర్వాపూర్,transliterated,572066,505452,,
Telangana,Hanumakonda,686,Nadikuda,6547,Sarvapur,సర్వాపూర్,transliterated,577764,506391,,
Telangana,Mulugu,720,Mulug,4689,Sarvapuram,సర్వపురం,transliterated,578052,506352,,
Telangana,Peddapalli,682,Mutharam (Manthani),4406,Sarvaram,సర్వరమ్,transliterated,571952,505212,,
Telangana,Suryapet,696,Mothey,4640,Sarvaram,సర్వరం,transliterated,576979,508212,,
Telangana,Suryapet,696,Garidepally,4666,Sarvaram,సర్వరం,transliterated,577549,508204,,
Telangana,Bhadradri Kothagudem,690,Sujathanagar,6265,Sarvaram,సర్వరం,transliterated,579381,507120,,
Telangana,Ranga Reddy,518,Kandukur,4545,Sarvaravulapalle,సర్వరావులపల్లె,transliterated,574824,501359,,
Telangana,Karimnagar,508,Gangadhara,4422,Sarvareddipalle,సర్వారెడ్డిపల్లె,transliterated,572207,505531,,
Telangana,Nagarkurnool,694,Vangoor,4577,Sarvareddipalle,సర్వరెద్దిపల్లె,transliterated,575596,509349,,
Telangana,Yadadri Bhuvanagiri,697,Atmakur (M),4626,Sarveypally,సర్వేపల్లి,transliterated,576713,508111,,
Telangana,Warangal,522,Narsampet,4708,Sarwapur,సర్వాపూర్,transliterated,578367,506132,,
Telangana,Jogulamba Gadwal,695,Yerravalli,7517,Sasnool,సస్నూల్,authoritative,576305,509128,,
Telangana,Ranga Reddy,518,Shamshabad,4543,Satamrai (Og),శతంరాయి (ఒగ్),transliterated,574761,500052,,
Telangana,Nizamabad,516,Renjal,4357,Satapur,సతాపూర్,transliterated,570689,503235,,
Telangana,Jagitial,681,Mallapur,4394,Sataram,సతరం,transliterated,571643,505331,,
Telangana,Jogulamba Gadwal,695,Itikyala,4607,Saterla,సాతర్ల,authoritative,576311,509128,,
Telangana,Sangareddy,691,Narayankhed,4452,Sathagaon,సాథాగాన్,transliterated,572809,502286,,
Telangana,Nirmal,680,Lokeswaram,4342,Sathgaon,సథ్గాంవ్,transliterated,570275,504104,,
Telangana,Nirmal,680,Khanapur,4347,Sathnapalle,సత్నపల్లె,transliterated,570447,504203,,
Telangana,Sangareddy,691,Zahirabad,4474,Sathwar,సత్వార్,transliterated,573343,502221,,
Telangana,Rajanna Sircilla,683,Vemulawada,4430,Satrajupalle,సత్రజుపల్లె,transliterated,572354,505302,,
Telangana,Mulugu,720,Tadvai,4687,Sattaram,సత్తరం,transliterated,578009,506347,,
Telangana,Wanaparthy,693,Kothakota,4593,Satyahalli,సత్యహళ్లి,transliterated,576011,509381,,
Telangana,Nalgonda,514,Tripuraram,4662,Satyanarayanapuram,సత్యనారాయణపురం,transliterated,909883,508208,,
Telangana,Wanaparthy,693,Wanaparthy,4595,Savaigudem,సవాయిగూడెం,transliterated,576054,509106,,
Telangana,Adilabad,501,Bhoraj,7529,Savapur,సవాపూర్,transliterated,569040,504309,,
Telangana,Nirmal,680,Lokeswaram,4342,Savargaon,సవర్గాన్,transliterated,570281,504104,,
Telangana,Kamareddy,685,Jukkal,4373,Savargaon,సవర్గాన్,transliterated,571122,503305,,
Telangana,Nizamabad,516,Mendora,6237,Savel,సావెల్,transliterated,570785,503219,,
Telangana,Adilabad,501,Tamsi,4305,Sawargaon,సావర్గాన్,transliterated,568969,504002,,
Telangana,Nirmal,680,Basar,6205,Sawargaon,సావర్గాన్,transliterated,570272,504101,,
Telangana,Adilabad,501,Gadiguda,6225,Sawari,సవారి,transliterated,569214,504311,,
Telangana,Kumuram Bheem Asifabad,699,Kerameri,4313,Sawarkheda,సావర్ఖేడ,transliterated,569281,504293,,
Telangana,Kumuram Bheem Asifabad,699,Wankidi,4314,Sawathi,సవథి,transliterated,569304,504295,,
Telangana,Peddapalli,682,Dharmaram,4411,Sayampeta,సాయంపేట,transliterated,572019,505416,,
Telangana,Bhadradri Kothagudem,690,Gundala,4741,Sayanapalli,సయనపల్లి,transliterated,579404,507123,,
Telangana,Bhadradri Kothagudem,690,Dammapeta,4750,Sayannaraopalem,సయన్నరఒపాలెం,transliterated,579556,507306,,
Telangana,Nizamabad,516,Varni,4376,Sayeedpur,సయీద్పూర్,transliterated,571216,503201,,
Telangana,Ranga Reddy,518,Shamshabad,4543,Sayyed Guda,సయ్యద్ గుడ,transliterated,574753,501218,,
Telangana,Adilabad,501,Gadiguda,6225,Sedwai,సెడ్వై,transliterated,569207,504311,,
Telangana,Adilabad,501,Gudihatnoor,4310,Seetagondi,సీతగొంది,transliterated,569150,504308,,
Telangana,Kumuram Bheem Asifabad,699,Sirpur U,4326,Seetagondi,సీతగొంది,transliterated,569756,504313,,
Telangana,Nizamabad,516,Dharpally,4378,Seetaipet,సీతైపేట,transliterated,909502,503165,,
Telangana,Mahabubabad,688,Gudur,4711,Seetanagar,సీతానగర్,transliterated,578463,506134,,
Telangana,Kamareddy,685,Bichkunda,4374,Seetarampalle,సీతారాంపల్లె,transliterated,571152,503305,,
Telangana,Mancherial,684,Naspur,6226,Seetarampalle (Og),సీతరంపల్లె (ఒగ్),transliterated,570616,504302,,
Telangana,Yadadri Bhuvanagiri,697,Gundala,4618,Seetarampur,సీతారాంపూర్,transliterated,576549,508101,,
Telangana,Bhadradri Kothagudem,690,Sujathanagar,6265,Seethampeta,సీతంపేట,authoritative,579385,507120,,
Telangana,Kumuram Bheem Asifabad,699,Rebbena,4327,Seethanagar,సీతానగర్,transliterated,569801,504296,,
Telangana,Siddipet,692,Siddipet Rural,6281,Seetharampalle,సీతారాంపల్లె,transliterated,572980,502107,,
Telangana,Bhadradri Kothagudem,690,Pinapaka,4725,Seetharampuram,సీతారాంపురం,authoritative,578838,507117,,
Telangana,Bhadradri Kothagudem,690,Dummugudem,4729,Seetharampuram,సీతారాంపురం,authoritative,578988,507137,,
Telangana,Siddipet,692,Doultabad,4465,Seethrampalle,సీత్రంపల్లె,transliterated,573113,502334,,
Telangana,Narayanpet,721,Narayanpet,4570,Seranpalle,సెరన్పల్లె,transliterated,575452,509210,,
Telangana,Sangareddy,691,Hathnoora,4489,Seri Sirpura,సెరి సిర్పుర,transliterated,573784,502314,,
Telangana,Nagarkurnool,694,Charakonda,6293,Seriappareddipalle,సెరిఅప్పరెద్దిపల్లె,transliterated,575316,509360,,
Telangana,Mulugu,720,Tadvai,4687,Serigaram,సెరిగరమ్,transliterated,577987,506344,,
Telangana,Mahabubnagar,512,Balanagar,4557,Seriguda,సెరిగూడ,transliterated,575115,509202,,
Telangana,Ranga Reddy,518,Kothur,4560,Seriguda (Bhadrai Palle),సెరిగూడ (భద్రాయి పల్లె),transliterated,575225,509228,,
Telangana,Ranga Reddy,518,Farooqnagar,4559,Seriguda Madhurapur,సెరిగూడ మధురాపూర్,transliterated,575209,509202,,
Telangana,Medak,513,Havelighanapur,6270,Serikuchanpalle,సెరికుచన్పల్లె,transliterated,572908,502130,,
Telangana,Sangareddy,691,Andole,4479,Serimallareddipalle,సెరిమల్లరెద్దిపల్లె,transliterated,573499,502270,,
Telangana,Siddipet,692,Gajwel,4483,Seripalle,సేరిపల్లె,transliterated,573618,502334,,
Telangana,Jogulamba Gadwal,695,Undavelly,6299,Seripalle,సేరిపల్లె,transliterated,576428,509153,,
Telangana,Siddipet,692,Doultabad,4465,Seripalle Bandaram,సేరిపల్లె బండారం,transliterated,573106,502247,,
Telangana,Sangareddy,691,Chowtakur,7188,Seripeddareddipet,సెరిపెద్దారెడ్డిపేట,transliterated,573472,502293,,
Telangana,Nizamabad,516,Nizamabad Rural,6233,Seripur,సెరిపూర్,transliterated,570932,503230,,
Telangana,Mahabubabad,688,Garla,4743,Seripuram,సేరిపురం,transliterated,579448,507210,,
Telangana,Ranga Reddy,518,Thalakondapally,4562,Seriramakrishnapur,శేరిరామకృష్ణాపూర్,transliterated,575248,509408,,
Telangana,Sangareddy,691,Pulkal,4478,Seriramreddiguda,శేరిరాంరెడ్డిగూడ,transliterated,573487,502293,,
Telangana,Medak,513,Kulcharam,4468,Serivariguntham,సెరివరిగుంతం,transliterated,573187,502381,,
Telangana,Mahabubnagar,512,Koilkonda,4569,Serivenkatapur,సెరివెంకతపూర్,transliterated,575409,509371,,
Telangana,Bhadradri Kothagudem,690,Chandrugonda,4747,Sethaigudem,సేతాయిగూడెం,transliterated,579489,507171,,
Telangana,Suryapet,696,Chilkur,4667,Sethalathanda,సెథలథంద,transliterated,909915,508238,,
Telangana,Suryapet,696,Chilkur,4667,Setharamapuram,సేతారామపురం,transliterated,909919,508238,,
Telangana,Suryapet,696,Atmakur (S),4622,Setti Gudam,సెత్తి గుదమ్,transliterated,576634,508212,,
Telangana,Nalgonda,514,Vemulapally,4644,Settipalem,సెట్టిపాలెం,authoritative,577054,508217,,
Telangana,Ranga Reddy,518,Amangal,4563,Settipalle,శెట్టిపల్లె,authoritative,575284,509321,,
Telangana,Medak,513,Yeldurthy,4481,Settipalle Kalan,శెట్టిపల్లె కలన్,transliterated,573561,502117,,
Telangana,Bhadradri Kothagudem,690,Gundala,4741,Settypally,శెట్టిపల్లి,transliterated,579419,507124,,
Telangana,Nalgonda,514,Narketpally,4634,Sha Palle,షా పల్లె,transliterated,576883,508205,,
Telangana,Ranga Reddy,518,Shabad,4542,Shabad,షబాద్,transliterated,574715,509217,,
Telangana,Jogulamba Gadwal,695,Itikyala,4607,Shabad,శబద్,transliterated,576313,509126,,
Telangana,Rajanna Sircilla,683,Boinpalli,4429,Shabashpalle,షబాష్పల్లె,transliterated,572340,505302,,
Telangana,Medak,513,Shivampet,4487,Shabashpalle,షబాష్పల్లె,transliterated,573728,502334,,
Telangana,Kamareddy,685,Kamareddy,4390,Shabdipur,శబ్దిపూర్,transliterated,571551,503111,,
Telangana,Nalgonda,514,Gurrampode,4657,Shagazipur,షగాజీపూర్,transliterated,577346,508257,,
Telangana,Sangareddy,691,Vatpally,6291,Shahednagar @ Ghatpalle,షహేద్నగర్ @ ఘట్పల్లె,transliterated,573231,502269,,
Telangana,Jogulamba Gadwal,695,Undavelly,6299,Shahipur,షాహీపూర్,transliterated,956017,509153,,
Telangana,Ranga Reddy,518,Shamshabad,4543,Shahjadi Begum (Og),శహ్జది బెగుమ్ (ఒగ్),transliterated,573964,501218,,
Telangana,Nizamabad,516,Nandipet,4359,Shahpur,శహ్పూర్,transliterated,570742,503212,,
Telangana,Nizamabad,516,Navipet,4358,Shaikhapur,శైఖాపూర్,transliterated,570705,503245,,
Telangana,Mahabubnagar,512,Hanwada,4555,Shaikpalle,శైక్పల్లె,transliterated,575057,509334,,
Telangana,Hyderabad,507,Shaikpet,4496,Shaikpet,శైక్పెత్,transliterated,927783,500104,,
Telangana,Kamareddy,685,Mohammadnagar,7520,Shairkhanpalle,షైర్ఖాన్పల్లె,transliterated,571426,503187,,
Telangana,Sangareddy,691,Hathnoora,4489,Shairkhanpalle,షైర్ఖాన్పల్లె,transliterated,573814,502313,,
Telangana,Jagitial,681,Buggaram,6213,Shakalla,షకల్లా,transliterated,572035,505532,,
Telangana,Kumuram Bheem Asifabad,699,Asifabad,4319,Shakangondi,శకంగొంది,transliterated,569521,504293,,
Telangana,Nirmal,680,Narsapur G,6208,Shakapur,షకాపూర్,transliterated,570311,504104,,
Telangana,Vikarabad,698,Pargi,4540,Shakapur,షకాపూర్,transliterated,574634,501501,,
Telangana,Siddipet,692,Wargal,4485,Shakaram,షకారం,transliterated,573690,502279,,
Telangana,Nirmal,680,Soan,6209,Shakari,షకారి,transliterated,570360,504105,,
Telangana,Mahabubnagar,512,Addakal,4586,Shakhapur,షాకాపూర్,authoritative,575808,509382,,
Telangana,Wanaparthy,693,Pebbair,4602,Shakhapur (Y),శాఖాపూర్ (య్),transliterated,576194,509104,,
Telangana,Medak,513,Havelighanapur,6270,Shalipet,షాలిపేట,transliterated,572903,502113,,
Telangana,Jogulamba Gadwal,695,Alampur,4612,Shalipur,షాలీపూర్,transliterated,576429,509153,,
Telangana,Medchal Malkajgiri,700,Gandimaisamma Dundigal,6316,Shambipur,శంబీపూర్,transliterated,574069,500043,,
Telangana,Medchal Malkajgiri,700,Shamirpet,4520,Shamirpet,శామీర్ పేట్,authoritative,574122,500101,,
Telangana,Jangoan,689,Jangoan,4699,Shamirpet,శామీర్ పేట్,authoritative,578238,506175,,
Telangana,Adilabad,501,Utnoor,4321,Shampur,షాంపూర్,transliterated,569571,504346,,
Telangana,Adilabad,501,Bela,4308,Shamshabad,శంషాబాద్,authoritative,569087,504309,,
Telangana,Ranga Reddy,518,Shamshabad,4543,Shamshabad (Ct),షంషాబాద్ (సీటీ),transliterated,574760,501218,,
Telangana,Medchal Malkajgiri,700,Kukatpally,6327,Shamshiguda,శంశిగూడ,transliterated,931513,500085,,
Telangana,Jagitial,681,Endapalli,7539,Shanabanda,షానాబండ,transliterated,571728,505526,,
Telangana,Karimnagar,508,Ramadugu,4423,Shanagar,శనగర్,transliterated,572227,505531,,
Telangana,Wanaparthy,693,Revally,6286,Shanaipalle,షనాయిపల్లె,transliterated,576067,509206,,
Telangana,Warangal,522,Nallabelli,4692,Shanigaram,శనిగరం,transliterated,578095,506350,,
Telangana,Nizamabad,516,Varni,4376,Shankaoora,శంకౌర,transliterated,571207,503201,,
Telangana,Medak,513,Shankarampet (R),4467,Shankaraj Kondapur,శంకరాజ్ కొండాపూర్,transliterated,573170,502117,,
Telangana,Mulugu,720,Eturunagaram,4685,Shankarajpalle,శంకరజ్పల్లె,transliterated,577888,506169,,
Telangana,Medak,513,Shankarampet (A),4454,Shankarampet (A) (Ct),శంకరంపేట (అ) (సీటీ),transliterated,572862,502271,,
Telangana,Medak,513,Shankarampet (R),4467,Shankarampet (R),శంకరంపేట (ర్),transliterated,573173,502248,,
Telangana,Ranga Reddy,518,Shamshabad,4543,Shankarapur,శంకరాపూర్,transliterated,574757,501218,,
Telangana,Mahabubnagar,512,Jadcherla,4567,Shankarayapalle,శంకరయపల్లె,transliterated,575374,509301,,
Telangana,Ranga Reddy,518,Shankarpalle,4515,Shankarpalle,శంకరపల్లె,transliterated,574045,501203,,
Telangana,Vikarabad,698,Tandur,4534,Shankarreddipalle,శంకర్రెడ్డిపల్లె,transliterated,574446,501141,,
Telangana,Adilabad,501,Gudihatnoor,4310,Shantapur,శాంతాపూర్,transliterated,569166,504308,,
Telangana,Kamareddy,685,Bichkunda,4374,Shantapur,శాంతాపూర్,transliterated,571153,503305,,
Telangana,Mulugu,720,Eturunagaram,4685,Shapalle,శపల్లె,transliterated,577915,506169,,
Telangana,Jangoan,689,Zaffergadh,4696,Shapalle,షాపల్లె,transliterated,578178,506252,,
Telangana,Sangareddy,691,Nagalgidda,6280,Shapur,షాపూర్,transliterated,572746,502286,,
Telangana,Sangareddy,691,Raikode,4472,Shapur,శపూర్,transliterated,573271,502257,,
Telangana,Wanaparthy,693,Ghanpur,4585,Shapur,షాపూర్,transliterated,575783,509380,,
Telangana,Warangal,522,Sangem,4705,Shapur,షాపూర్,transliterated,578329,506310,,
Telangana,Nalgonda,514,Nampally,4654,Sharabhapur,శరభపూర్,transliterated,577281,508243,,
Telangana,Yadadri Bhuvanagiri,697,Alair,4617,Sharajpet,షరాజ్పేట,transliterated,576536,508101,,
Telangana,Sangareddy,691,Nagalgidda,6280,Shari Damargidda,షారి దామర్గిద్దా,transliterated,572739,502286,,
Telangana,Narayanpet,721,Narayanpet,4570,Shasanpally,శాసన్పల్లి,transliterated,909610,509210,,
Telangana,Jangoan,689,Palakurthy,4697,Shatapuram,శతపురం,transliterated,578190,506302,,
Telangana,Peddapalli,682,Mutharam (Manthani),4406,Shatharajpalli,శతరాజపల్లి,transliterated,571957,505153,,
Telangana,Kamareddy,685,Lingampet,4388,Shatpalle,షట్పల్లె,transliterated,571515,503124,,
Telangana,Jayashankar Bhupalapally,687,Malharrao,4405,Shatrajpalle,శత్రాజ్పల్లె,transliterated,571933,505184,,
Telangana,Hanumakonda,686,Shayampet,4691,Shayampet,షయంపేట,transliterated,578080,506319,,
Telangana,Warangal,522,Geesugonda,4707,Shayampet,షయంపేట,transliterated,578349,506330,,
Telangana,Hanumakonda,686,Khazipet,6247,Shayampet,షయంపేట,transliterated,956066,506001,,
Telangana,Sangareddy,691,Zahirabad,4474,Shekapur,షేకాపూర్,transliterated,573367,502318,,
Telangana,Kamareddy,685,Madnoor,4372,Shekhapur,శెఖపూర్,transliterated,571078,503309,,
Telangana,Sangareddy,691,Manoor,4451,Shelgera,శెల్గెర,transliterated,572753,502286,,
Telangana,Nalgonda,514,Nalgonda,4646,Sheshammagudem,శేషమ్మగూడెం,transliterated,909819,508002,,
Telangana,Kamareddy,685,Bichkunda,4374,Shetloor,షెట్లూర్,transliterated,571127,503309,,
Telangana,Nirmal,680,Mudhole,4341,Shetpalle,షెట్పల్లె,transliterated,570253,504101,,
Telangana,Nirmal,680,Pembi,6206,Shetpalle,షెట్పల్లె,transliterated,570432,504203,,
Telangana,Mancherial,684,Kotapally,4351,Shetpalle,శెత్పల్లె,transliterated,570528,504214,,
Telangana,Mancherial,684,Jaipur,4355,Shetpalle,శెత్పల్లె,transliterated,570635,504216,,
Telangana,Nizamabad,516,Morthad,4362,Shetpalle,షెట్పల్లె,transliterated,570815,503218,,
Telangana,Kamareddy,685,Lingampet,4388,Shetpalle,షెట్పల్లె,transliterated,571513,503108,,
Telangana,Kumuram Bheem Asifabad,699,Sirpur U,4326,Shettihadapnur,షెట్టిహడప్నూర్,transliterated,569766,504313,,
Telangana,Sangareddy,691,Nagalgidda,6280,Shikarkhana,షికార్ఖానా,transliterated,572744,502286,,
Telangana,Mancherial,684,Kannepally,6229,Shiknam,షిక్నం,transliterated,569829,504251,,
Telangana,Mahabubabad,688,Mahabubabad,4718,Shingaram,శింగారాం,transliterated,578594,506104,,
Telangana,Nizamabad,516,Navipet,4358,Shiranpalle,శిరన్పల్లె,transliterated,570706,503246,,
Telangana,Nalgonda,514,Chandur,4655,Shirdepally,షిర్డేపల్లి,transliterated,577295,508255,,
Telangana,Kamareddy,685,Rajampet,6241,Shivaipally,శివైపల్లి,transliterated,909512,503102,,
Telangana,Mancherial,684,Chennur,4356,Shivalingapur,శివలింగాపూర్,transliterated,570656,504201,,
Telangana,Medak,513,Shivampet,4487,Shivampet,శివంపేట,transliterated,573737,502334,,
Telangana,Nalgonda,514,Chityal,4633,Shivaneni Gudem,శివనెని గుదెమ్,transliterated,576874,508114,,
Telangana,Nirmal,680,Kubeer,4338,Shivani,శివాని,transliterated,570141,504103,,
Telangana,Kumuram Bheem Asifabad,699,Jainoor,4320,Shivanur,శివనూర్,transliterated,569551,504313,,
Telangana,Kamareddy,685,Pedda Kodapgal,6245,Shivapoor,శివపూర్,transliterated,571121,503305,,
Telangana,Yadadri Bhuvanagiri,697,B Pochampally,4630,Shivareddigudem,శివరెడ్డిగూడెం,transliterated,909746,508284,,
Telangana,Vikarabad,698,Vikarabad,4530,Shivareddipet,శివరెడ్డిపేట,transliterated,956016,501101,,
Telangana,Siddipet,692,Dubbak,4458,Shivrampur,శివరాంపూర్,transliterated,572965,502108,,
Telangana,Jangoan,689,Ghanpur (Station),4676,Shivunipalli,శివునిపల్లి,transliterated,577710,506143,,
Telangana,Mancherial,684,Jaipur,4355,Shivvaram,శివ్వరం,transliterated,570651,504216,,
Telangana,Yadadri Bhuvanagiri,697,Ramannapet,4632,Shobanadripuram,శోభనాద్రిపురం,transliterated,576847,508113,,
Telangana,Narayanpet,721,Krishna,6264,Shukurlingampalle,శుకుర్లింగంపల్లె,transliterated,575906,509352,,
Telangana,Suryapet,696,Thirumalagiri,4619,Sidda Samudram,సిద్ద సముద్రం,transliterated,576580,508223,,
Telangana,Nirmal,680,Dilawarpur,4343,Siddankunta,సిద్ధంకుంట,transliterated,570333,504105,,
Telangana,Nizamabad,516,Nandipet,4359,Siddapur,సిద్ధాపూర్,transliterated,570759,503212,,
Telangana,Nizamabad,516,Bodhan,4370,Siddapur,సిద్దపూర్,transliterated,570972,503310,,
Telangana,Nizamabad,516,Rudrur,6240,Siddapur,సిద్ధాపూర్,transliterated,571017,503207,,
Telangana,Kamareddy,685,Jukkal,4373,Siddapur,సిద్ధాపూర్,transliterated,571113,503305,,
Telangana,Nizamabad,516,Varni,4376,Siddapur,సిద్ధాపూర్,transliterated,571218,503187,,
Telangana,Kamareddy,685,Pitlam,4384,Siddapur,సిద్ధాపూర్,transliterated,571395,503310,,
Telangana,Kamareddy,685,Rajampet,6241,Siddapur,సిద్ధాపూర్,transliterated,571542,503110,,
Telangana,Sangareddy,691,Jharasangam,4476,Siddapur,సిద్ధాపూర్,transliterated,573401,502251,,
Telangana,Ranga Reddy,518,Kothur,4560,Siddapur,సిద్ధాపూర్,transliterated,575226,509228,,
Telangana,Nagarkurnool,694,Achampet,4579,Siddapur,సిద్దపూర్,transliterated,575649,509375,,
Telangana,Sangareddy,691,Sadasivpet,4490,Siddapur ( R) (Og),సిద్దపూర్ ( ర్) (ఒగ్),transliterated,573844,502291,,
Telangana,Sangareddy,691,Kohir,4475,Siddapur Pattikohir,సిద్ధాపూర్ పట్టికోహిర్,transliterated,573393,502318,,
Telangana,Jangoan,689,Jangoan,4699,Siddenki,సిద్దెంకి,transliterated,578234,506201,,
Telangana,Hanumakonda,686,Hasanparthy,4678,Siddhapoor,సిద్ధపూర్,transliterated,577742,506006,,
Telangana,Khammam,509,Sathupalli,4751,Siddharam,సిద్ధరామ్,transliterated,579572,507303,,
Telangana,Khammam,509,Madhira,4766,Siddinenigudem,సిద్దినేనిగూడెం,transliterated,579858,507201,,
Telangana,Siddipet,692,Siddipet Urban,4459,Siddipet (Ct),సిద్దిపెత్ (చ్త్),transliterated,572997,502103,,
Telangana,Siddipet,692,Siddipet Urban,4459,Siddipet Rural,సిద్దిపెత్ రురల్,transliterated,912372,502103,,
Telangana,Nirmal,680,Soan,6209,Siddulkunta (New),సిద్దుల్కుంటా (న్యూ),transliterated,570363,504105,,
Telangana,Sangareddy,691,Kangti,4450,Sidhangarga,సిధాంగర్గ,transliterated,572725,502286,,
Telangana,Vikarabad,698,Vikarabad,4530,Sidloor Mungal,సిడ్లూర్ ముంగల్,transliterated,574326,501101,,
Telangana,Vikarabad,698,Vikarabad,4530,Sidloor Paigah,సిడ్లూర్ పైగా,transliterated,574328,501101,,
Telangana,Sangareddy,691,Hathnoora,4489,Sikandarpur,సికందర్పూర్,transliterated,573793,502296,,
Telangana,Ranga Reddy,518,Gandipet,6320,Sikanderguda,సికందర్గూడ,transliterated,574240,500086,,
Telangana,Siddipet,692,Chinnakodur,4460,Sikandlapur,సికంద్లాపూర్,transliterated,573022,502267,,
Telangana,Nizamabad,516,Bheemgal,4364,Sikandrapur,సికంద్రాపూర్,transliterated,570854,503307,,
Telangana,Medak,513,Shivampet,4487,Sikindlapur,సికింద్లపూర్,transliterated,573748,502336,,
Telangana,Nizamabad,516,Jakranpally,4366,Sikindrapur,సికింద్రాపూర్,transliterated,570893,503175,,
Telangana,Jogulamba Gadwal,695,Ieeja,4606,Sindhanoor,సింధనూర్,transliterated,576294,509127,,
Telangana,Medak,513,Regode,4471,Sindole,సిందొలె,transliterated,573256,502290,,
Telangana,Bhadradri Kothagudem,690,Sujathanagar,6265,Singabhupalem,సింగభుపాలెం,transliterated,579380,507120,,
Telangana,Siddipet,692,Wargal,4485,Singaipalle,సింగైపల్లె,transliterated,573693,502279,,
Telangana,Wanaparthy,693,Yedula,7533,Singaipalle,సింగైపల్లె,transliterated,576147,509206,,
Telangana,Ranga Reddy,518,Amangal,4563,Singam Palle,సింగం పల్లె,transliterated,575291,509321,,
Telangana,Mahabubnagar,512,Midjil,4566,Singamdoddi,సింగందొద్ది,transliterated,575335,509357,,
Telangana,Nizamabad,516,Makloor,4367,Singampalle,సింగంపల్లె,transliterated,570915,503003,,
Telangana,Jayashankar Bhupalapally,687,Mutharam Mahadevpur,4404,Singampalle,సింగంపల్లె,transliterated,571913,505503,,
Telangana,Nirmal,680,Tanoor,4340,Singangam,సింగంగం,transliterated,570223,504102,,
Telangana,Adilabad,501,Bela,4308,Singapur,సింగాపూర్,transliterated,569090,504309,,
Telangana,Nirmal,680,Khanapur,4347,Singapur,సింగాపూర్,transliterated,570046,504203,,
Telangana,Karimnagar,508,Huzurabad,4446,Singapur,సింగాపూర్,transliterated,572643,505490,,
Telangana,Ranga Reddy,518,Shankarpalle,4515,Singapur,సింగాపూర్,transliterated,574044,501203,,
Telangana,Mancherial,684,Mancherial,4354,Singapur (Ct),సింగాపూర్ (సీటీ),transliterated,570615,504302,,
Telangana,Narayanpet,721,Narayanpet,4570,Singar,సింగారం,authoritative,575448,509210,,
Telangana,Narayanpet,721,Narayanpet,4570,Singar,సింగారం,authoritative,909611,509210,,
Telangana,Khammam,509,Konijerla,4761,Singaraipalem,సింగరాయిపాలెం,transliterated,579751,507165,,
Telangana,Kamareddy,685,Banswada,4383,Singaraipalle,సింగరాయిపల్లె,transliterated,571377,503187,,
Telangana,Kamareddy,685,Palwancha,7519,Singaraipally,సింగరాయిపల్లి,transliterated,571289,503144,,
Telangana,Mancherial,684,Jannaram,4334,Singaraipet,సింగరాయిపేట,transliterated,570032,504206,,
Telangana,Nalgonda,514,Gundlapally,4651,Singaraj Palle,సింగరాజ్ పల్లె,transliterated,577187,508258,,
Telangana,Jangoan,689,Devaruppula,4701,Singarajpalle,సింగరాజపల్లె,transliterated,578258,506303,,
Telangana,Hanumakonda,686,Damera,6375,Singarajupalle,సింగరాజుపల్లె,transliterated,578125,506006,,
Telangana,Jayashankar Bhupalapally,687,Mutharam Mahadevpur,4404,Singaram,సింగారం,authoritative,571919,505503,,
Telangana,Rajanna Sircilla,683,Yellareddipet,4432,Singaram,సింగారం,authoritative,572407,505305,,
Telangana,Siddipet,692,Kukunoorpally,7521,Singaram,సింగారం,authoritative,573060,502301,,
Telangana,Yadadri Bhuvanagiri,697,Rajapeta,4615,Singaram,సింగారం,authoritative,576497,508105,,
Telangana,Nalgonda,514,Munugode,4647,Singaram,సింగారం,authoritative,577121,508244,,
Telangana,Hanumakonda,686,Inavole,6249,Singaram,సింగారం,authoritative,578304,506005,,
Telangana,Hanumakonda,686,Shayampet,4691,Singaram (Dongala),సింగారం (దొంగల),transliterated,578082,506349,,
Telangana,Hanumakonda,686,Shayampet,4691,Singaram (Kothagutta),సింగరమ్ (కొథగుత్త),transliterated,578079,506319,,
Telangana,Yadadri Bhuvanagiri,697,Adda Guduru,6310,Singaram (P) Veldevi,సింగారం (ప్) వెల్దేవి,transliterated,576700,508277,,
Telangana,Yadadri Bhuvanagiri,697,Atmakur (M),4626,Singaram (Patti) Chandepally,సింగారం (పట్టి) చందేపల్లి,transliterated,576706,508111,,
Telangana,Kumuram Bheem Asifabad,699,Asifabad,4319,Singaraopet,సింగరఒపెత్,transliterated,569508,504293,,
Telangana,Suryapet,696,Penpahad,4643,Singareddy Palem,సింగారెడ్డి పాలెం,transliterated,577024,508214,,
Telangana,Khammam,509,Singareni,4744,Singareni,సింగరెని,transliterated,579455,507122,,
Telangana,Suryapet,696,Mothey,4640,Singarneni Palle,సింగర్నెని పల్లె,transliterated,576985,508212,,
Telangana,Bhadradri Kothagudem,690,Cherla,4726,Singasamudram,సింగసముద్రం,authoritative,578850,507133,,
Telangana,Siddipet,692,Gajwel,4483,Singatam,సింగతమ్,transliterated,573621,502278,,
Telangana,Nagarkurnool,694,Achampet,4579,Singavaram,బి.సింగవరం,authoritative,575647,509375,,
Telangana,Nagarkurnool,694,Pentlavelli,6292,Singavaram,బి.సింగవరం,authoritative,576329,509105,,
Telangana,Jogulamba Gadwal,695,Alampur,4612,Singavaram,బి.సింగవరం,authoritative,576447,509152,,
Telangana,Suryapet,696,Ananthagiri,6302,Singavaram,బి.సింగవరం,authoritative,577009,508206,,
Telangana,Bhadradri Kothagudem,690,Dummugudem,4729,Singavaram,బి.సింగవరం,authoritative,578997,507137,,
Telangana,Kamareddy,685,Mohammadnagar,7520,Singitham,సింగితం,transliterated,571418,503187,,
Telangana,Sangareddy,691,Raikode,4472,Singitham,సింగిథమ్,transliterated,573293,502257,,
Telangana,Sangareddy,691,Pulkal,4478,Singoor,సింగూర్,transliterated,573473,502293,,
Telangana,Nalgonda,514,Peddavoora,4659,Sirasanagandla,శిరసనగండ్ల,transliterated,577387,508266,,
Telangana,Kumuram Bheem Asifabad,699,Asifabad,4319,Sirasgaon,సిరస్గాన్,transliterated,569523,504293,,
Telangana,Rajanna Sircilla,683,Sircilla,4435,Sircilla,సిరిసిల్ల,authoritative,572450,505301,,
Telangana,Vikarabad,698,Pudur,4541,Sirgaipalle,సిర్గాయిపల్లె,transliterated,574685,501102,,
Telangana,Sangareddy,691,Sirgapoor,6279,Sirgapoor,సిర్గాపూర్,transliterated,572833,502286,,
Telangana,Nirmal,680,Dilawarpur,4343,Sirgapur,సిర్గపూర్,transliterated,570322,504306,,
Telangana,Kamareddy,685,Domakonda,4392,Siribibipet,సిరిబిబిపెత్,transliterated,571600,503125,,
Telangana,Adilabad,501,Ichoda,4322,Sirichelma,సిరిచెల్మ,transliterated,569635,504307,,
Telangana,Ranga Reddy,518,Maheshwaram,4544,Sirigiripur,సిరిగిరిపూర్,transliterated,574783,501359,,
Telangana,Adilabad,501,Sirikonda,6224,Sirikonda,సిరికొండ,authoritative,569605,504307,,
Telangana,Jagitial,681,Buggaram,6213,Sirikonda,సిరికొండ,authoritative,571707,505425,,
Telangana,Rajanna Sircilla,683,Illanthakunta,4436,Sirikonda,సిరికొండ,authoritative,572484,505405,,
Telangana,Suryapet,696,Mothey,4640,Sirikonda,సిరికొండ,authoritative,576987,508212,,
Telangana,Peddapalli,682,Manthani,4401,Siripuram,సిరిపురం,authoritative,571789,505184,,
Telangana,Yadadri Bhuvanagiri,697,Ramannapet,4632,Siripuram,సిరిపురం,authoritative,576844,508113,,
Telangana,Jangoan,689,Lingalaghanpur,4700,Siripuram,సిరిపురం,authoritative,578251,506201,,
Telangana,Khammam,509,Wyra,4764,Siripuram (K.G.),సిరిపురం (క్.గ్.),transliterated,579810,507165,,
Telangana,Khammam,509,Madhira,4766,Siripuram (Pm),సిరిపురం (పిఎం),transliterated,579852,507304,,
Telangana,Jagitial,681,Buggaram,6213,Sirivanchakota,సిరివంచకోట,transliterated,571705,505425,,
Telangana,Nizamabad,516,Sirikonda,4379,Sirkonda,సిర్కొండ,transliterated,571265,503165,,
Telangana,Jagitial,681,Kathlapur,4418,Sirkonda,సిర్కొంద,transliterated,572139,505462,,
Telangana,Nizamabad,516,Indalwai,6236,Sirnapalle,సిర్నాపల్లె,transliterated,571253,503164,,
Telangana,Nirmal,680,Kubeer,4338,Sirpalle,సిర్పల్లె,transliterated,570133,504103,,
Telangana,Nizamabad,516,Donkeshwar,7530,Sirpur,సిర్పూర్‌,authoritative,570733,503212,,
Telangana,Nizamabad,516,Mugpal,6235,Sirpur,సిర్పూర్‌,authoritative,570944,503230,,
Telangana,Kamareddy,685,Dongli,7525,Sirpur,సిర్పూర్‌,authoritative,571056,503309,,
Telangana,Jagitial,681,Mallapur,4394,Sirpur,సిర్పూర్‌,authoritative,571632,505331,,
Telangana,Vikarabad,698,Marpalle,4512,Sirpura,సిర్పురా,transliterated,573984,501202,,
Telangana,Sangareddy,691,Hathnoora,4489,Sirpuram,సిర్పురం,transliterated,573785,502314,,
Telangana,Mancherial,684,Kotapally,4351,Sirsa,సిర్సా,transliterated,570542,504201,,
Telangana,Kamareddy,685,Bichkunda,4374,Sirsamundar,సిర్సముందర్,transliterated,571130,503306,,
Telangana,Adilabad,501,Bela,4308,Sirsanna,సిర్సన్న,transliterated,569089,504309,,
Telangana,Karimnagar,508,Huzurabad,4446,Sirsapalle,సిర్సాపల్లె,transliterated,572644,505498,,
Telangana,Karimnagar,508,Huzurabad,4446,Sirsapalli,సిర్సాపల్లి,transliterated,909526,505498,,
Telangana,Karimnagar,508,Ellandakunta,6234,Sirsed,సిర్స్డ్,transliterated,572558,505122,,
Telangana,Adilabad,501,Bhoraj,7529,Sirsonna,సిర్సొన్న,transliterated,569026,504309,,
Telangana,Sangareddy,691,Raikode,4472,Sirur,సిరుర్,transliterated,573269,502257,,
Telangana,Mancherial,684,Nennel,4331,Sitanagar,సీతానగర్,transliterated,569927,504219,,
Telangana,Kamareddy,685,Domakonda,4392,Sitarampalle,సీతారాంపల్లె,transliterated,571596,503125,,
Telangana,Kamareddy,685,Domakonda,4392,Sitarampur,సీతారాంపూర్,transliterated,571588,503123,,
Telangana,Medak,513,Narsapur,4488,Sitarampur,సితరంపూర్,transliterated,573771,502313,,
Telangana,Hyderabad,507,Tirumalgiri,4499,Sitarampur,సీతారాంపూర్,transliterated,927767,500015,,
Telangana,Karimnagar,508,Kothapally,6230,Sitarampur (Og),సితరంపూర్ (ఒగ్),transliterated,572328,505001,,
Telangana,Kamareddy,685,Gandhari,4382,Sithaipalle,సితాయిపల్లె,transliterated,571350,503122,,
Telangana,Medak,513,Shankarampet (A),4454,Sivaipalle,సివాయిపల్లె,transliterated,572849,502271,,
Telangana,Medak,513,Ramayampet,4457,Sivaipalle,సివాయిపల్లె,transliterated,572946,502248,,
Telangana,Sangareddy,691,Chowtakur,7188,Sivampet,శివంపేట,transliterated,573496,502273,,
Telangana,Sangareddy,691,Jinnaram,4493,Sivanagar,శివనగర్,transliterated,573913,502319,,
Telangana,Rajanna Sircilla,683,Konaraopet,4431,Sivangalapalle,శివంగలపల్లె,transliterated,572378,505301,,
Telangana,Peddapalli,682,Eligaid,4410,Sivapalle,శివపల్లె,transliterated,572012,505525,,
Telangana,Kamareddy,685,Yellareddy,4386,Sivapur,శివాపూర్,transliterated,571472,503122,,
Telangana,Siddipet,692,Markook,6282,Sivar Venkatapur,శివార్ వెంకటాపుర్,authoritative,573660,502281,,
Telangana,Vikarabad,698,Doma,4537,Sivareddipalle,శివరెడ్డిపల్లె,transliterated,574543,501502,,
Telangana,Khammam,509,Konijerla,4761,Sivaru Venkatapuram,శివరు వెంకటాపురం,transliterated,579752,507165,,
Telangana,Nirmal,680,Soan,6209,Soan,సొఅన్,transliterated,570371,504105,,
Telangana,Adilabad,501,Sirikonda,6224,Soanpalle,సోన్పల్లె,transliterated,569607,504307,,
Telangana,Nizamabad,516,Mendora,6237,Soanpet (Ct),సోన్పేట్ (సీటీ),transliterated,570807,503219,,
Telangana,Hanumakonda,686,Velair,6252,Sodashapalli,సొదశపల్లి,transliterated,577714,506151,,
Telangana,Ranga Reddy,518,Rajendranagar,4527,Sogbowli,సోగ్బౌలీ,transliterated,574236,500048,,
Telangana,Sangareddy,691,Jinnaram,4493,Solakpalle,సోలక్పల్లె,transliterated,573911,502319,,
Telangana,Ranga Reddy,518,Shabad,4542,Solipet,సోలిపేట్,transliterated,574703,509217,,
Telangana,Suryapet,696,Suryapet,4638,Solipet,సోలిపేట్,transliterated,576945,508224,,
Telangana,Ranga Reddy,518,Farooqnagar,4559,Solipur,సోలీపూర్,authoritative,575190,509216,,
Telangana,Wanaparthy,693,Ghanpur,4585,Solipur,సోలీపూర్,authoritative,575789,509380,,
Telangana,Wanaparthy,693,Chinnambavi,6287,Solipuram,సోలిపురం,transliterated,576346,509104,,
Telangana,Nalgonda,514,Munugode,4647,Solipuram,సోలిపురం,transliterated,577131,508244,,
Telangana,Jangoan,689,Tharigoppula,6257,Solipuram,సోలిపురం,transliterated,577673,506367,,
Telangana,Khammam,509,Tirumalayapalem,4754,Solipuram,సోలిపురం,transliterated,579609,507161,,
Telangana,Hanumakonda,686,Dharmasagar,4677,Somadevarapalli,సోమదేవరపల్లి,transliterated,577719,506371,,
Telangana,Mulugu,720,Tadvai,4687,Somaigudem,సొమైగూడెం,transliterated,577985,506344,,
Telangana,Yadadri Bhuvanagiri,697,Bommalaramaram,4613,Somaji Palle,సోమాజీ పల్లె,transliterated,576454,508117,,
Telangana,Hyderabad,507,Ameerpet,4497,Somajiguda,సొమజిగూడ,transliterated,927760,500082,,
Telangana,Medak,513,Chilpched,6274,Somakkapet,సోమక్కపేట,transliterated,573542,502314,,
Telangana,Peddapalli,682,Anthergaon,6214,Somanapalli,సొమనపల్లి,transliterated,571740,505514,,
Telangana,Mancherial,684,Chennur,4356,Somanpalle,సొమంపల్లె,transliterated,570682,504201,,
Telangana,Jayashankar Bhupalapally,687,Tekumatla,6248,Somanpalle,సోమన్పల్లె,transliterated,577809,506356,,
Telangana,Jagitial,681,Jagitial Rural,6211,Somanpalli,సోమన్పల్లి,transliterated,572076,505454,,
Telangana,Kamareddy,685,Gandhari,4382,Somaram,సోమారాం,transliterated,571331,503114,,
Telangana,Kamareddy,685,Tadwai,4389,Somaram,సోమారాం,transliterated,571536,503110,,
Telangana,Karimnagar,508,V.Saidapur,4445,Somaram,సోమారాం,transliterated,572630,505490,,
Telangana,Medchal Malkajgiri,700,Medchal,4519,Somaram,సొమరమ్,transliterated,574088,501401,,
Telangana,Vikarabad,698,Dharur,4531,Somaram,సోమారాం,transliterated,574345,501121,,
Telangana,Suryapet,696,Nereducherla,4665,Somaram,సోమారాం,transliterated,577517,508218,,
Telangana,Mahabubabad,688,Thorrur,4715,Somaram,సోమారాం,transliterated,578531,506314,,
Telangana,Vikarabad,698,Bantwaram,4532,Somaram .M,సోమారాం .మ్,transliterated,574391,501106,,
Telangana,Ranga Reddy,518,Kondurg,4558,Somarampad,సోమారాంపాడ్,transliterated,575151,509410,,
Telangana,Kamareddy,685,Machareddy,4380,Somarampet,సోమారాంపేట,transliterated,571281,503144,,
Telangana,Nagarkurnool,694,Kollapur,4609,Somasila,సోమశిల,authoritative,576371,509105,,
Telangana,Khammam,509,Wyra,4764,Somavaram,సోమవరం,authoritative,579808,507165,,
Telangana,Kamareddy,685,Yellareddy,4386,Somawarpet,సొమవర్పెత్,transliterated,571455,503122,,
Telangana,Kamareddy,685,Banswada,4383,Someshwar,సోమేశ్వర్,transliterated,571368,503187,,
Telangana,Narayanpet,721,Makthal,4589,Someshwarbanda,సొమెశ్వర్బంద,transliterated,575867,509311,,
Telangana,Hanumakonda,686,Khazipet,6247,Somidi,సొమిది,transliterated,956067,506003,,
Telangana,Suryapet,696,Nuthanakal,4621,Somla Thanda,సోమ్లా తండ,transliterated,909700,508221,,
Telangana,Kamareddy,685,Madnoor,4372,Somoor,సోమూర్,transliterated,571081,503309,,
Telangana,Bhadradri Kothagudem,690,Burgampahad,4736,Sompalle,సోంపల్లె,authoritative,579342,507114,,
Telangana,Nizamabad,516,Pothangal,7534,Sompur,సోంపూర్,transliterated,571008,503185,,
Telangana,Nalgonda,514,Gattuppal,7526,Somrajguda,సొంరజ్గూడ,transliterated,577149,508245,,
Telangana,Wanaparthy,693,Atmakur,4592,Somsagar,సోమసాగర్,transliterated,575978,509131,,
Telangana,Adilabad,501,Sonala,7516,Sonala,సోనాల,transliterated,569673,504304,,
Telangana,Kamareddy,685,Madnoor,4372,Sonala,సోనాల,transliterated,571050,503309,,
Telangana,Adilabad,501,Narnoor,4312,Sonapur,సోనాపూర్,transliterated,569253,504311,,
Telangana,Kumuram Bheem Asifabad,699,Wankidi,4314,Sonapur,సోనాపూర్,transliterated,569310,504295,,
Telangana,Kumuram Bheem Asifabad,699,Tiryani,4333,Sonapur,సోనాపూర్,transliterated,569997,504297,,
Telangana,Nirmal,680,Kubeer,4338,Sonari,సోనారి,transliterated,570153,504103,,
Telangana,Vikarabad,698,Pargi,4540,Sondepur,సోందేపూర్,transliterated,574643,501501,,
Telangana,Adilabad,501,Bela,4308,Sonkhos,సోంఖోస్,transliterated,569117,504309,,
Telangana,Kamareddy,685,Pitlam,4384,Sonpet,సోన్పేట్,transliterated,571385,503310,,
Telangana,Kamareddy,685,Jukkal,4373,Sopur,సోపూర్,transliterated,571114,503305,,
Telangana,Mahabubnagar,512,Jadcherla,4567,Soudagarpalle,సౌదాగరపల్లె,transliterated,575363,509301,,
Telangana,Adilabad,501,Neradigonda,4325,Sowergaon,సోవర్గాన్,transliterated,569725,504323,,
Telangana,Nirmal,680,Kubeer,4338,Sowna,సౌనా,transliterated,570166,504103,,
Telangana,Ranga Reddy,518,Manchal,4547,Sreemanthguda,శ్రీమంతగూడ,transliterated,574878,501508,,
Telangana,Ranga Reddy,518,Maheshwaram,4544,Sreenagar,స్రీనగర్,transliterated,574788,501359,,
Telangana,Jangoan,689,Chilpur,6259,Sreepathipalli,స్రీపథిపల్లి,transliterated,577686,506145,,
Telangana,Nalgonda,514,Anumula,4660,Sreerampalle,స్రీరంపల్లె,transliterated,577427,508377,,
Telangana,Jagitial,681,Mallapur,4394,Sri Rampur,స్రి రాంపూర్,transliterated,571624,505331,,
Telangana,Rajanna Sircilla,683,Gambhiraopet,4433,Srigadha,శ్రీగాధ,transliterated,572426,505304,,
Telangana,Jangoan,689,Ragunathpally,4698,Srimannarayanapur,శ్రీమన్నారాయణపూర్,transliterated,578212,506244,,
Telangana,Nalgonda,514,Anumula,4660,Srinadhapuru,శ్రీనాధపూరు,transliterated,577419,508278,,
Telangana,Yadadri Bhuvanagiri,697,Alair,4617,Srinivasa Puram,శ్రీనివాస పురం,transliterated,576533,508105,,
Telangana,Rajanna Sircilla,683,Gambhiraopet,4433,Srinivasapuram,శ్రీనివాసపురం,authoritative,572420,505305,,
Telangana,Yadadri Bhuvanagiri,697,Thurkapally,4614,Srinivasapuram,శ్రీనివాసపురం,authoritative,576477,508115,,
Telangana,Wanaparthy,693,Wanaparthy,4595,Srinivasapuram,శ్రీనివాసపురం,authoritative,912428,509106,,
Telangana,Nizamabad,516,Bodhan,4370,Srinivasnagar,శ్రీనివాస్నగర్,transliterated,909488,503185,,
Telangana,Nagarkurnool,694,Nagarkurnool,4583,Sripuram,శ్రీపురం,authoritative,575733,509235,,
Telangana,Ranga Reddy,518,Moinabad,4528,Sriramnagar,శ్రీరాంనగర్,authoritative,574270,501504,,
Telangana,Nizamabad,516,Nandipet,4359,Srirampur,స్రిరంపూర్,transliterated,570737,503212,,
Telangana,Peddapalli,682,Srirampur,4407,Srirampur,శ్రీరాంపూర్,transliterated,571970,505153,,
Telangana,Siddipet,692,Mulug,4486,Srirampur,స్రిరంపూర్,transliterated,573703,502336,,
Telangana,Nizamabad,516,Balkonda,4361,Srirampur,శ్రీరాంపూర్,transliterated,909470,503223,,
Telangana,Karimnagar,508,Ramadugu,4423,Sriramulapalle,శ్రీరాములపల్లె,transliterated,572221,505531,,
Telangana,Siddipet,692,Koheda,4443,Sriramulapalle,స్రిరములపల్లె,transliterated,572599,505466,,
Telangana,Ranga Reddy,518,Kondurg,4558,Srirangapur,శ్రీరంగాపూర్,transliterated,575149,509410,,
Telangana,Wanaparthy,693,Srirangapur,6288,Srirangapur,శ్రీరంగాపూర్,transliterated,576200,509120,,
Telangana,Medchal Malkajgiri,700,Medchal,4519,Srirangavaram,స్రిరంగవరమ్,transliterated,574081,500043,,
Telangana,Nagarkurnool,694,Amrabad,4578,Srisailam Project Lfc,శ్రీశైలం ప్రొజెక్ట్ ఎల్ఎఫ్సీ,transliterated,912691,509326,,
Telangana,Jagitial,681,Velgatur,4398,Stambampalle,స్తంబంపల్లి,authoritative,571711,505526,,
Telangana,Warangal,522,Khila Warangal,6246,Stambampalle (Og),స్తంబంపల్లె (ఒగ్),transliterated,578158,506330,,
Telangana,Jayashankar Bhupalapally,687,Mutharam Mahadevpur,4404,Stambhampalle (P.K.),స్తంభంపల్లె (ప్.క్.),transliterated,571917,505503,,
Telangana,Jayashankar Bhupalapally,687,Mutharam Mahadevpur,4404,Stambhampalle (Pp),స్తంభంపల్లె (పీపీ),transliterated,571900,505503,,
Telangana,Rajanna Sircilla,683,Boinpalli,4429,Sthambhampalle,స్థంభంపల్లె,transliterated,572336,505302,,
Telangana,Bhadradri Kothagudem,690,Cherla,4726,Subbampeta (G),సుబ్బంపేట (గ్),transliterated,578841,507133,,
Telangana,Bhadradri Kothagudem,690,Cherla,4726,Subbampeta Pach,సుబ్బంపేట పచ్,transliterated,578840,507133,,
Telangana,Bhadradri Kothagudem,690,Dummugudem,4729,Subbaraopeta,సుబ్బారావుపేట,authoritative,578978,507137,,
Telangana,Ranga Reddy,518,Maheshwaram,4544,Subhanpur,సుభన్పూర్,transliterated,574775,509325,,
Telangana,Khammam,509,Tirumalayapalem,4754,Sublaidu,సబ్లెయిడు,transliterated,579617,507161,,
Telangana,Mancherial,684,Chennur,4356,Suddal,సుద్దల్,transliterated,570664,504204,,
Telangana,Peddapalli,682,Sulthanabad,4425,Suddala,సుద్దల,transliterated,572266,505185,,
Telangana,Rajanna Sircilla,683,Konaraopet,4431,Suddala,సుద్దల,transliterated,572382,505302,,
Telangana,Yadadri Bhuvanagiri,697,Gundala,4618,Suddala,సుద్దల,transliterated,576555,508277,,
Telangana,Ranga Reddy,518,Madgul,4564,Suddapalle,సుద్దపల్లె,authoritative,575304,509327,,
Telangana,Nizamabad,516,Dichpally,4377,Suddepalle,సుద్దేపల్లె,transliterated,571225,503175,,
Telangana,Kumuram Bheem Asifabad,699,Asifabad,4319,Suddha Ghat,శుద్ధ ఘాట్,transliterated,569530,504293,,
Telangana,Nizamabad,516,Dichpally,4377,Suddulam,సుద్దులం,transliterated,571227,503164,,
Telangana,Mulugu,720,Venkatapuram,4724,Sudibaka (Z),సుడిబాక (జ్),transliterated,578744,507136,,
Telangana,Bhadradri Kothagudem,690,Yellandu,4740,Sudimalla,సుదిమల్ల,transliterated,579401,507123,,
Telangana,Nizamabad,516,Kotagiri,4371,Sudlam,సుడ్లం,transliterated,571045,503207,,
Telangana,Bhadradri Kothagudem,690,Dummugudem,4729,Sugnanapuram,సుజ్ఞానపురం,transliterated,578949,507137,,
Telangana,Bhadradri Kothagudem,690,Sujathanagar,6265,Sujathanagar,సుజాతనగర్,transliterated,579383,507120,,
Telangana,Sangareddy,691,Kangti,4450,Sukalteerth,సుకల్తీర్థ్,transliterated,572716,502287,,
Telangana,Medak,513,Havelighanapur,6270,Suklapet,శుక్లాపేట,transliterated,572901,502113,,
Telangana,Peddapalli,682,Mutharam (Manthani),4406,Sukravarampeta,శుక్రవారంపేట,transliterated,571950,505212,,
Telangana,Hyderabad,507,Bandlaguda,4509,Sultan Bagh,సుల్తన్ బఘ్,transliterated,927806,500068,,
Telangana,Peddapalli,682,Sulthanabad,4425,Sultanabad,సుల్తానాబాద్,authoritative,572259,505185,,
Telangana,Ranga Reddy,518,Shamshabad,4543,Sultanpalle,సుల్తంపల్లె,transliterated,574725,501218,,
Telangana,Kamareddy,685,Madnoor,4372,Sultanpet,సుల్తంపెత్,transliterated,571076,503309,,
Telangana,Kamareddy,685,Birkur,4375,Sultanpur,సుల్తాన్పూర్,transliterated,571190,503301,,
Telangana,Peddapalli,682,Eligaid,4410,Sultanpur,సుల్తాన్పూర్,transliterated,572010,505525,,
Telangana,Sangareddy,691,Chowtakur,7188,Sultanpur,సుల్తాన్పూర్,transliterated,573488,502273,,
Telangana,Sangareddy,691,Ameenpur,6276,Sultanpur,సుల్తాన్పూర్,transliterated,573930,502319,,
Telangana,Vikarabad,698,Bantwaram,4532,Sultanpur,సుల్తాన్పూర్,transliterated,574388,501106,,
Telangana,Ranga Reddy,518,Yacharam,4548,Sultanpur,సుల్తాన్పూర్,transliterated,574896,501509,,
Telangana,Vikarabad,698,Doulathabad,4552,Sultanpur,సుల్తాన్పూర్,transliterated,574987,509336,,
Telangana,Jogulamba Gadwal,695,Alampur,4612,Sultanpur,సుల్తాన్పూర్,transliterated,576449,509152,,
Telangana,Jayashankar Bhupalapally,687,Kothapallygori,7531,Sultanpur,సుల్తంపూర్,transliterated,578069,506348,,
Telangana,Vikarabad,698,Pargi,4540,Sulthanpur,సుల్తాన్పురం,authoritative,574646,501501,,
Telangana,Nalgonda,514,Gurrampode,4657,Sulthanpur,సుల్తాన్పురం,authoritative,577344,508257,,
Telangana,Karimnagar,508,Chigurumamidi,4442,Sundaragiri,సుందరగిరి,transliterated,572584,505467,,
Telangana,Jayashankar Bhupalapally,687,Kataram,4402,Sunderajpet,సుందరాజపేట,transliterated,571843,505503,,
Telangana,Mancherial,684,Chennur,4356,Sundersala,సుందర్శల,transliterated,570677,504201,,
Telangana,Peddapalli,682,Ramagiri,6216,Sundilla (Og),సుందిళ్ళ (ఒగ్),transliterated,571782,505209,,
Telangana,Adilabad,501,Narnoor,4312,Sungapur,సుంగాపూర్,transliterated,569232,504311,,
Telangana,Nizamabad,516,Morthad,4362,Sunkat,సుంకత్,transliterated,570821,503225,,
Telangana,Adilabad,501,Talamadugu,4309,Sunkidi,సుంకిడి,transliterated,569125,504312,,
Telangana,Adilabad,501,Sirikonda,6224,Sunkidi,సుంకిడి,transliterated,569604,504307,,
Telangana,Nizamabad,516,Pothangal,7534,Sunkini,సుంకిని,transliterated,571007,503207,,
Telangana,Nalgonda,514,Nampally,4654,Sunkishala,సుంకిషాల,transliterated,577285,508243,,
Telangana,Nalgonda,514,Peddavoora,4659,Sunkishala,సుంకిషాల,transliterated,577400,508377,,
Telangana,Nirmal,680,Bhainsa,4339,Sunkli,సుంక్లి,transliterated,570178,504109,,
Telangana,Bhadradri Kothagudem,690,Pinapaka,4725,Sunnamvarigudem,సున్నంవారిగూడెం,transliterated,578825,507117,,
Telangana,Suryapet,696,Palakeedu,6301,Sunya Pahad,సున్య పహాడ్,transliterated,577534,508355,,
Telangana,Mancherial,684,Kotapally,4351,Supak,సుపక్,transliterated,570537,504214,,
Telangana,Adilabad,501,Boath,4324,Suradapur,సురదాపూర్,transliterated,569702,504304,,
Telangana,Vikarabad,698,Doulathabad,4552,Suraipalle,సూరైపల్లె,transliterated,574977,509350,,
Telangana,Wanaparthy,693,Ghanpur,4585,Suraipalle,సూరైపల్లె,transliterated,575787,509380,,
Telangana,Siddipet,692,Doultabad,4465,Surampalle,సూరంపల్లె,transliterated,573101,502247,,
Telangana,Jagitial,681,Kodimial,4420,Surampeta,సూరమ్మపేట,authoritative,572170,505501,,
Telangana,Ranga Reddy,518,Moinabad,4528,Surangal,సురంగల్,transliterated,574272,501504,,
Telangana,Nagarkurnool,694,Lingal,4598,Surapur,సూరాపూర్,transliterated,576112,509401,,
Telangana,Mancherial,684,Vemanpally,4330,Suraram,సూరారం,authoritative,569892,504219,,
Telangana,Jagitial,681,Endapalli,7539,Suraram,సూరారం,authoritative,571734,505327,,
Telangana,Jayashankar Bhupalapally,687,Mahadevpur,4403,Suraram,సూరారం,authoritative,571877,505504,,
Telangana,Hanumakonda,686,Elkathurthy,4449,Suraram,సూరారం,authoritative,572691,505476,,
Telangana,Yadadri Bhuvanagiri,697,Ramannapet,4632,Suraram,సూరారం,authoritative,576859,508113,,
Telangana,Nalgonda,514,Nalgonda,4646,Suraram,సూరారం,authoritative,577067,508247,,
Telangana,Jangoan,689,Zaffergadh,4696,Suraram,సూరారం,authoritative,578177,506316,,
Telangana,Bhadradri Kothagudem,690,Palvoncha,4737,Suraram,సూరారం,authoritative,579359,507115,,
Telangana,Nizamabad,516,Armoor,4360,Surbiriyal,సర్బిరియల్,transliterated,570767,503217,,
Telangana,Khammam,509,Nelakondapalli,4759,Surdeypally,సుర్దేపల్లి,transliterated,579721,507160,,
Telangana,Kumuram Bheem Asifabad,699,Kerameri,4313,Surdhapur,సుర్ధాపూర్,transliterated,569280,504293,,
Telangana,Nalgonda,514,Nidmanoor,4661,Surepalle,సూరేపల్లి,authoritative,577450,508278,,
Telangana,Warangal,522,Nekkonda,4713,Suripalle,సూరిపల్లె,transliterated,578491,506122,,
Telangana,Nirmal,680,Khanapur,4347,Surjapur,సూర్జాపూర్,transliterated,570456,504203,,
Telangana,Nirmal,680,Basar,6205,Surli,సుర్లి,transliterated,570270,504101,,
Telangana,Ranga Reddy,518,Abdullapurmet,6319,Surmaiguda,సుర్మైగూడ,authoritative,574193,501512,,
Telangana,Vikarabad,698,Vikarabad,4530,Surpanpalle,సూర్పన్పల్లె,transliterated,574376,501101,,
Telangana,Nirmal,680,Kuntala,4337,Suryapur,సూర్యపూర్,transliterated,570104,504109,,
Telangana,Ranga Reddy,518,Farooqnagar,4559,Suryaraoguda,సూర్యరావుగూడ,transliterated,575185,509216,,
Telangana,Medak,513,Ramayampet,4457,Sutarpalle,సుతార్పల్లె,transliterated,572945,502102,,
Telangana,Medchal Malkajgiri,700,Medchal,4519,Suthariguda,సుతారిగూడ,transliterated,574102,501401,,
Telangana,Khammam,509,Mudigonda,4758,Suvarnapuram,సువర్ణపురం,authoritative,579693,507158,,
Telangana,Yadadri Bhuvanagiri,697,Choutuppal,4631,Swamulavari Lingotam,స్వాములవారి లింగోటం,transliterated,576836,508252,,
Telangana,Nalgonda,514,Nampally,4654,Swamulavari Lingotam,స్వములవరి లింగొతమ్,transliterated,577261,508373,,
Telangana,Jogulamba Gadwal,695,Maldakal,4604,Syasampalle,స్యాసంపల్లె,transliterated,576253,509127,,
Telangana,Vikarabad,698,Mominpet,4513,Syedalipur,స్యేదాలీపూర్,transliterated,574009,501202,,
Telangana,Vikarabad,698,Pargi,4540,Syedmalkapur,స్యాద్మల్కాపూర్,transliterated,574649,501501,,
Telangana,Vikarabad,698,Pargi,4540,Syedpalle,సైద్పల్లె,transliterated,574660,501501,,
Telangana,Yadadri Bhuvanagiri,697,Atmakur (M),4626,T Repaka,ట్ రేపక,transliterated,909719,508111,,
Telangana,Nalgonda,514,Gundlapally,4651,T.Gowararam,ట్.గోవారారం,transliterated,577196,508258,,
Telangana,Sangareddy,691,Andole,4479,Tadamanoor,తడమనూర్,transliterated,573513,502270,,
Telangana,Nizamabad,516,Renjal,4357,Tadbiloli,తద్బిలోలి,transliterated,570691,503245,,
Telangana,Sangareddy,691,Chowtakur,7188,Taddanpalle,తద్దన్పల్లె,transliterated,573493,502273,,
Telangana,Jayashankar Bhupalapally,687,Malharrao,4405,Tadicherla,తాడిచెర్ల,transliterated,571931,505184,,
Telangana,Adilabad,501,Narnoor,4312,Tadihadapnur,తడిహడప్నూర్,transliterated,569251,504311,,
Telangana,Mahabubnagar,512,Bhoothpur,4574,Tadikonda,తాడికొండ,authoritative,575551,509382,,
Telangana,Sangareddy,691,Kangti,4450,Tadkal,తడ్కల్,transliterated,572708,502287,,
Telangana,Kamareddy,685,Machareddy,4380,Tadkapalle,తడ్కపల్లె,transliterated,571282,503144,,
Telangana,Siddipet,692,Siddipet Urban,4459,Tadkapalle,తడ్కపల్లె,transliterated,572988,502114,,
Telangana,Kamareddy,685,Banswada,4383,Tadkole,తడ్కోలే,transliterated,571381,503187,,
Telangana,Nizamabad,516,Yergatla,6239,Tadla Rampur,తడ్ల రాంపూర్,transliterated,570811,503308,,
Telangana,Ranga Reddy,518,Ibrahimpatnam,4546,Tadlakalva,తడ్లకాల్వ,transliterated,574848,501506,,
Telangana,Sangareddy,691,Sangareddy,4492,Tadlapalle,తడ్లపల్లె,transliterated,573872,502294,,
Telangana,Ranga Reddy,518,Shabad,4542,Tadlapalle,తద్లపల్లె,transliterated,574699,509217,,
Telangana,Siddipet,692,Cherial,4672,Tadoor,తాడూరు,authoritative,577605,506355,,
Telangana,Nizamabad,516,Yergatla,6239,Tadpakal,తాడ్పాకల్,transliterated,570808,503308,,
Telangana,Mahabubnagar,512,Bhoothpur,4574,Tadparthy,తాడ్పర్తి,authoritative,575544,509302,,
Telangana,Suryapet,696,Munagala,4642,Tadvai,తద్వై,transliterated,577012,508233,,
Telangana,Mulugu,720,Tadvai,4687,Tadvai,తద్వై,transliterated,577979,506344,,
Telangana,Kamareddy,685,Tadwai,4389,Tadwai,తద్వాయి,transliterated,571527,503120,,
Telangana,Jayashankar Bhupalapally,687,Malharrao,4405,Tadwai,తద్వాయి,transliterated,571936,506168,,
Telangana,Nizamabad,516,Saloora,7532,Taggelli,తగ్గెల్లి,transliterated,570981,503185,,
Telangana,Nizamabad,516,Varni,4376,Taglepalle,టాగ్లేపల్లె,transliterated,571211,503188,,
Telangana,Karimnagar,508,Karimnagar,6231,Taharakondapur,తహరకొందపూర్,transliterated,572313,505001,,
Telangana,Hanumakonda,686,Shayampet,4691,Taharapur,తహరపూర్,transliterated,578077,506319,,
Telangana,Sangareddy,691,Hathnoora,4489,Taherkhanpet,తాహెర్ఖాన్పేట,transliterated,573801,502296,,
Telangana,Bhadradri Kothagudem,690,Dummugudem,4729,Tailorpeta,టెయిలర్పేట,transliterated,578955,507137,,
Telangana,Yadadri Bhuvanagiri,697,Bhongir,4628,Tajpuram,తాజ్పురం,transliterated,576751,508117,,
Telangana,Kumuram Bheem Asifabad,699,Rebbena,4327,Takkallapalle,తక్కళ్లపల్లె,transliterated,569798,504292,,
Telangana,Khammam,509,Yerrupalem,4767,Takkellapadu,తక్కెలపాడు,authoritative,579882,507201,,
Telangana,Adilabad,501,Adilabad Rural,6221,Takli,తక్లి,transliterated,568988,504309,,
Telangana,Adilabad,501,Bela,4308,Takli,తక్లి,transliterated,569091,504309,,
Telangana,Nirmal,680,Bhainsa,4339,Takli,తక్లి,transliterated,570169,504103,,
Telangana,Nizamabad,516,Pothangal,7534,Takli,తక్లి,transliterated,571009,503185,,
Telangana,Ranga Reddy,518,Kadthal,6324,Takrajguda,తక్రాజ్గూడ,transliterated,575253,509358,,
Telangana,Hyderabad,507,Charminar,4510,Talabchanchalam,తలబ్చంచలమ్,transliterated,927822,500012,,
Telangana,Kumuram Bheem Asifabad,699,Bejjur,4317,Talai,తలై,transliterated,569436,504299,,
Telangana,Ranga Reddy,518,Thalakondapally,4562,Talakondapalle,తలకొండపల్లె,transliterated,575263,509321,,
Telangana,Adilabad,501,Ichoda,4322,Talamadri,తలమాద్రి,transliterated,569609,504307,,
Telangana,Adilabad,501,Talamadugu,4309,Talamadugu,తలమడుగు,transliterated,569131,504312,,
Telangana,Mancherial,684,Luxettipet,4353,Talamalla,తాలమళ్ల,authoritative,570572,504215,,
Telangana,Khammam,509,Tirumalayapalem,4754,Talla Cheruvu,తల్ల చెరువు,transliterated,579621,507163,,
Telangana,Suryapet,696,Nuthanakal,4621,Talla Singaram,తల్ల సింగారం,transliterated,576614,508221,,
Telangana,Khammam,509,Thallada,4762,Tallada,తల్లాడ,authoritative,579774,507167,,
Telangana,Jayashankar Bhupalapally,687,Mahadevpur,4403,Tallagadda,తల్లగద్ద,transliterated,571849,505504,,
Telangana,Yadadri Bhuvanagiri,697,Yadagirigutta,4616,Tallagudem,తాళ్లగూడెం,authoritative,909955,508286,,
Telangana,Suryapet,696,Garidepally,4666,Tallamalkapuram,తల్లమల్కపురం,transliterated,577546,508201,,
Telangana,Khammam,509,Khammam (Rural),4756,Tallampadu,తల్లంపాడు,authoritative,579667,507170,,
Telangana,Mahabubabad,688,Maripeda,4720,Tallaookal,తల్లఊకల్,transliterated,578633,506315,,
Telangana,Khammam,509,Penuballi,4752,Tallapenta,తల్లపెంట,transliterated,579574,507209,,
Telangana,Mancherial,684,Dandepally,4348,Tallapet,తల్లపేట,transliterated,570462,504206,,
Telangana,Ranga Reddy,518,Chevella,4529,Tallaram,తల్లారాం,transliterated,574285,501503,,
Telangana,Mahabubabad,688,Seerole,7518,Tallasankeesa,తల్లసంకేశ,transliterated,578664,506105,,
Telangana,Yadadri Bhuvanagiri,697,Choutuppal,4631,Tallasingaram,తల్లసింగారం,transliterated,576837,508252,,
Telangana,Nalgonda,514,Chityal,4633,Tallavellamla,తల్లవెల్లంల,transliterated,576871,508244,,
Telangana,Khammam,509,Kalluru,4763,Talluru,తాల్లూరు,authoritative,579790,507209,,
Telangana,Kamareddy,685,Rajampet,6241,Talmadla,తాల్మడ్ల,transliterated,571568,503102,,
Telangana,Kumuram Bheem Asifabad,699,Koutala,4316,Talodi,తలొది,transliterated,569381,504299,,
Telangana,Nirmal,680,Nirmal Rural,6210,Talveda,తల్వేద,transliterated,570346,504306,,
Telangana,Nizamabad,516,Nandipet,4359,Talveda,తల్వేద,transliterated,570746,503212,,
Telangana,Sangareddy,691,Zahirabad,4474,Tamadpalle (Og),తమద్పల్లె (ఒగ్),transliterated,573375,502318,,
Telangana,Nalgonda,514,Marriguda,4649,Tammad Palle,తమ్మద్ పల్లె,transliterated,577157,508245,,
Telangana,Nalgonda,514,Peddavoora,4659,Tammadapalle,తమ్మడపల్లె,transliterated,577386,508266,,
Telangana,Jangoan,689,Bachannapet,4674,Tammadapalle,తమ్మడపల్లె,transliterated,577666,506221,,
Telangana,Suryapet,696,Kodad,4668,Tammara Bandapalem,తమ్మారా బండపాలెం,transliterated,577562,508206,,
Telangana,Medak,513,Tekmal,4469,Tamploor,టాంప్లూర్,transliterated,573211,502302,,
Telangana,Adilabad,501,Tamsi,4305,Tamsi (B),తంసి (బ్),transliterated,568972,504312,,
Telangana,Jogulamba Gadwal,695,Waddepally,4610,Tanagala,తనగల,authoritative,576375,509135,,
Telangana,Adilabad,501,Utnoor,4321,Tandra,తండ్రా,transliterated,569577,504346,,
Telangana,Nirmal,680,Sarangapur,4336,Tandra,తంద్ర,transliterated,570087,504110,,
Telangana,Nirmal,680,Mamada,4346,Tandra,తండ్రా,transliterated,570395,504310,,
Telangana,Nagarkurnool,694,Kalwakurthy,4576,Tandra,తండ్రా,transliterated,575325,509324,,
Telangana,Mancherial,684,Tandur,4332,Tandur,తాండూరు,authoritative,569963,504272,,
Telangana,Kamareddy,685,Nagireddypet,4387,Tandur,తాండూరు,authoritative,571486,503108,,
Telangana,Nagarkurnool,694,Achampet,4579,Tangapur (Ct),తంగాపూర్ (సీటీ),transliterated,575654,509375,,
Telangana,Ranga Reddy,518,Chevella,4529,Tangedapalle,తంగెడపల్లె,transliterated,574284,501503,,
Telangana,Ranga Reddy,518,Kondurg,4558,Tangellapalle,తంగెళ్లపల్లె,transliterated,575153,509207,,
Telangana,Ranga Reddy,518,Shankarpalle,4515,Tangutoor,టంగుటూరు,authoritative,574059,501203,,
Telangana,Mulugu,720,Venkatapuram,4724,Taniparthy [G],తనిపర్థ్య్ [గ్],transliterated,578805,507136,,
Telangana,Mahabubnagar,512,Hanwada,4555,Tankara,తంకర,transliterated,575068,509334,,
Telangana,Nirmal,680,Tanoor,4340,Tanoor,తనూర్,transliterated,570226,504102,,
Telangana,Adilabad,501,Adilabad Rural,6221,Tantoli,టాంటోలి,transliterated,568997,504002,,
Telangana,Siddipet,692,Komuravelli,6284,Tapaspalle,తపస్పల్లె,transliterated,577618,506355,,
Telangana,Adilabad,501,Bhoraj,7529,Tarada (Buzurg),తరద (బుజుర్గ్),transliterated,569042,504309,,
Telangana,Nirmal,680,Khanapur,4347,Tarlapad,తర్లపాడ్,transliterated,570446,504203,,
Telangana,Adilabad,501,Neradigonda,4325,Tarnam (Buzurg),తర్నం (బుజుర్గ్),transliterated,569719,504323,,
Telangana,Nirmal,680,Mudhole,4341,Taroda,తరోడా,transliterated,570236,504102,,
Telangana,Adilabad,501,Adilabad Rural,6221,Taroda (Srimath),తరోడా (శ్రీమత్),transliterated,568980,504309,,
Telangana,Kumuram Bheem Asifabad,699,Koutala,4316,Tatipalle,తతిపల్లె,transliterated,569369,504299,,
Telangana,Sangareddy,691,Munipally,4477,Tatipalle,తాటిపల్లె,transliterated,573444,502345,,
Telangana,Khammam,509,Wyra,4764,Tatipudi,తాటిపూడి,authoritative,579816,507165,,
Telangana,Jagitial,681,Raikal,4395,Tatlavai,తట్లవై,transliterated,571647,505460,,
Telangana,Medak,513,Regode,4471,Tatpalle,తత్పల్లె,transliterated,573257,502290,,
Telangana,Vikarabad,698,Peddemul,4533,Tattapalle,తట్టపల్లె,transliterated,574408,501142,,
Telangana,Ranga Reddy,518,Hayathnagar,4525,Tatti Annaram (Og),తట్టి అన్నారం (ఒగ్),transliterated,574205,500068,,
Telangana,Ranga Reddy,518,Hayathnagar,4525,Tatti Khana (Og),తట్టి ఖానా (ఒగ్),transliterated,574206,500068,,
Telangana,Ranga Reddy,518,Ibrahimpatnam,4546,Tattikhana,తట్టిఖానా,transliterated,574841,501506,,
Telangana,Mahabubnagar,512,Nawabpet,4556,Teegalapalle,తీగలపల్లె,transliterated,575092,509340,,
Telangana,Nagarkurnool,694,Kodair,4600,Teegalapalle,తీగలపల్లె,transliterated,576152,509102,,
Telangana,Hyderabad,507,Saidabad,4511,Teegalguda,తీగల్గూడ,transliterated,927796,500036,,
Telangana,Mancherial,684,Naspur,6226,Teegalpahad,తీగల్పహాడ్,transliterated,909462,504302,,
Telangana,Mulugu,720,Eturunagaram,4685,Teegalvai,తీగల్వై,transliterated,577913,506165,,
Telangana,Mahabubabad,688,Gudur,4711,Teegalveni,తీగల్వేని,transliterated,578471,506112,,
Telangana,Siddipet,692,Jagdevpur,4484,Teegul,తీగుల్,transliterated,573655,502311,,
Telangana,Siddipet,692,Jagdevpur,4484,Teegul Narsapur,తీగుల్ నర్సాపూర్,transliterated,573647,502301,,
Telangana,Narayanpet,721,Marikal,6263,Teelair,టీలైర్,transliterated,575509,509351,,
Telangana,Kumuram Bheem Asifabad,699,Dahegoan,4329,Teepergaon,తీపెర్గాంవ్,transliterated,569878,504296,,
Telangana,Bhadradri Kothagudem,690,Cherla,4726,Tegada (G),తెగడ (గ్),transliterated,578894,507140,,
Telangana,Adilabad,501,Gudihatnoor,4310,Tejapur,తేజాపూర్,transliterated,569168,504308,,
Telangana,Adilabad,501,Inderavelly,4311,Tejapur,తేజాపూర్,transliterated,569192,504346,,
Telangana,Kumuram Bheem Asifabad,699,Wankidi,4314,Tejapur,తేజాపూర్,transliterated,569330,504295,,
Telangana,Adilabad,501,Neradigonda,4325,Tejapur,తేజాపూర్,transliterated,569716,504323,,
Telangana,Adilabad,501,Utnoor,4321,Tejapur - J,తేజాపూర్ - జ్,transliterated,569589,504311,,
Telangana,Medak,513,Tekmal,4469,Tekmal,టేక్మల్,authoritative,573210,502302,,
Telangana,Kamareddy,685,Kamareddy,4390,Tekriyal,టెక్రియల్,transliterated,571543,503111,,
Telangana,Bhadradri Kothagudem,690,Burgampahad,4736,Tekula,టేకుల,transliterated,579338,507114,,
Telangana,Yadadri Bhuvanagiri,697,Valigonda,4627,Tekula Somaram,టేకుల సోమారాం,transliterated,576723,508285,,
Telangana,Mulugu,720,Wajedu,4723,Tekulagudem Chalk-Ii,టేకులగూడెం చాల్క్-ఐఐ,transliterated,578682,507136,,
Telangana,Mulugu,720,Wajedu,4723,Tekulagudem- Chalk- I,టేకులగూడెం- చాల్క్- ఇ,transliterated,578680,507136,,
Telangana,Vikarabad,698,Mominpet,4513,Tekulapalle,టేకులపల్లె,transliterated,574003,501202,,
Telangana,Ranga Reddy,518,Kondurg,4558,Tekulapalle,టేకులపల్లె,transliterated,575145,509207,,
Telangana,Nirmal,680,Narsapur G,6208,Tekulpahad,తెకుల్పహద్,transliterated,570107,504104,,
Telangana,Narayanpet,721,Makthal,4589,Tekulpalle,టేకుల్పల్లె,transliterated,575878,509353,,
Telangana,Mancherial,684,Jaipur,4355,Tekumatla,టేకుమట్ల,transliterated,570634,504216,,
Telangana,Jayashankar Bhupalapally,687,Tekumatla,6248,Tekumatta,తెకుమత్త,transliterated,577806,506356,,
Telangana,Sangareddy,691,Nyalkal,4473,Tekur,తెకుర్,transliterated,573326,502251,,
Telangana,Karimnagar,508,Ellandakunta,6234,Tekurthy,తెకుర్థ్య్,transliterated,572556,505475,,
Telangana,Kamareddy,685,Mohammadnagar,7520,Telagapoor,తెలగాపూర్,transliterated,571414,503187,,
Telangana,Khammam,509,Kalluru,4763,Telagaram,తెలగరం,transliterated,579792,507209,,
Telangana,Nalgonda,514,Chandampeta,4652,Teldevarapally,తెల్దేవరపల్లి,transliterated,577222,508248,,
Telangana,Sangareddy,691,Andole,4479,Telelma,టెలెల్మా,transliterated,573498,502270,,
Telangana,Khammam,509,Penuballi,4752,Telgaram,తెల్గారం,transliterated,579592,507209,,
Telangana,Nagarkurnool,694,Telkapally,4581,Telkapalle,తెల్కపల్లె,transliterated,575683,509385,,
Telangana,Suryapet,696,Nadigudem,4641,Tellabali,తెల్లబలి,transliterated,577007,508233,,
Telangana,Kumuram Bheem Asifabad,699,Penchicalpet,6313,Tellapally (D),తెల్లపల్లి (డ్),transliterated,569437,504296,,
Telangana,Sangareddy,691,Ramchandrapuram,4495,Tellapur (Og),తెల్లాపూర్ (ఒగ్),transliterated,573966,502032,,
Telangana,Nalgonda,514,Devarakonda,4653,Telugupally,తెలుగుపల్లి,transliterated,909847,508248,,
Telangana,Nalgonda,514,Kanagal,4656,Telukantigudem,తెలుకంటిగూడెం,transliterated,909854,508004,,
Telangana,Peddapalli,682,Julapalli,4409,Telukunta,తెలుకుంట,transliterated,572005,505525,,
Telangana,Peddapalli,682,Julapalli,4409,Telukunta,తెలుకుంట,transliterated,909521,505525,,
Telangana,Adilabad,501,Bazarhatnoor,4323,Tembi,టెంబి,transliterated,569652,504307,,
Telangana,Nirmal,680,Narsapur G,6208,Temborni,టెంబోర్ని,transliterated,570316,504306,,
Telangana,Kumuram Bheem Asifabad,699,Asifabad,4319,Temrianmovad,తెంరిఅంమొవద్,transliterated,569528,504293,,
Telangana,Nalgonda,514,Gurrampode,4657,Tenepalle,తెనెపల్లె,transliterated,577342,508256,,
Telangana,Nalgonda,514,Peddavoora,4659,Teppalamadugu,తెప్పలమడుగు,transliterated,577389,508266,,
Telangana,Khammam,509,Madhira,4766,Terlapadu,తెర్లపాడు,transliterated,579871,507201,,
Telangana,Rajanna Sircilla,683,Mustabad,4434,Terlumaddi,తెర్లుమద్ది,transliterated,572437,505404,,
Telangana,Sangareddy,691,Kondapur,4491,Terpole,టెర్పోల్,transliterated,573860,502295,,
Telangana,Yadadri Bhuvanagiri,697,Motakonduru,6309,Teryala,తెర్యాల,transliterated,576556,508111,,
Telangana,Khammam,509,Tirumalayapalem,4754,Tettelapadu,తెట్టెలపాడు,transliterated,579622,507183,,
Telangana,Rajanna Sircilla,683,Boinpalli,4429,Thadagonda,తడగొండ,transliterated,572333,505524,,
Telangana,Kamareddy,685,Madnoor,4372,Thadi Hipperga,థది హిప్పెర్గ,transliterated,571051,503309,,
Telangana,Karimnagar,508,Shankarapatnam,4441,Thadikal,తడికల్,transliterated,572570,505474,,
Telangana,Wanaparthy,693,Gopalpeta,4596,Thadparthy,తాడ్పర్తి,transliterated,576061,509206,,
Telangana,Rajanna Sircilla,683,Thangallapalli,6217,Thadur,తాదూర్,transliterated,572453,505405,,
Telangana,Sangareddy,691,Munipally,4477,Thakkadpalle,థక్కద్పల్లె,transliterated,573447,502345,,
Telangana,Nalgonda,514,Chinthapally,4650,Thakkalapally,తక్కలపల్లి,transliterated,909840,508250,,
Telangana,Jagitial,681,Mallial,4413,Thakkallapalle,థక్కల్లపల్లె,transliterated,572064,505452,,
Telangana,Jagitial,681,Jagitial Rural,6211,Thakkallapalle,తక్కళ్లపల్లె,transliterated,572074,505454,,
Telangana,Jagitial,681,Kathlapur,4418,Thakkallapalle,థక్కల్లపల్లె,transliterated,572140,505462,,
Telangana,Jogulamba Gadwal,695,Undavelly,6299,Thakkasila,తక్కసిల,transliterated,576425,509153,,
Telangana,Ranga Reddy,518,Yacharam,4548,Thakkellapalle,తక్కెళ్లపల్లె,transliterated,574893,501509,,
Telangana,Suryapet,696,Suryapet,4638,Thalla Khammampahad,తల్ల ఖమ్మంపహాడ్,transliterated,576960,508214,,
Telangana,Jagitial,681,Beerpur,6212,Thalladharmaram,తల్లధర్మారాం,transliterated,571667,505454,,
Telangana,Nizamabad,516,Bheemgal,4364,Thallapalle,తల్లపల్లె,transliterated,570865,503307,,
Telangana,Rajanna Sircilla,683,Illanthakunta,4436,Thallapalli,తల్లపల్లి,transliterated,572476,505530,,
Telangana,Ranga Reddy,518,Manchal,4547,Thallapalliguda,తల్లపల్లిగూడ,transliterated,574859,501508,,
Telangana,Nagarkurnool,694,Telkapally,4581,Thallapally,థల్లపల్లి,transliterated,909644,509385,,
Telangana,Wanaparthy,693,Revally,6286,Thalpunur,తల్పునూర్,transliterated,576065,509235,,
Telangana,Jangoan,689,Zaffergadh,4696,Thamadapalle (I) Ippagudem,తమడపల్లె (ఇ) ఇప్పగూడెం,transliterated,578170,506143,,
Telangana,Jangoan,689,Zaffergadh,4696,Thammadapalle (G) Guduru,తమ్మడపల్లె (గ్) గుడూరు,transliterated,578179,506316,,
Telangana,Suryapet,696,Chinthalapalem,6303,Thammaram,తమ్మారం,transliterated,577599,508246,,
Telangana,Nirmal,680,Nirmal Rural,6210,Thamsa,థంసా,transliterated,570350,504106,,
Telangana,Nizamabad,516,Mugpal,6235,Thana Khurd,థన ఖుర్ద్,transliterated,570937,503230,,
Telangana,Jangoan,689,Ghanpur (Station),4676,Thanadarpalli,తనదర్పల్లి,transliterated,577706,506143,,
Telangana,Khammam,509,Khammam (Rural),4756,Thanagampadu,థనగంపదు,transliterated,579651,507003,,
Telangana,Mahabubabad,688,Maripeda,4720,Thanamcherla,తనంచెర్ల,transliterated,578634,506315,,
Telangana,Nalgonda,514,Thipparthy,4645,Thanderpalle,థండర్పల్లె,transliterated,577065,508002,,
Telangana,Jagitial,681,Kathlapur,4418,Thandriyal,థంద్రియల్,transliterated,572152,505306,,
Telangana,Nalgonda,514,Gurrampode,4657,Thanedar Palle,తానేదార్ పల్లె,transliterated,577353,508256,,
Telangana,Siddipet,692,Mulug,4486,Thanedharpalle,తానేధర్పల్లె,transliterated,573715,502279,,
Telangana,Nizamabad,516,Yedapally,4369,Thanekalan,తనేకలన్,transliterated,570961,503202,,
Telangana,Yadadri Bhuvanagiri,697,Choutuppal,4631,Thangad Pally,తంగడ్ పల్లీ,transliterated,576838,508252,,
Telangana,Narayanpet,721,Krishna,6264,Thangadigi,థంగదిగి,transliterated,575922,509352,,
Telangana,Sangareddy,691,Sadasivpet,4490,Thangadpalle,తంగడ్పల్లె,transliterated,573836,502291,,
Telangana,Rajanna Sircilla,683,Thangallapalli,6217,Thangallapalle,తంగళ్లపల్లె,transliterated,572454,505405,,
Telangana,Karimnagar,508,Jammikunta,4440,Thangula,థంగుల,transliterated,572543,505475,,
Telangana,Khammam,509,Konijerla,4761,Thanikella,తనికెల్ల,authoritative,579748,507305,,
Telangana,Jogulamba Gadwal,695,Ghattu,4605,Thappetlamorsu,తప్పెట్లమొర్సు,authoritative,576268,509129,,
Telangana,Hanumakonda,686,Khazipet,6247,Tharalapalle,థరలపల్లె,transliterated,578150,506003,,
Telangana,Ranga Reddy,518,Abdullapurmet,6319,Tharamathipet,తరమతిపేట,transliterated,574186,501505,,
Telangana,Jangoan,689,Tharigoppula,6257,Tharigoppula,థరిగొప్పుల,transliterated,577672,506224,,
Telangana,Nagarkurnool,694,Kalwakurthy,4576,Tharnikal,థర్నికల్,transliterated,575582,509320,,
Telangana,Peddapalli,682,Srirampur,4407,Tharupalle,తారుపల్లె,transliterated,571973,505153,,
Telangana,Suryapet,696,Thirumalagiri,4619,Thati Pamula,తటి పాముల,transliterated,576566,508223,,
Telangana,Jangoan,689,Ghanpur (Station),4676,Thatikonda,తాటికొండ,transliterated,577694,506301,,
Telangana,Jogulamba Gadwal,695,Maldakal,4604,Thatikunta,తాటికుంట,authoritative,576252,509127,,
Telangana,Jagitial,681,Mallial,4413,Thatipalle,తాటిపల్లె,transliterated,572065,505452,,
Telangana,Jagitial,681,Jagitial Rural,6211,Thatipalli,తాటిపల్లి,transliterated,572085,505453,,
Telangana,Wanaparthy,693,Srirangapur,6288,Thatipamula,తటిపాముల,transliterated,576197,509120,,
Telangana,Ranga Reddy,518,Yacharam,4548,Thatiparthy,తాటిపర్తి,transliterated,574888,501509,,
Telangana,Mahabubabad,688,Kothaguda,4710,Thativarivempalle,తాటివారివెంపల్లె,transliterated,578442,506135,,
Telangana,Nizamabad,516,Sirikonda,4379,Thatpalle,థత్పల్లె,transliterated,571261,503165,,
Telangana,Mahabubabad,688,Kuravi,4721,Thattupalle,తట్టుపల్లె,transliterated,578648,506105,,
Telangana,Jagitial,681,Dharmapuri,4397,Theegala Dharmaram,థీగల ధర్మరమ్,transliterated,571692,505454,,
Telangana,Ranga Reddy,518,Kothur,4560,Theegapur,తీగాపూర్,transliterated,575218,509325,,
Telangana,Jangoan,689,Zaffergadh,4696,Theegaram,తీగరం,transliterated,578176,506143,,
Telangana,Jangoan,689,Palakurthy,4697,Theegaram,తీగరం,transliterated,578196,506143,,
Telangana,Khammam,509,Khammam (Rural),4756,Theerdhala,తీర్ధల,transliterated,579652,507003,,
Telangana,Khammam,509,Khammam (Rural),4756,Theldarupalli,తెల్దారుపల్లి,transliterated,579669,507170,,
Telangana,Wanaparthy,693,Pangal,4601,Thellarallapalle,తెల్లారాళ్లపల్లె,transliterated,576188,509120,,
Telangana,Nalgonda,514,Gattuppal,7526,Theretpally,థెరెట్పల్లి,transliterated,577290,508253,,
Telangana,Rajanna Sircilla,683,Vemulawada,4430,Thettakunta,తెట్టకుంట,transliterated,572362,505302,,
Telangana,Jangoan,689,Zaffergadh,4696,Thidugu,తిడుగు,transliterated,578173,506313,,
Telangana,Suryapet,696,Chivemla,4639,Thimma Puram,తిమ్మాపురం,authoritative,576969,508214,,
Telangana,Ranga Reddy,518,Abdullapurmet,6319,Thimmaiguda,తిమ్మైగూడ,transliterated,574180,501512,,
Telangana,Nalgonda,514,Tirumalagiri Sagar,6306,Thimmaipalem,తిమ్మాయిపాలెం,transliterated,577405,508202,,
Telangana,Medak,513,Papannapet,4455,Thimmaipalle,తిమ్మైపల్లె,transliterated,572881,502303,,
Telangana,Siddipet,692,Nangnoor,4461,Thimmaipalle,తిమ్మైపల్లె,transliterated,573033,502375,,
Telangana,Vikarabad,698,Yelal,4536,Thimmaipalle,తిమ్మైపల్లె,transliterated,574532,501144,,
Telangana,Ranga Reddy,518,Kandukur,4545,Thimmaipalle,తిమ్మైపల్లె,transliterated,574811,500113,,
Telangana,Mahabubnagar,512,Addakal,4586,Thimmaipalle,తిమ్మైపల్లె,transliterated,575811,509382,,
Telangana,Medchal Malkajgiri,700,Keesara,4522,Thimmaipally,తిమ్మాయిపల్లి,transliterated,574146,501301,,
Telangana,Ranga Reddy,518,Farooqnagar,4559,Thimmajipalle,తిమ్మాజిపల్లె,transliterated,575207,509202,,
Telangana,Nagarkurnool,694,Thimmajipet,4575,Thimmajipet,తిమ్మాజీపేట,transliterated,575565,509406,,
Telangana,Kamareddy,685,Sadashivanagar,4381,Thimmajiwadi,తిమ్మాజీవాడి,transliterated,571304,503145,,
Telangana,Kamareddy,685,Kamareddy,4390,Thimmakkapalle,తిమ్మక్కపల్లె,transliterated,571548,503111,,
Telangana,Kamareddy,685,Kamareddy,4390,Thimmakkapalle,తిమ్మక్కపల్లె,transliterated,571560,503110,,
Telangana,Mulugu,720,Mangapet,4686,Thimmampet,థిమ్మంపెత్,transliterated,577931,506172,,
Telangana,Jangoan,689,Zaffergadh,4696,Thimmampet,తిమ్మంపేట,transliterated,578171,506143,,
Telangana,Kamareddy,685,Pitlam,4384,Thimmanagar,తిమ్మనగర్,transliterated,571410,503310,,
Telangana,Nirmal,680,Nirmal Rural,6210,Thimmapur,తిమ్మపుర్,authoritative,570351,504106,,
Telangana,Mancherial,684,Mandamarri,4352,Thimmapur,తిమ్మపుర్,authoritative,570563,504209,,
Telangana,Mancherial,684,Luxettipet,4353,Thimmapur,తిమ్మపుర్,authoritative,570585,504207,,
Telangana,Nizamabad,516,Morthad,4362,Thimmapur,తిమ్మపుర్,authoritative,570819,503225,,
Telangana,Nizamabad,516,Mosara,6668,Thimmapur,తిమ్మపుర్,authoritative,571202,503206,,
Telangana,Jagitial,681,Ibrahimpatnam,4393,Thimmapur,తిమ్మపుర్,authoritative,571612,505327,,
Telangana,Jagitial,681,Dharmapuri,4397,Thimmapur,తిమ్మపుర్,authoritative,571699,505425,,
Telangana,Jagitial,681,Jagitial Rural,6211,Thimmapur,తిమ్మపుర్,authoritative,572080,505455,,
Telangana,Rajanna Sircilla,683,Yellareddipet,4432,Thimmapur,తిమ్మపుర్,authoritative,572396,505305,,
Telangana,Karimnagar,508,Thimmapur LMD,4438,Thimmapur,తిమ్మపుర్,authoritative,572515,505527,,
Telangana,Hanumakonda,686,Elkathurthy,4449,Thimmapur,తిమ్మపుర్,authoritative,572697,505476,,
Telangana,Siddipet,692,Dubbak,4458,Thimmapur,తిమ్మపుర్,authoritative,572975,502114,,
Telangana,Medak,513,Kowdipally,4480,Thimmapur,తిమ్మపుర్,authoritative,573553,502316,,
Telangana,Siddipet,692,Jagdevpur,4484,Thimmapur,తిమ్మపుర్,authoritative,573652,502312,,
Telangana,Vikarabad,698,Marpalle,4512,Thimmapur,తిమ్మపుర్,authoritative,573996,501202,,
Telangana,Vikarabad,698,Pudur,4541,Thimmapur,తిమ్మపుర్,authoritative,574675,501102,,
Telangana,Ranga Reddy,518,Kothur,4560,Thimmapur,తిమ్మపుర్,authoritative,575217,509325,,
Telangana,Ranga Reddy,518,Thalakondapally,4562,Thimmapur,తిమ్మపుర్,authoritative,575269,509357,,
Telangana,Mahabubnagar,512,Moosapet,6260,Thimmapur,తిమ్మపుర్,authoritative,575798,509382,,
Telangana,Jogulamba Gadwal,695,Yerravalli,7517,Thimmapur,తిమ్మపుర్,authoritative,576304,509133,,
Telangana,Mulugu,720,Venkatapur,4684,Thimmapur,తిమ్మపుర్,authoritative,577854,506345,,
Telangana,Warangal,522,Khila Warangal,6246,Thimmapur,తిమ్మపుర్,authoritative,578162,506005,,
Telangana,Jangoan,689,Zaffergadh,4696,Thimmapur,తిమ్మపుర్,authoritative,578181,506316,,
Telangana,Warangal,522,Sangem,4705,Thimmapur,తిమ్మపుర్,authoritative,578331,506329,,
Telangana,Mahabubabad,688,Gudur,4711,Thimmapur,తిమ్మపుర్,authoritative,578480,506103,,
Telangana,Yadadri Bhuvanagiri,697,Atmakur (M),4626,Thimmapur,తిమ్మపుర్,authoritative,909720,508111,,
Telangana,Nirmal,680,Khanapur,4347,Thimmapur (Ct),థిమ్మపూర్ (చ్త్),transliterated,570458,504203,,
Telangana,Rajanna Sircilla,683,Chandurthi,4419,Thimmapur(Pn),తిమ్మాపూర్(పిఎన్),transliterated,572161,505307,,
Telangana,Kamareddy,685,Gandhari,4382,Thimmapuram,తిమ్మపురం,authoritative,571356,503114,,
Telangana,Suryapet,696,Jajireddygudem,4623,Thimmapuram,తిమ్మపురం,authoritative,576653,508224,,
Telangana,Nalgonda,514,Vemulapally,4644,Thimmareddiguda,థిమ్మరెద్దిగూడ,transliterated,577055,508217,,
Telangana,Suryapet,696,Munagala,4642,Thimmareddigudem,తిమ్మారెడ్డిగూడెం,transliterated,909796,508233,,
Telangana,Siddipet,692,Kondapak,4462,Thimmareddipalle,తిమ్మారెడ్డిపల్లె,transliterated,573054,502372,,
Telangana,Vikarabad,698,Doulathabad,4552,Thimmareddipalle,తిమ్మారెడ్డిపల్లె,transliterated,574986,509336,,
Telangana,Khammam,509,Chinthakani,4760,Thimminenipalem,తిమ్మినేనిపాలెం,transliterated,579742,507208,,
Telangana,Wanaparthy,693,Atmakur,4592,Thippadampalle,తిప్పడంపల్లె,transliterated,575985,509131,,
Telangana,Ranga Reddy,518,Manchal,4547,Thippaiguda,థిప్పైగూడ,transliterated,574861,501508,,
Telangana,Jagitial,681,Kodimial,4420,Thippaipalle,తిప్పైపల్లె,transliterated,572180,505501,,
Telangana,Nagarkurnool,694,Uppununthala,4580,Thippapur,తిప్పాపూర్,transliterated,575666,509376,,
Telangana,Rajanna Sircilla,683,Vemulawada,4430,Thippapuram,తిప్పాపురం,transliterated,572359,505302,,
Telangana,Rajanna Sircilla,683,Illanthakunta,4436,Thippapuram (P.A),తిప్పాపురం (ప్.అ),transliterated,572486,505402,,
Telangana,Siddipet,692,Kukunoorpally,7521,Thipparam,తిప్పారం,transliterated,573061,502301,,
Telangana,Nalgonda,514,Thipparthy,4645,Thipparthi,తిప్పర్తి,transliterated,577073,508247,,
Telangana,Narayanpet,721,Utkoor,4571,Thipraspalle,థిప్రస్పల్లె,transliterated,575469,509311,,
Telangana,Jagitial,681,Kodimial,4420,Thiramalapur,తిరమలాపూర్,transliterated,572173,505501,,
Telangana,Mahabubnagar,512,Balanagar,4557,Thirmalagiri,తిర్మలగిరి,transliterated,575136,509408,,
Telangana,Jangoan,689,Palakurthy,4697,Thirmalagiri,తిర్మలగిరి,transliterated,578185,506252,,
Telangana,Jagitial,681,Gollapalli,4412,Thirmalapur,థిర్మలపూర్,transliterated,572045,505532,,
Telangana,Karimnagar,508,Ramadugu,4423,Thirmalapur,థిర్మలపూర్,transliterated,572220,505531,,
Telangana,Vikarabad,698,Pudur,4541,Thirmalapur,తిర్మలాపూర్,transliterated,574682,501102,,
Telangana,Jayashankar Bhupalapally,687,Chityal,4681,Thirmalapur,తిర్మలాపూర్,transliterated,577815,506356,,
Telangana,Jagitial,681,Gollapalli,4412,Thirmalapuram,థిర్మలపురం,transliterated,572186,505532,,
Telangana,Nirmal,680,Laxmanchanda,4345,Thirpalle,తిర్పల్లె,transliterated,570379,504106,,
Telangana,Suryapet,696,Chivemla,4639,Thirumalagiri,తిరుమలగిరి,transliterated,576976,508214,,
Telangana,Mahabubnagar,512,Koilkonda,4569,Thirumalampalle,థిరుమలంపల్లె,transliterated,575416,509371,,
Telangana,Nagarkurnool,694,Peddakothapally,4599,Thirumalampalle,తిరుమలంపల్లె,transliterated,576140,509102,,
Telangana,Medak,513,Shankarampet (A),4454,Thirumalapur,తిరుమలాపూర్,transliterated,572852,502271,,
Telangana,Vikarabad,698,Doulathabad,4552,Thirumalapur,తిరుమలాపూర్,transliterated,574988,509336,,
Telangana,Mahabubnagar,512,Rajapur,6261,Thirumalapur,తిరుమలాపూర్,transliterated,575111,509340,,
Telangana,Narayanpet,721,Narayanpet,4570,Thirumalapur,తిరుమలాపూర్,transliterated,575461,509210,,
Telangana,Mahabubabad,688,Kuravi,4721,Thirumalapur,తిరుమలాపూర్,transliterated,578658,506105,,
Telangana,Nagarkurnool,694,Amrabad,4578,Thirumalapur (B.K),థిరుమలపూర్ (బ్.క్),transliterated,575631,509201,,
Telangana,Nalgonda,514,Chinthapally,4650,Thirumalapuram,తిరుమలాపురం,authoritative,577178,508250,,
Telangana,Khammam,509,Tirumalayapalem,4754,Thirumalayapalem,తిరుమలయపాలెం,transliterated,579629,507163,,
Telangana,Mahabubabad,688,Gangaram,6253,Thirumalgandi,తిరుమాల్గండి,transliterated,578445,506135,,
Telangana,Nagarkurnool,694,Vangoor,4577,Thirumalgiri,తిరుమల్గిరి,transliterated,575603,509349,,
Telangana,Suryapet,696,Thirumalagiri,4619,Thirumalgiri,తిరుమల్గిరి,transliterated,576568,508223,,
Telangana,Narayanpet,721,Kosgi,4551,Thogapur,థొగపూర్,transliterated,574949,509339,,
Telangana,Peddapalli,682,Sulthanabad,4425,Thogarrai,తొగర్రాయి,transliterated,572269,505185,,
Telangana,Suryapet,696,Kodad,4668,Thogarrai,తొగర్రాయి,transliterated,577565,508238,,
Telangana,Bhadradri Kothagudem,690,Palvoncha,4737,Thoggudem,తొగ్గుదేం,transliterated,579365,507115,,
Telangana,Medak,513,Havelighanapur,6270,Thogita,తొగిత,transliterated,572902,502130,,
Telangana,Siddipet,692,Thoguta,4463,Thoguta,తోగుట,transliterated,573066,502372,,
Telangana,Hyderabad,507,Tirumalgiri,4499,Thokatta,తోకట్ట,transliterated,927768,500011,,
Telangana,Wanaparthy,693,Pebbair,4602,Thomalapalle,తోమలపల్లె,transliterated,576195,509104,,
Telangana,Jagitial,681,Medipalli,4415,Thombarao Peta,తొంబరావు పెటా,transliterated,572095,505453,,
Telangana,Ranga Reddy,518,Keshampet,4561,Thommidirekula,తొమ్మిదిరేకుల,transliterated,575246,509408,,
Telangana,Nalgonda,514,Narketpally,4634,Thondalvai,తొండాల్వై,transliterated,576886,508254,,
Telangana,Jogulamba Gadwal,695,Ieeja,4606,Thoomkunta,తుంకుంట,authoritative,576287,509127,,
Telangana,Ranga Reddy,518,Jilled Chowdergudem,6322,Thoompalle,తూంపల్లె,transliterated,575158,509207,,
Telangana,Wanaparthy,693,Atmakur,4592,Thoompalle,తూంపల్లె,transliterated,575987,509131,,
Telangana,Nalgonda,514,Madugulapally,6305,Thopucherla,తోపుచెర్ల,transliterated,577046,508217,,
Telangana,Nalgonda,514,Nalgonda,4646,Thoragal,తొరగల్,transliterated,577327,508247,,
Telangana,Siddipet,692,Dhoolmitta,7189,Thoranala,తోరణల,transliterated,577631,506367,,
Telangana,Nizamabad,516,Jakranpally,4366,Thorlikonda,తోర్లికొండ,transliterated,570888,503223,,
Telangana,Sangareddy,691,Manoor,4451,Thornal,థోర్నల్,transliterated,572760,502286,,
Telangana,Jangoan,689,Palakurthy,4697,Thorrur,తొర్రూరు,authoritative,578189,506302,,
Telangana,Mahabubabad,688,Thorrur,4715,Thorrur (Ct),తొర్రూర్ (సీటీ),transliterated,578549,506163,,
Telangana,Siddipet,692,Bejjanki,4437,Thotapalle,తోటపల్లి,authoritative,572512,505530,,
Telangana,Nagarkurnool,694,Kalwakurthy,4576,Thotapalle,తోటపల్లి,authoritative,575583,509320,,
Telangana,Siddipet,692,Husnabad,4444,Thotapalle (S),థొతపల్లె (స్),transliterated,572613,505466,,
Telangana,Jogulamba Gadwal,695,Ieeja,4606,Thothinonidoddi,తోతినోనిదొడ్డి,authoritative,576293,509127,,
Telangana,Nizamabad,516,Indalwai,6236,Thriambakpeta,త్రిఅంబక్పేట,transliterated,571236,503164,,
Telangana,Nalgonda,514,Tripuraram,4662,Thripuraram,త్రిపురారం,transliterated,577468,508208,,
Telangana,Siddipet,692,Thoguta,4463,Thukkapur,తుక్కాపూర్,transliterated,573067,502372,,
Telangana,Yadadri Bhuvanagiri,697,Atmakur (M),4626,Thukkapur,తుక్కాపూర్,transliterated,576715,508111,,
Telangana,Yadadri Bhuvanagiri,697,Atmakur (M),4626,Thukkarpuram,తుక్కర్పురం,transliterated,909721,508111,,
Telangana,Kumuram Bheem Asifabad,699,Koutala,4316,Thumbadihatti,థుంబదిహట్టి,transliterated,569373,504299,,
Telangana,Medchal Malkajgiri,700,Shamirpet,4520,Thumkunta,తుంకుంట,transliterated,574126,500078,,
Telangana,Yadadri Bhuvanagiri,697,Bommalaramaram,4613,Thumkunta,తుంకుంట,transliterated,576457,508126,,
Telangana,Nalgonda,514,Nampally,4654,Thummala Palle,తుమ్మల పల్లె,transliterated,577278,508373,,
Telangana,Jogulamba Gadwal,695,Ghattu,4605,Thummalacheruvu,తుమ్మలచెరువు,authoritative,576261,509132,,
Telangana,Yadadri Bhuvanagiri,697,Ramannapet,4632,Thummalaguda,తుమ్మలగూడ,transliterated,576842,508112,,
Telangana,Vikarabad,698,Marpalle,4512,Thummalapalle,తుమ్మలపల్లీ,authoritative,573978,501202,,
Telangana,Khammam,509,Konijerla,4761,Thummalapally,తుమ్మలపల్లి,transliterated,579749,507305,,
Telangana,Nagarkurnool,694,Vangoor,4577,Thummalapally,తుమ్మలపల్లి,transliterated,909630,509349,,
Telangana,Jogulamba Gadwal,695,Ghattu,4605,Thummalapally,థుమ్మలపల్లి,transliterated,909933,509127,,
Telangana,Suryapet,696,Atmakur (S),4622,Thummalapen Pahad,థుమ్మలపెన్ పహద్,transliterated,576642,508212,,
Telangana,Ranga Reddy,518,Maheshwaram,4544,Thummaloor,తుమ్మలూర్,transliterated,574795,501359,,
Telangana,Karimnagar,508,Huzurabad,4446,Thummanapalle,తుమ్మనపల్లె,transliterated,572649,505490,,
Telangana,Jagitial,681,Dharmapuri,4397,Thummenala,థుమ్మెనల,transliterated,571697,505454,,
Telangana,Jogulamba Gadwal,695,Rajoli,6296,Thummilla,థుమ్మిల్ల,transliterated,576381,509126,,
Telangana,Nizamabad,516,Sirikonda,4379,Thumpalle,థుంపల్లె,transliterated,571275,503165,,
Telangana,Nalgonda,514,Miryalaguda,4664,Thunga Pahad,తుంగ పహాడ్,transliterated,577495,508208,,
Telangana,Warangal,522,Khanapur,4709,Thungabandam,తుంగబండం,transliterated,578374,506132,,
Telangana,Nalgonda,514,Peddavoora,4659,Thungathurthy,తుంగతుర్తి,transliterated,577398,508266,,
Telangana,Jagitial,681,Beerpur,6212,Thungur,తుంగూర్,transliterated,571672,505454,,
Telangana,Mulugu,720,Kannaigudem,6251,Thupakulagudem,తుపకులగూడెం,transliterated,577868,506169,,
Telangana,Jayashankar Bhupalapally,687,Ghanpur (Mulug),4683,Thupuram,థుపురం,transliterated,577849,506345,,
Telangana,Nizamabad,516,Yergatla,6239,Thurat,థురాట్,transliterated,570814,503225,,
Telangana,Nagarkurnool,694,Vangoor,4577,Thurkalpally,తుర్కల్పల్లి,transliterated,909631,509324,,
Telangana,Jogulamba Gadwal,695,Rajoli,6296,Thurpu Garlapadu,తూర్పు గార్లపాడు,transliterated,576393,509126,,
Telangana,Jagitial,681,Kathlapur,4418,Thurthi,థుర్థి,transliterated,572157,505306,,
Telangana,Suryapet,696,Thungaturthy,4620,Thurupu Gudem,తురుపు గుడెం,transliterated,909699,508280,,
Telangana,Khammam,509,Bonakal,4765,Thutikuntla,తూటికుంట్ల,authoritative,579830,507208,,
Telangana,Kumuram Bheem Asifabad,699,Bejjur,4317,Tikkapalle,తిక్కపల్లె,transliterated,569435,504299,,
Telangana,Vikarabad,698,Doma,4537,Timmaipalle,తిమ్మైపల్లె,transliterated,574549,501502,,
Telangana,Warangal,522,Duggondi,4693,Timmampet,తిమ్మంపేట,transliterated,578122,506333,,
Telangana,Bhadradri Kothagudem,690,Mulkalapally,4748,Timmampeta,తిమ్మంపేట,transliterated,579516,507114,,
Telangana,Kamareddy,685,Nasurullabad,6244,Timmanagar,తిమ్మానగర్,transliterated,571172,503301,,
Telangana,Mulugu,720,Tadvai,4687,Timmanitogu,తిమ్మనితోగు,transliterated,578008,506344,,
Telangana,Kamareddy,685,Birkur,4375,Timmapur,తిమ్మాపూర్,transliterated,571181,503321,,
Telangana,Kamareddy,685,Yellareddy,4386,Timmapur,తిమ్మాపూర్,transliterated,571458,503122,,
Telangana,Sangareddy,691,Manoor,4451,Timmapur,తిమ్మాపూర్,transliterated,572755,502286,,
Telangana,Medak,513,Regode,4471,Timmapur,తిమ్మాపూర్,transliterated,573245,502290,,
Telangana,Ranga Reddy,518,Kandukur,4545,Timmapur,తిమ్మాపూర్,transliterated,574808,501506,,
Telangana,Yadadri Bhuvanagiri,697,Bhongir,4628,Timmapur,తిమ్మాపూర్,transliterated,576754,508117,,
Telangana,Nalgonda,514,Neredugommu,6308,Timmapuram,తిమ్మాపురం,authoritative,577214,508248,,
Telangana,Yadadri Bhuvanagiri,697,Bommalaramaram,4613,Timmapuru,తిమ్మాపూరు,transliterated,576452,508117,,
Telangana,Khammam,509,Enkoor,4753,Timmaraopeta,తిమ్మరఒపేట,transliterated,579596,507168,,
Telangana,Kamareddy,685,Yellareddy,4386,Timmareddy,తిమ్మారెడ్డి,transliterated,571452,503122,,
Telangana,Jayashankar Bhupalapally,687,Palimela,6250,Timmatigudem,తిమ్మతిగూడెం,transliterated,571897,505504,,
Telangana,Adilabad,501,Adilabad Rural,6221,Tippa,తిప్ప,transliterated,569013,504346,,
Telangana,Bhadradri Kothagudem,690,Chandrugonda,4747,Tippanapally,తిప్పనపల్లి,transliterated,579488,507171,,
Telangana,Jagitial,681,Jagitial,4414,Tippannapet,తిప్పన్నపెత్,transliterated,572071,505529,,
Telangana,Kamareddy,685,Bhiknoor,4391,Tippapur,తిప్పాపూర్,transliterated,571569,503101,,
Telangana,Bhadradri Kothagudem,690,Cherla,4726,Tippapuram,తిప్పాపురం,transliterated,578877,507140,,
Telangana,Kamareddy,685,Gandhari,4382,Tipparam,తిప్పారం,transliterated,571339,503114,,
Telangana,Khammam,509,Tirumalayapalem,4754,Tippareddygudem,తిప్పారెడ్డిగూడెం,transliterated,579626,507183,,
Telangana,Nalgonda,514,Marriguda,4649,Tirgandla Palle,తిర్గంద్ల పల్లె,transliterated,577158,508245,,
Telangana,Yadadri Bhuvanagiri,697,Bommalaramaram,4613,Tirmalagiri,తిర్మలగిరి,transliterated,576469,508126,,
Telangana,Mancherial,684,Kasipet,4349,Tirmalapur,తిర్మలాపూర్,authoritative,570493,504231,,
Telangana,Nizamabad,516,Pothangal,7534,Tirmalapur,తిర్మలాపూర్,authoritative,571028,503207,,
Telangana,Kamareddy,685,Banswada,4383,Tirmalapur,తిర్మలాపూర్,authoritative,571383,503187,,
Telangana,Siddipet,692,Doultabad,4465,Tirmalapur,తిర్మలాపూర్,authoritative,573123,502278,,
Telangana,Yadadri Bhuvanagiri,697,Thurkapally,4614,Tirmalapuram,తీర్మలాపురం,transliterated,576478,508115,,
Telangana,Nizamabad,516,Nizamabad Rural,6233,Tirmanpalle,తీర్మాన్పల్లె,transliterated,570926,503003,,
Telangana,Kamareddy,685,Sadashivanagar,4381,Tirmanpalle,తీర్మాన్పల్లె,transliterated,571309,503145,,
Telangana,Nizamabad,516,Dichpally,4377,Tirmanpally,తిర్మాన్పల్లి,transliterated,909499,503164,,
Telangana,Suryapet,696,Ananthagiri,6302,Tiru Annaram,తిరు అన్నారం,transliterated,577559,508206,,
Telangana,Nalgonda,514,Nampally,4654,Tirumalagiri,తిరుమలగిరి,authoritative,577275,508373,,
Telangana,Nalgonda,514,Tirumalagiri Sagar,6306,Tirumalagiri,తిరుమలగిరి,authoritative,577432,508377,,
Telangana,Jayashankar Bhupalapally,687,Regonda,4690,Tirumalagiri,తిరుమలగిరి,authoritative,578060,506348,,
Telangana,Nalgonda,514,Pedda Adesherlapally,4658,Tirumalagiri (Patti Dugyal),తిరుమలగిరి (పత్తి దుగ్యల్),transliterated,577371,508243,,
Telangana,Bhadradri Kothagudem,690,Aswaraopeta,4749,Tirumalakunta,తిరుమలకుంట,transliterated,579518,507301,,
Telangana,Vikarabad,698,Kulkacharla,4539,Tirumalapur,తిరుమలాపూర్,transliterated,574606,509335,,
Telangana,Ranga Reddy,518,Shabad,4542,Tirumalapur,తిరుమలాపూర్,transliterated,574697,501501,,
Telangana,Bhadradri Kothagudem,690,Manuguru,4727,Tirumalapuram,తిరుమలపురం,authoritative,578915,507117,,
Telangana,Khammam,509,Nelakondapalli,4759,Tirumalapuram,తిరుమలపురం,authoritative,579726,507160,,
Telangana,Hyderabad,507,Tirumalgiri,4499,Tirumalgiri,తిరుమల్గిరి,transliterated,927761,500015,,
Telangana,Warangal,522,Duggondi,4693,Togarrai,తొగర్రాయి,transliterated,578119,506331,,
Telangana,Sangareddy,691,Kondapur,4491,Togurpalle,తొగుర్పల్లె,transliterated,573848,502306,,
Telangana,Kumuram Bheem Asifabad,699,Kerameri,4313,Token Movad,టోకెన్ మోవాద్,transliterated,569295,504293,,
Telangana,Ranga Reddy,518,Moinabad,4528,Tolkatta,టోల్కట్ట,transliterated,574265,501504,,
Telangana,Nizamabad,516,Donkeshwar,7530,Tondakur,తొందకుర్,transliterated,570757,503212,,
Telangana,Nirmal,680,Tanoor,4340,Tondala,తొండల,transliterated,570228,504102,,
Telangana,Khammam,509,Madhira,4766,Tondala Gopavaram,తొందల గొపవరమ్,transliterated,579870,507201,,
Telangana,Vikarabad,698,Pargi,4540,Tondapalle,తొండపల్లె,transliterated,574655,501501,,
Telangana,Ranga Reddy,518,Shamshabad,4543,Tondpalle,తొండ్పల్లె,transliterated,574739,509325,,
Telangana,Mulugu,720,Mangapet,4686,Tondyala Laxmipur,తొంద్యల లక్స్మిపూర్,transliterated,577927,506172,,
Telangana,Ranga Reddy,518,Ibrahimpatnam,4546,Toolekalan,తూలెకలన్,transliterated,574852,501509,,
Telangana,Wanaparthy,693,Weepangandla,4608,Toomkunta,టూమ్కుంట,transliterated,576326,509105,,
Telangana,Ranga Reddy,518,Maheshwaram,4544,Toopra Khurd,తూప్ర ఖుర్ద్,transliterated,574771,509325,,
Telangana,Warangal,522,Nekkonda,4713,Topanpalle,తోపన్పల్లె,transliterated,578506,506369,,
Telangana,Sangareddy,691,Kandi,6275,Topgonda,తోప్గొండ,transliterated,573890,502285,,
Telangana,Siddipet,692,Siddipet Rural,6281,Tornal,టోర్నల్,transliterated,572985,502114,,
Telangana,Ranga Reddy,518,Abdullapurmet,6319,Toroor (Faroor) (Og),తోరూర్ (ఫరూర్) (ఒగ్),transliterated,574209,501505,,
Telangana,Adilabad,501,Gudihatnoor,4310,Tosham,తోషం,transliterated,569152,504308,,
Telangana,Hyderabad,507,Nampally,4504,Totaguda,తొతగూడ,transliterated,927782,500001,,
Telangana,Nalgonda,514,Gundlapally,4651,Towklapur,టౌక్లాపూర్,transliterated,577189,508258,,
Telangana,Adilabad,501,Sathnala,7515,Toyaguda (Kora),తోయగూడ (కోరా),transliterated,569109,504002,,
Telangana,Suryapet,696,Ananthagiri,6302,Tripuravaram,త్రిపురవరం,authoritative,577002,508234,,
Telangana,Kamareddy,685,Bibipet,6242,Tujalpur,తుజల్పూర్,transliterated,571603,503125,,
Telangana,Kamareddy,685,Sadashivanagar,4381,Tukkojiwadi,తుక్కోజీవాడి,transliterated,571303,503145,,
Telangana,Ranga Reddy,518,Yacharam,4548,Tulekhurd,తులేఖుర్ద్,transliterated,574879,501509,,
Telangana,Nalgonda,514,Nidmanoor,4661,Tummadam,తుమ్మడం,transliterated,577449,508278,,
Telangana,Bhadradri Kothagudem,690,Aswapuram,4728,Tummalacheruv,తుమ్మలచెరువ్,transliterated,578928,507116,,
Telangana,Ranga Reddy,518,Jilled Chowdergudem,6322,Tummalapalle,తుమ్మలపల్లె,transliterated,575140,509207,,
Telangana,Khammam,509,Penuballi,4752,Tummalapalli,తుమ్మలపల్లి,authoritative,579584,507302,,
Telangana,Nalgonda,514,Nampally,4654,Tummalapally,తుమ్మలపల్లి,transliterated,909848,508373,,
Telangana,Sangareddy,691,Jharasangam,4476,Tummanpalle,తుమ్మంపల్లె,transliterated,573405,502246,,
Telangana,Sangareddy,691,Manoor,4451,Tumnoor,తుమ్నూర్,transliterated,572770,502286,,
Telangana,Kumuram Bheem Asifabad,699,Asifabad,4319,Tumpalle,తుంపల్లె,transliterated,569511,504294,,
Telangana,Nalgonda,514,Nampally,4654,Tungapathi Gouraram,తుంగపతి గౌరారాం,transliterated,577273,508373,,
Telangana,Bhadradri Kothagudem,690,Chandrugonda,4747,Tungaram,తుంగారం,transliterated,579487,507120,,
Telangana,Kumuram Bheem Asifabad,699,Rebbena,4327,Tungeda,తుంగేదా,transliterated,569790,504296,,
Telangana,Nizamabad,516,Navipet,4358,Tungini,తుంగిని,transliterated,570700,503246,,
Telangana,Siddipet,692,Mulug,4486,Tuniki Bollaram,తునికి బొల్లారం,transliterated,573705,502279,,
Telangana,Kamareddy,685,Mohammadnagar,7520,Tunkepalle,తుంకేపల్లె,transliterated,571424,503302,,
Telangana,Siddipet,692,Wargal,4485,Tunki Makta,తుంకి మక్త,transliterated,573686,502336,,
Telangana,Siddipet,692,Wargal,4485,Tunkikhalasa,తుంకిఖలస,transliterated,573687,502336,,
Telangana,Kamareddy,685,Pedda Kodapgal,6245,Tupdal (Kowlasa),తుప్దాల్ (కౌలాసా),transliterated,571147,503305,,
Telangana,Yadadri Bhuvanagiri,697,Choutuppal,4631,Tupranpet,తూప్రాన్పేట్,authoritative,576825,508252,,
Telangana,Nirmal,680,Narsapur G,6208,Turati,తురతి,transliterated,570122,504104,,
Telangana,Wanaparthy,693,Yedula,7533,Turkadinne,తుర్కాదిన్నె,transliterated,576149,509206,,
Telangana,Ranga Reddy,518,Ibrahimpatnam,4546,Turkaguda,తుర్కగూడ,transliterated,574850,501506,,
Telangana,Sangareddy,691,Hathnoora,4489,Turkal Khanapur,తుర్కల్ ఖానాపూర్,transliterated,573808,502296,,
Telangana,Medak,513,Shankarampet (R),4467,Turkala Mohammedapur,తుర్కల మొహమ్మెదపూర్,transliterated,573169,502117,,
Telangana,Yadadri Bhuvanagiri,697,Gundala,4618,Turkala Shapur,తుర్కల షాపూర్,transliterated,576561,508277,,
Telangana,Peddapalli,682,Peddapalli,4408,Turkalamaddi Kunta,తుర్కలమద్ది కుంట,transliterated,571978,505174,,
Telangana,Kamareddy,685,Mohammadnagar,7520,Turkapalle,తుర్కపల్లె,transliterated,571425,503302,,
Telangana,Rajanna Sircilla,683,Mustabad,4434,Turkapalle,తుర్కపల్లె,transliterated,572432,505404,,
Telangana,Nagarkurnool,694,Amrabad,4578,Turkapalle,తుర్కపల్లె,transliterated,575618,509201,,
Telangana,Medchal Malkajgiri,700,Alwal,6328,Turkapally,తుర్కపల్లి,transliterated,931497,500101,,
Telangana,Ranga Reddy,518,Abdullapurmet,6319,Turkayamjal (Ct),తుర్కాయంజల్ (సీటీ),transliterated,574202,501510,,
Telangana,Vikarabad,698,Pudur,4541,Turkayenkepalle,తుర్కాయెంకేపల్లె,transliterated,574692,501102,,
Telangana,Sangareddy,691,Kangti,4450,Turkwadgaon,తుర్క్వాడ్గాన్,transliterated,572715,502286,,
Telangana,Vikarabad,698,Bantwaram,4532,Turmamidi,తుర్మమిది,transliterated,574379,501106,,
Telangana,Yadadri Bhuvanagiri,697,Alair,4617,Turpugudem,తూర్పుగూడెం,transliterated,909962,508105,,
Telangana,Bhadradri Kothagudem,690,Dummugudem,4729,Turubaka,తురుబాక,transliterated,578992,507137,,
Telangana,Nalgonda,514,Devarakonda,4653,Turupu Palle,తురుపు పల్లె,transliterated,577234,508248,,
Telangana,Khammam,509,Enkoor,4753,Tutukalingannapeta,తుతుకలింగన్నపేట,transliterated,579602,507168,,
Telangana,Jogulamba Gadwal,695,Itikyala,4607,Udandapur,ఉదందాపూర్,authoritative,576310,509128,,
Telangana,Medchal Malkajgiri,700,Muduchinthalapally,6671,Uddemarry,ఉద్దెమర్రి,transliterated,574133,500101,,
Telangana,Vikarabad,698,Kodangal,4549,Udimeswar,ఉదిమేశ్వర్,transliterated,574904,509338,,
Telangana,Nagarkurnool,694,Padara,6294,Udimilla,ఉడిమిళ్ల,transliterated,575623,509201,,
Telangana,Mahabubnagar,512,Balanagar,4557,Udithyal,ఉదిత్యాల్,transliterated,575100,509202,,
Telangana,Nirmal,680,Kaddam Peddur,4335,Udumpur,ఉదుంపూర్,transliterated,570040,504205,,
Telangana,Mahabubabad,688,Chinnagudur,6254,Uggampalle,ఉగ్గంపల్లె,transliterated,578624,506315,,
Telangana,Kamareddy,685,Kamareddy,4390,Uggrawai,ఉగ్గ్రవై,transliterated,571550,503111,,
Telangana,Sangareddy,691,Sirgapoor,6279,Ujjalampahad,ఉజ్జలంపహాడ్,transliterated,572778,502286,,
Telangana,Narayanpet,721,Maganoor,4590,Ujjelli,ఉజ్జెల్లి,transliterated,575913,509208,,
Telangana,Jogulamba Gadwal,695,Maldakal,4604,Uligepalle,ఉలిగేపల్లి,authoritative,576242,509132,,
Telangana,Karimnagar,508,Chigurumamidi,4442,Ullampalle,ఉల్లంపల్లె,transliterated,572588,505472,,
Telangana,Mahabubabad,688,Maripeda,4720,Ullepalle,ఉల్లేపల్లె,transliterated,578640,506315,,
Telangana,Medak,513,Chegunta,4466,Ulli Thimmaipally,ఉల్లి తిమ్మాయిపల్లి,transliterated,573145,502247,,
Telangana,Kumuram Bheem Asifabad,699,Tiryani,4333,Ullipitta Dorli,ఉల్లిపిత్త దొర్లి,transliterated,569973,504294,,
Telangana,Adilabad,501,Bazarhatnoor,4323,Umerda (Buzurg),ఉమెర్దా (బుజుర్గ్),transliterated,569639,504304,,
Telangana,Siddipet,692,Husnabad,4444,Ummapur,ఉమ్మాపూర్,transliterated,572610,505472,,
Telangana,Nizamabad,516,Nandipet,4359,Ummeda,ఉమ్మెద,transliterated,570728,503212,,
Telangana,Ranga Reddy,518,Kondurg,4558,Ummenthyal,ఉమ్మెంత్యాల్,transliterated,575141,509207,,
Telangana,Jogulamba Gadwal,695,Kaloor Thimmandoddi,6297,Ummityal,ఉమ్మిత్యాల్,transliterated,575960,509133,,
Telangana,Adilabad,501,Talamadugu,4309,Umrei,ఉమ్రేయి,transliterated,569135,504312,,
Telangana,Adilabad,501,Narnoor,4312,Umri,ఉమ్రి,transliterated,569239,504311,,
Telangana,Adilabad,501,Utnoor,4321,Umri,ఉమ్రి,transliterated,569565,504346,,
Telangana,Nirmal,680,Tanoor,4340,Umri (Khurd),ఉమ్రి (ఖుర్ద్),transliterated,570208,504103,,
Telangana,Adilabad,501,Gudihatnoor,4310,Umri(B),ఉమ్రి(బ్),transliterated,569162,504308,,
Telangana,Jogulamba Gadwal,695,Undavelly,6299,Undavelli,ఉండవెల్లి,transliterated,576417,509153,,
Telangana,Jagitial,681,Endapalli,7539,Undeda,ఉందెద,transliterated,571726,505416,,
Telangana,Narayanpet,721,Narwa,4588,Undekode,ఉండేకోడ్,transliterated,575842,509353,,
Telangana,Suryapet,696,Chivemla,4639,Undrugonda,ఉండ్రుగొండ,transliterated,576972,508214,,
Telangana,Mahabubnagar,512,Chinnachintakunta,4587,Undyala,ఉండ్యాల,transliterated,575827,509130,,
Telangana,Hanumakonda,686,Dharmasagar,4677,Unikicherla (Og),ఉనికిచర్ల (ఒగ్),transliterated,577729,506370,,
Telangana,Bhadradri Kothagudem,690,Cherla,4726,Unjupalli (G),ఉంజుపల్లి (గ్),transliterated,578869,507133,,
Telangana,Nizamabad,516,Kammarpally,4363,Uploor,అప్లూర్,transliterated,570825,503308,,
Telangana,Bhadradri Kothagudem,690,Pinapaka,4725,Uppaka,ఉప్పక,transliterated,578836,507117,,
Telangana,Hanumakonda,686,Kamalapur,4447,Uppal,ఉప్పల్,authoritative,572663,505101,,
Telangana,Jogulamba Gadwal,695,Ieeja,4606,Uppal,ఉప్పల్,authoritative,576300,509135,,
Telangana,Medchal Malkajgiri,700,Uppal,4524,Uppal Bagayath,ఉప్పల్ బాగాయత్,transliterated,931518,500039,,
Telangana,Medchal Malkajgiri,700,Uppal,4524,Uppal Khalsa,ఉప్పల్ ఖల్సా,transliterated,931519,500039,,
Telangana,Nalgonda,514,Kethepally,4637,Uppala Pahad,ఉప్పల పహాడ్,transliterated,576942,508376,,
Telangana,Jogulamba Gadwal,695,Alampur,4612,Uppalapadu,ఉప్పలపాడు,authoritative,576436,509152,,
Telangana,Mahabubabad,688,Bayyaram,4742,Uppalapadu,ఉప్పలపాడు,authoritative,579435,507211,,
Telangana,Nagarkurnool,694,Vangoor,4577,Uppalapahad,ఉప్పలపహద్,transliterated,575606,509349,,
Telangana,Kamareddy,685,Ramareddy,6243,Uppalwai,ఉప్పల్వై,transliterated,571312,503144,,
Telangana,Karimnagar,508,Gangadhara,4422,Uppara Mallial,ఉప్పారా మల్లియల్,transliterated,572213,505445,,
Telangana,Mahabubabad,688,Kothaguda,4710,Upparagudem,ఉప్పరగూడెం,transliterated,578438,506105,,
Telangana,Mahabubabad,688,Seerole,7518,Upparagudem,ఉప్పరగూడెం,transliterated,578663,506105,,
Telangana,Nagarkurnool,694,Uppununthala,4580,Upparapalle,ఉప్పెరపల్లీ,authoritative,575671,509376,,
Telangana,Wanaparthy,693,Ghanpur,4585,Upparapalle,ఉప్పెరపల్లీ,authoritative,575788,509380,,
Telangana,Narayanpet,721,Makthal,4589,Upparapalle,ఉప్పెరపల్లీ,authoritative,575870,509311,,
Telangana,Warangal,522,Chennaraopet,4712,Upparapalle,ఉప్పెరపల్లీ,authoritative,578487,506112,,
Telangana,Mahabubabad,688,Kesamudram,4717,Upparapalle,ఉప్పెరపల్లీ,authoritative,578572,506112,,
Telangana,Ranga Reddy,518,Ibrahimpatnam,4546,Uppariguda,ఉప్పరిగూడ,transliterated,912411,501506,,
Telangana,Bhadradri Kothagudem,690,Cherla,4726,Upparigudem(G),ఉప్పరిగూడెం(గ్),transliterated,578851,507133,,
Telangana,Mancherial,684,Vemanpally,4330,Upparlapahad,ఉప్పర్లపహాడ్,transliterated,569890,504214,,
Telangana,Vikarabad,698,Kodangal,4549,Upparpalle,ఉప్పర్పల్లె,transliterated,574908,509336,,
Telangana,Peddapalli,682,Manthani,4401,Uppatla,ఉప్పత్ల,transliterated,571785,505184,,
Telangana,Mulugu,720,Venkatapuram,4724,Uppedu (Z),ఉప్పెదు (జ్),transliterated,578781,507136,,
Telangana,Peddapalli,682,Ramagiri,6216,Upperlakesaram,అప్పర్లకేశరం,transliterated,571763,505184,,
Telangana,Kamareddy,685,Bibipet,6242,Upperpally,ఉప్పెర్పల్లి,transliterated,909514,503125,,
Telangana,Jogulamba Gadwal,695,Dharoor,4591,Upperu,ఉప్పేరు,authoritative,575945,509133,,
Telangana,Warangal,522,Wardhannapet,4704,Upprapalle,ఉప్ప్రపల్లె,transliterated,578308,506310,,
Telangana,Jangoan,689,Zaffergadh,4696,Uppugal,ఉప్పుగల్,authoritative,578165,506143,,
Telangana,Mulugu,720,Tadvai,4687,Uppukunta,ఉప్పుకుంటా,transliterated,577970,506344,,
Telangana,Medak,513,Yeldurthy,4481,Uppulingapur,ఉప్పులింగపూర్,transliterated,573564,502255,,
Telangana,Jagitial,681,Raikal,4395,Uppumadige,ఉప్పుమదిగె,transliterated,571661,505460,,
Telangana,Nagarkurnool,694,Uppununthala,4580,Uppununthala,ఉప్పునుంతల,transliterated,575673,509376,,
Telangana,Nagarkurnool,694,Amrabad,4578,Uppununthala (B.K),ఉప్పునుంథల (బ్.క్),transliterated,575629,509201,,
Telangana,Bhadradri Kothagudem,690,Burgampahad,4736,Uppusaka,ఉప్పుసాక,transliterated,579340,507114,,
Telangana,Nagarkurnool,694,Urkonda,6295,Urkonda,ఉర్కొంద,transliterated,575345,509320,,
Telangana,Nagarkurnool,694,Urkonda,6295,Urkondapeta,ఉర్కొందపేట,transliterated,575343,509320,,
Telangana,Warangal,522,Khila Warangal,6246,Urus,ఉరుస్,transliterated,923544,506002,,
Telangana,Kumuram Bheem Asifabad,699,Jainoor,4320,Ushegaon,ఉషేగాన్,transliterated,569549,504313,,
Telangana,Medak,513,Shivampet,4487,Usirikapalle,ఉసిరికపల్లె,transliterated,573730,502334,,
Telangana,Khammam,509,Singareni,4744,Usirikayalapally,ఉసిరికాయలపల్లి,transliterated,579454,507123,,
Telangana,Sangareddy,691,Manoor,4451,Usirkapalle,ఉసిర్కపల్లె,transliterated,572776,502269,,
Telangana,Sangareddy,691,Vatpally,6291,Usrikpalle,ఉస్రిక్పల్లె,transliterated,573262,502270,,
Telangana,Jogulamba Gadwal,695,Ieeja,4606,Uthanur,ఉత్తనుర్,authoritative,576282,509127,,
Telangana,Sangareddy,691,Kandi,6275,Utharpalle,ఉత్తరపల్లె,transliterated,573887,502295,,
Telangana,Yadadri Bhuvanagiri,697,Ramannapet,4632,Uthatoor,ఉతటూర్,transliterated,576855,508113,,
Telangana,Kamareddy,685,Sadashivanagar,4381,Uthnoor,ఉత్నూర్,transliterated,571335,503145,,
Telangana,Narayanpet,721,Utkoor,4571,Utkoor,ఉత్కూర్,transliterated,575479,509311,,
Telangana,Khammam,509,Kamepalli,4745,Utkoor,ఉత్కూర్,transliterated,579470,507122,,
Telangana,Jogulamba Gadwal,695,Alampur,4612,Utkur,ఉత్కుర్,transliterated,576432,509152,,
Telangana,Adilabad,501,Utnoor,4321,Utnoor,ఉట్నూర్,transliterated,569596,504311,,
Telangana,Karimnagar,508,Manakondur,4427,Utoor,ఉతూర్,transliterated,572286,505505,,
Telangana,Sangareddy,691,Nagalgidda,6280,Utpalle,ఉత్పల్లె,transliterated,572738,502286,,
Telangana,Ranga Reddy,518,Kondurg,4558,Uttaraspalle,ఉత్తరాస్పల్లె,transliterated,575146,509207,,
Telangana,Mancherial,684,Luxettipet,4353,Utukur,ఊటుకూరు,authoritative,570581,504215,,
Telangana,Bhadradri Kothagudem,690,Cherla,4726,Uyyalamadugu (G),ఉయ్యాలమడుగు (గ్),transliterated,578875,507140,,
Telangana,Bhadradri Kothagudem,690,Cherla,4726,Uyyalamadugu (Z),ఉయ్యాలమడుగు (జ్),transliterated,578876,507140,,
Telangana,Mahabubabad,688,Dornakal,4722,Uyyalawada,ఉయ్యాలవాడ,authoritative,578669,506368,,
Telangana,Khammam,509,Raghunadhapalem,4757,V. Venkatayapalem,వ్. వెంకటాయపాలెం,transliterated,579683,507318,,
Telangana,Karimnagar,508,Thimmapur LMD,4438,Vachunur,వచునుర్,transliterated,572514,505530,,
Telangana,Kamareddy,685,Nagireddypet,4387,Vadalparthi,వదల్పర్తి,transliterated,571494,503108,,
Telangana,Mulugu,720,Tadvai,4687,Vaddagudem (P.L),వద్దగూడెం (ప్.ల్),transliterated,577975,506347,,
Telangana,Nizamabad,516,Yedapally,4369,Vaddapally,వడ్డపల్లి,transliterated,909484,503202,,
Telangana,Nizamabad,516,Makloor,4367,Vaddatipalle,వద్దతిపల్లె,transliterated,570919,503003,,
Telangana,Nalgonda,514,Nampally,4654,Vadde Palle,వడ్డే పల్లె,transliterated,577272,508373,,
Telangana,Nalgonda,514,Nampally,4654,Vaddepally,వడ్డెపల్లి,transliterated,909849,508373,,
Telangana,Nizamabad,516,Morthad,4362,Vaddiyat,వడ్డియత్,transliterated,570824,503225,,
Telangana,Peddapalli,682,Julapalli,4409,Vadkapur,వడ్కాపూర్,transliterated,572004,505525,,
Telangana,Bhadradri Kothagudem,690,Dammapeta,4750,Vadlagudem,వడ్లగూడెం,transliterated,579558,507306,,
Telangana,Kamareddy,685,Pedda Kodapgal,6245,Vadlam,వడ్లం,transliterated,571157,503310,,
Telangana,Vikarabad,698,Kotepally,6312,Vagulapur,వాగులాపూర్,transliterated,574418,501142,,
Telangana,Siddipet,692,Mulug,4486,Vagunuthi,వగునుథి,transliterated,916346,502279,,
Telangana,Adilabad,501,Gudihatnoor,4310,Vaijapur,వైజాపూర్,transliterated,569148,504308,,
Telangana,Nirmal,680,Sarangapur,4336,Vaikuntapur,వైకుంఠాపూర్,transliterated,570086,504109,,
Telangana,Sangareddy,691,Jinnaram,4493,Vailal,వైలల్,transliterated,573906,502319,,
Telangana,Suryapet,696,Nadigudem,4641,Vailasingaram,వైలసింగారం,transliterated,909788,508206,,
Telangana,Suryapet,696,Chinthalapalem,6303,Vajinepalle,వాజినేపల్లె,transliterated,577596,508246,,
Telangana,Jayashankar Bhupalapally,687,Bhupalpally,4682,Vajinepalle,వాజినేపల్లె,transliterated,577823,506168,,
Telangana,Mahabubabad,688,Kothaguda,4710,Vajjavanigudem,వజ్జవనిగూడెం,transliterated,578402,506132,,
Telangana,Kamareddy,685,Sadashivanagar,4381,Vajjepally (Kalan),వజ్జేపల్లి (కలన్),transliterated,571333,503145,,
Telangana,Kamareddy,685,Sadashivanagar,4381,Vajjepally (Khurd),వజ్జెపల్లి (ఖుర్ద్),transliterated,571334,503145,,
Telangana,Jayashankar Bhupalapally,687,Mutharam Mahadevpur,4404,Vajnepalle,వాజ్నేపల్లె,transliterated,571907,505503,,
Telangana,Karimnagar,508,Veenavanka,4439,Valbapur,వల్బాపూర్,transliterated,572541,505129,,
Telangana,Jagitial,681,Mallapur,4394,Valgonda,వల్గొంద,transliterated,571626,505331,,
Telangana,Yadadri Bhuvanagiri,697,Valigonda,4627,Valigonda,వలిగొండ,authoritative,576741,508112,,
Telangana,Suryapet,696,Nadigudem,4641,Valla Puram,వల్ల పురం,transliterated,576999,508234,,
Telangana,Nagarkurnool,694,Nagarkurnool,4583,Vallabhanpalle,వల్లభన్పల్లె,transliterated,576066,509235,,
Telangana,Nizamabad,516,Makloor,4367,Vallabhapur,వల్లభాపూర్,transliterated,570902,503003,,
Telangana,Nizamabad,516,Kotagiri,4371,Vallabhapur,వల్లభాపూర్,transliterated,571010,503207,,
Telangana,Hanumakonda,686,Elkathurthy,4449,Vallabhapur,వల్లభాపూర్,transliterated,572692,505476,,
Telangana,Medak,513,Chegunta,4466,Vallabhapur,వల్లభాపూర్,transliterated,573132,502248,,
Telangana,Wanaparthy,693,Weepangandla,4608,Vallabhapur,వల్లభాపూర్,transliterated,576189,509105,,
Telangana,Nalgonda,514,Nakrekal,4636,Vallabhapur,వల్లభాపూర్,transliterated,576917,508211,,
Telangana,Nalgonda,514,Nidmanoor,4661,Vallabhapur,వల్లభాపూర్,transliterated,577453,508278,,
Telangana,Suryapet,696,Chivemla,4639,Vallabhapuram,వల్లభాపురం,authoritative,576974,508214,,
Telangana,Mahabubnagar,512,Midjil,4566,Vallabharaopally,వల్లభరఒపల్లి,transliterated,909589,509357,,
Telangana,Khammam,509,Mudigonda,4758,Vallabhi,వల్లభి,transliterated,579707,507169,,
Telangana,Nalgonda,514,Shaligouraram,4624,Vallala,వల్లల,transliterated,576671,508210,,
Telangana,Jayashankar Bhupalapally,687,Malharrao,4405,Vallamkunta,వల్లంకుంట,transliterated,571920,505503,,
Telangana,Karimnagar,508,Karimnagar,6231,Vallampahad,వల్లంపహాడ్,transliterated,572318,505001,,
Telangana,Jagitial,681,Medipalli,4415,Vallampalle,వల్లంపల్లె,transliterated,572098,505453,,
Telangana,Narayanpet,721,Utkoor,4571,Vallampalle,వల్లంపల్లె,transliterated,575467,509210,,
Telangana,Rajanna Sircilla,683,Illanthakunta,4436,Vallampatla,వాళ్లంపట్ల,transliterated,572470,505402,,
Telangana,Sangareddy,691,Nagalgidda,6280,Valloor,వల్లూర్,transliterated,572750,502286,,
Telangana,Medak,513,Narsingi,6272,Valloor,వల్లూర్,transliterated,573147,502255,,
Telangana,Jogulamba Gadwal,695,Yerravalli,7517,Vallur,వల్లూరు,authoritative,576317,509128,,
Telangana,Jangoan,689,Palakurthy,4697,Valmidi,వల్మిది,transliterated,578200,506222,,
Telangana,Sangareddy,691,Kangti,4450,Valmoor,వల్మూర్,transliterated,572707,502287,,
Telangana,Suryapet,696,Chivemla,4639,Valyathanda,వాల్యతండ,transliterated,909779,508214,,
Telangana,Ranga Reddy,518,Kadthal,6324,Vampuguda,వంపుగూడ,transliterated,575256,509358,,
Telangana,Hanumakonda,686,Inavole,6249,Vanamalakanapatrthy,వనమాలకనపత్ర్తి,transliterated,578151,506003,,
Telangana,Sangareddy,691,Jharasangam,4476,Vanampalle,వనంపల్లె,transliterated,573402,502251,,
Telangana,Ranga Reddy,518,Jilled Chowdergudem,6322,Vanampalle,వనంపల్లె,transliterated,575138,509207,,
Telangana,Jangoan,689,Lingalaghanpur,4700,Vanaparthy,వనపర్థ్య్,transliterated,578254,506303,,
Telangana,Nagarkurnool,694,Nagarkurnool,4583,Vanapatla,వనపట్ల,transliterated,575739,509209,,
Telangana,Warangal,522,Geesugonda,4707,Vanchangiri,వంచనగిరి,transliterated,578348,506330,,
Telangana,Khammam,509,Chinthakani,4760,Vandanam,వందనం,authoritative,579732,507318,,
Telangana,Kamareddy,685,Gandhari,4382,Vandrikal,వంద్రికల్,transliterated,571365,503120,,
Telangana,Yadadri Bhuvanagiri,697,Gundala,4618,Vangala,వంగల,transliterated,576562,508277,,
Telangana,Nalgonda,514,Shaligouraram,4624,Vangamarthi,వంగమర్థి,transliterated,576676,508210,,
Telangana,Siddipet,692,Maddur,4673,Vangapalle,వంగపల్లె,transliterated,577645,506367,,
Telangana,Yadadri Bhuvanagiri,697,Yadagirigutta,4616,Vangapally,వంగపల్లి,transliterated,576525,508286,,
Telangana,Khammam,509,Madhira,4766,Vangaveedu,వంగవీడు,transliterated,579853,507203,,
Telangana,Nalgonda,514,Chityal,4633,Vanipakala,వానిపాకల,transliterated,576875,508114,,
Telangana,Nirmal,680,Sarangapur,4336,Vanjar,వంజర్,transliterated,570090,504306,,
Telangana,Yadadri Bhuvanagiri,697,B Pochampally,4630,Vanka Mamidi,వంక మామిడి,transliterated,576816,508284,,
Telangana,Kumuram Bheem Asifabad,699,Lingapur,6311,Vankamaddi,వంకమద్ది,authoritative,569760,504313,,
Telangana,Nalgonda,514,Pedda Adesherlapally,4658,Vankavalyampahad,వంకావల్యంపహాడ్,transliterated,577378,508266,,
Telangana,Nagarkurnool,694,Padara,6294,Vankeshwaram,వంకెశ్వరమ్,transliterated,575622,509201,,
Telangana,Karimnagar,508,Ramadugu,4423,Vannaram,వన్నారం,transliterated,572238,505451,,
Telangana,Karimnagar,508,Manakondur,4427,Vannaram,వన్నారం,transliterated,572298,505474,,
Telangana,Nizamabad,516,Balkonda,4361,Vannel Bashirabad,వానెల్ బషీరాబాద్,transliterated,570806,503217,,
Telangana,Nizamabad,516,Nandipet,4359,Vannel(Khurd),వానెల్(ఖుర్ద్),transliterated,570758,503212,,
Telangana,Rajanna Sircilla,683,Veernapalli,6220,Vanpalli,వంపల్లి,transliterated,572389,505305,,
Telangana,Rajanna Sircilla,683,Illanthakunta,4436,Vanthadupula,వంతడుపుల,transliterated,572475,505402,,
Telangana,Karimnagar,508,Ellandakunta,6234,Vanthadupula,వంథదుపుల,transliterated,572545,505475,,
Telangana,Mahabubabad,688,Narsimhulapet,4719,Vanthadupula,వంతడుపుల,transliterated,578614,506324,,
Telangana,Mahabubnagar,512,Gandeed,4538,Varahagiripalle,వరాహగిరిపల్లె,transliterated,574578,509337,,
Telangana,Suryapet,696,Nagaram,6298,Vardaman Kota,వర్దమన్ కోట,transliterated,576644,508279,,
Telangana,Siddipet,692,Markook,6282,Vardarajpur,వర్దరాజపూర్,transliterated,573661,502281,,
Telangana,Rajanna Sircilla,683,Boinpalli,4429,Vardavelli,వర్దవెల్లి,transliterated,572339,505524,,
Telangana,Suryapet,696,Mattampally,4670,Vardhapuram,వర్ధాపురం,transliterated,577583,508204,,
Telangana,Medak,513,Kulcharam,4468,Variguntham,వరిగుంతం,transliterated,573186,502381,,
Telangana,Hanumakonda,686,Nadikuda,6547,Varikole,వారికోలే,transliterated,577749,506391,,
Telangana,Siddipet,692,Koheda,4443,Varikolu,వరికోలు,transliterated,572596,505530,,
Telangana,Nalgonda,514,Chinthapally,4650,Varkal,వర్కల్,transliterated,577174,508250,,
Telangana,Nirmal,680,Kubeer,4338,Varni,వర్ని,authoritative,570152,504103,,
Telangana,Nizamabad,516,Varni,4376,Varni,వర్ని,authoritative,571208,503201,,
Telangana,Jagitial,681,Ibrahimpatnam,4393,Varshakonda,వర్షకొండ,transliterated,571615,505450,,
Telangana,Yadadri Bhuvanagiri,697,Motakonduru,6309,Varuturu,వరుతూరు,transliterated,576530,508286,,
Telangana,Yadadri Bhuvanagiri,697,Thurkapally,4614,Vasala Marri,వాసల మర్రి,transliterated,576485,508115,,
Telangana,Nagarkurnool,694,Bijinapally,4584,Vasanthapur,వసంతాపూర్,transliterated,575751,509215,,
Telangana,Hanumakonda,686,Shayampet,4691,Vasanthapur,వసంతాపూర్,transliterated,578075,506349,,
Telangana,Warangal,522,Khila Warangal,6246,Vasanthapur (Og),వసంతాపూర్ (ఒగ్),transliterated,578356,506330,,
Telangana,Nirmal,680,Pembi,6206,Vaspalle,వాస్పల్లె,transliterated,570431,504203,,
Telangana,Yadadri Bhuvanagiri,697,Gundala,4618,Vastha Kondur,వస్తా కొండూర్,transliterated,576565,508223,,
Telangana,Nirmal,680,Mamada,4346,Vasthapur,వస్థపూర్,transliterated,570396,504310,,
Telangana,Jagitial,681,Raikal,4395,Vasthapur,వస్తాపూర్,transliterated,571648,505460,,
Telangana,Ranga Reddy,518,Kadthal,6324,Vasudevapur,వసుదెవపూర్,transliterated,575277,509358,,
Telangana,Kamareddy,685,Banswada,4383,Vasudevpalle,వాసుదేవ్పల్లె,transliterated,571367,503187,,
Telangana,Sangareddy,691,Vatpally,6291,Vatpally,వాట్పల్లి,transliterated,573230,502269,,
Telangana,Rajanna Sircilla,683,Vemulawada Rural,6218,Vattemla,వత్తెంల,transliterated,572352,505524,,
Telangana,Vikarabad,698,Nawabpet,4514,Vatti Minapalle,వట్టి మినపల్లె,transliterated,574026,501111,,
Telangana,Suryapet,696,Chivemla,4639,Vattikhammam Pahad,వత్తిఖమ్మమ్ పహద్,transliterated,576967,508214,,
Telangana,Nalgonda,514,Gurrampode,4657,Vattikode,వట్టికోడ్,transliterated,577336,508255,,
Telangana,Rajanna Sircilla,683,Konaraopet,4431,Vattimalla,వట్టిమల్ల,transliterated,572370,505301,,
Telangana,Ranga Reddy,518,Gandipet,6320,Vattinagulapalle,వట్టినాగులపల్లె,transliterated,574228,500075,,
Telangana,Nagarkurnool,694,Telkapally,4581,Vattipalle,వట్టిపల్లె,transliterated,575693,509412,,
Telangana,Medak,513,Toopran,4482,Vattur,వత్తూర్,transliterated,573582,502334,,
Telangana,Nagarkurnool,694,Amrabad,4578,Vatwarlapalle (Ct),వట్వార్లపల్లె (సీటీ),transliterated,575632,509326,,
Telangana,Karimnagar,508,Jammikunta,4440,Vavilala,వావిలాల,authoritative,572544,505475,,
Telangana,Jogulamba Gadwal,695,Itikyala,4607,Vavilala,వావిలాల,authoritative,576312,509128,,
Telangana,Jangoan,689,Palakurthy,4697,Vavilala,వావిలాల,authoritative,578203,506317,,
Telangana,Nalgonda,514,Gundlapally,4651,Vavilkole,వావిల్కోలే,transliterated,577190,508258,,
Telangana,Siddipet,692,Cherial,4672,Vechareni,వెచరెని,transliterated,577611,506223,,
Telangana,Bhadradri Kothagudem,690,Aswaraopeta,4749,Vedanthapuram,వేదాంతపురం,transliterated,579532,507301,,
Telangana,Karimnagar,508,Ramadugu,4423,Vedira,వేదిరా,transliterated,572234,505451,,
Telangana,Nagarkurnool,694,Thimmajipet,4575,Vedirepalle,వెదిరేపల్లె,transliterated,575564,509406,,
Telangana,Karimnagar,508,Choppadandi,4424,Vedurughattu,వెదురుఘట్టు,transliterated,572250,505415,,
Telangana,Karimnagar,508,Veenavanka,4439,Veenavanka,వీణవంక,transliterated,572538,505502,,
Telangana,Wanaparthy,693,Weepangandla,4608,Veepangandla,వీపంగండ్ల,transliterated,576324,509105,,
Telangana,Yadadri Bhuvanagiri,697,Bhongir,4628,Veera Vally,వీర వాలీ,transliterated,576762,508286,,
Telangana,Nalgonda,514,Gundlapally,4651,Veeraboina Palle,వీరబోయిన పల్లె,transliterated,577188,508258,,
Telangana,Nirmal,680,Kubeer,4338,Veeragohan,వీరగోహన్,transliterated,570139,504103,,
Telangana,Wanaparthy,693,Peddamandadi,4594,Veeraipalle,వీరైపల్లె,transliterated,576033,509380,,
Telangana,Mahabubnagar,512,Koilkonda,4569,Veerampalle,వీరంపల్లె,transliterated,575421,509371,,
Telangana,Mahabubabad,688,Gudur,4711,Veerampet,వీరంపెత్,transliterated,578464,506103,,
Telangana,Nizamabad,516,Renjal,4357,Veerannagutta,వీరన్నగుట్ట,transliterated,909466,503235,,
Telangana,Ranga Reddy,518,Jilled Chowdergudem,6322,Veerannapet,వీరన్నపేట,transliterated,575163,509207,,
Telangana,Jayashankar Bhupalapally,687,Kataram,4402,Veerapoor,వీరాపూర్,transliterated,571822,505503,,
Telangana,Kamareddy,685,Birkur,4375,Veerapur,వీరాపూర్,transliterated,571188,503301,,
Telangana,Jagitial,681,Raikal,4395,Veerapur,వీరపూర్,transliterated,571654,505460,,
Telangana,Mulugu,720,Tadvai,4687,Veerapuram,వీరాపురం,authoritative,578015,506344,,
Telangana,Bhadradri Kothagudem,690,Pinapaka,4725,Veerapuram,వీరాపురం,authoritative,578826,507117,,
Telangana,Mulugu,720,Venkatapuram,4724,Veerapuram (Z),వీరాపురం (జ్),transliterated,578782,507136,,
Telangana,Wanaparthy,693,Atmakur,4592,Veeraraghavapur,వీరరాఘవాపూర్,transliterated,575988,509131,,
Telangana,Narayanpet,721,Gundumal,7523,Veeraram,వీరారాం,transliterated,575049,509371,,
Telangana,Siddipet,692,Akberpet-Bhoompally,7524,Veerareddipalle,వీరారెడ్డిపల్లె,transliterated,573094,502102,,
Telangana,Vikarabad,698,Tandur,4534,Veeredpalle,వీరేడ్పల్లె,transliterated,574455,501141,,
Telangana,Nalgonda,514,Dameracherla,4663,Veerla Palem,వీర్ల పలెమ్,transliterated,577486,508208,,
Telangana,Vikarabad,698,Marpalle,4512,Veerlapalle,వీర్లపల్లె,transliterated,573985,501202,,
Telangana,Ranga Reddy,518,Nandigama,6321,Veerlapalle,వీర్లపల్లె,transliterated,575219,509325,,
Telangana,Rajanna Sircilla,683,Veernapalli,6220,Veernapalli,వీర్ణపల్లి,transliterated,572393,505305,,
Telangana,Kumuram Bheem Asifabad,699,Koutala,4316,Veervalli,వీర్వల్లి,transliterated,569366,504299,,
Telangana,Mahabubabad,688,Chinnagudur,6254,Veesampalle,వీసంపల్లె,transliterated,578627,506104,,
Telangana,Karimnagar,508,Manakondur,4427,Vegurupalle,వేగురుపల్లె,transliterated,572285,505505,,
Telangana,Hanumakonda,686,Velair,6252,Velair,వేలైర్,authoritative,577711,506142,,
Telangana,Vikarabad,698,Mominpet,4513,Velchal,వెల్చాల్,transliterated,574013,501202,,
Telangana,Jayashankar Bhupalapally,687,Tekumatla,6248,Velchal,వెల్చల్,transliterated,577801,506356,,
Telangana,Nagarkurnool,694,Veldanda,4565,Veldanda,వెల్దంద,transliterated,575321,509360,,
Telangana,Jangoan,689,Narmetta,4675,Veldanda,వెల్దండ,transliterated,577681,506221,,
Telangana,Yadadri Bhuvanagiri,697,Adda Guduru,6310,Veldevi,వెల్దేవి,transliterated,576699,508277,,
Telangana,Karimnagar,508,Manakondur,4427,Veldi,వెల్ది,transliterated,572284,505469,,
Telangana,Jangoan,689,Ragunathpally,4698,Veldi,వెల్ది,transliterated,578207,506244,,
Telangana,Jagitial,681,Jagitial Rural,6211,Veldurti,వెల్దుర్తి,transliterated,572089,505455,,
Telangana,Medchal Malkajgiri,700,Medchal,4519,Velgalkunta,వెల్గల్కుంట,transliterated,574080,500043,,
Telangana,Peddapalli,682,Ramagiri,6216,Velgalpahad,వెల్గల్పహద్,transliterated,571778,505212,,
Telangana,Nizamabad,516,Mendora,6237,Velgatoor,వెల్గటూర్,transliterated,570797,503219,,
Telangana,Jagitial,681,Velgatur,4398,Velgatur,వెల్గటూర్,transliterated,571713,505526,,
Telangana,Kumuram Bheem Asifabad,699,Wankidi,4314,Velgi,వెల్గి,transliterated,569338,504295,,
Telangana,Jagitial,681,Buggaram,6213,Velgonda,వెల్గొంద,transliterated,571702,505454,,
Telangana,Wanaparthy,693,Chinnambavi,6287,Velgonda,వెల్గొండ,transliterated,576323,509105,,
Telangana,Nirmal,680,Narsapur G,6208,Velgudhari,వెల్గుధారి,transliterated,570109,504104,,
Telangana,Karimnagar,508,Ramadugu,4423,Velichal,వెలిచల్,transliterated,572235,505451,,
Telangana,Suryapet,696,Thirumalagiri,4619,Velichala,వెలిచాలా,transliterated,576570,508223,,
Telangana,Suryapet,696,Garidepally,4666,Velidanda,వెలిదండ,transliterated,577544,508201,,
Telangana,Mahabubabad,688,Thorrur,4715,Velikatte,వెలికట్టే,transliterated,578526,506163,,
Telangana,Siddipet,692,Kondapak,4462,Velikattu,వేలికట్టు,transliterated,573049,502277,,
Telangana,Ranga Reddy,518,Thalakondapally,4562,Veljala,వెల్జల,transliterated,575270,509357,,
Telangana,Ranga Reddy,518,Farooqnagar,4559,Veljerla,వెల్జెర్ల,transliterated,909568,509216,,
Telangana,Ranga Reddy,518,Farooqnagar,4559,Veljerla – III,వెల్జెర్ల – ఐఐఐ,transliterated,575184,509216,,
Telangana,Ranga Reddy,518,Farooqnagar,4559,Veljerla-I,వెల్జెర్ల-ఇ,transliterated,575188,509216,,
Telangana,Ranga Reddy,518,Farooqnagar,4559,Veljerla-Ii,వెల్జెర్ల-ఈ,transliterated,575187,509216,,
Telangana,Rajanna Sircilla,683,Illanthakunta,4436,Veljipuram,వెల్జిపురం,transliterated,572468,505402,,
Telangana,Nagarkurnool,694,Kalwakurthy,4576,Velkatta,వేల్కట్ట,transliterated,575576,509320,,
Telangana,Nagarkurnool,694,Kalwakurthy,4576,Velkatta,వేల్కట్ట,transliterated,909626,509320,,
Telangana,Siddipet,692,Siddipet Urban,4459,Velkatur,వెల్కటూర్,transliterated,573032,502375,,
Telangana,Hanumakonda,686,Parkal,4679,Vellampalle,వెల్లంపల్లె,transliterated,577766,506391,,
Telangana,Jayashankar Bhupalapally,687,Tekumatla,6248,Vellampalle,వెల్లంపల్లె,transliterated,577800,506356,,
Telangana,Jagitial,681,Metpalli,4417,Vellulla,వెల్లుళ్ల,transliterated,572129,505325,,
Telangana,Kamareddy,685,Yellareddy,4386,Vellutla,వెల్లుత్ల,transliterated,571445,503122,,
Telangana,Nalgonda,514,Peddavoora,4659,Velmaguda,వెల్మగూడ,transliterated,577384,508266,,
Telangana,Yadadri Bhuvanagiri,697,Gundala,4618,Velmajala,వెల్మజాల,transliterated,576548,508101,,
Telangana,Nalgonda,514,Gattuppal,7526,Velmakanne,వెల్మకన్నె,transliterated,577126,508253,,
Telangana,Nizamabad,516,Nandipet,4359,Velmal,వెల్మల్,transliterated,570754,503213,,
Telangana,Suryapet,696,Jajireddygudem,4623,Velpu Cherla,వెల్పు చెర్ల,transliterated,576655,508224,,
Telangana,Nizamabad,516,Vailpoor,4365,Velpur,వేల్పూర్,transliterated,570875,503311,,
Telangana,Wanaparthy,693,Peddamandadi,4594,Veltoor,వెల్టూర్,transliterated,576029,509382,,
Telangana,Sangareddy,691,Sadasivpet,4490,Veltur,వెల్తుర్,transliterated,573841,502291,,
Telangana,Nagarkurnool,694,Uppununthala,4580,Veltur,వెల్తుర్,transliterated,575665,509376,,
Telangana,Suryapet,696,Thungaturthy,4620,Velug Palle,వెలుగ్ పల్లె,transliterated,576599,508280,,
Telangana,Mahabubnagar,512,Midjil,4566,Velugommula,వెలుగొమ్ముల,transliterated,575351,509357,,
Telangana,Kamareddy,685,Nizamsagar,4385,Velugunur,వెలుగునూర్,transliterated,571437,503302,,
Telangana,Siddipet,692,Wargal,4485,Veluru,వేలూరు,authoritative,573682,502336,,
Telangana,Yadadri Bhuvanagiri,697,Valigonda,4627,Velverthy,వెల్వర్తి,transliterated,576743,508112,,
Telangana,Peddapalli,682,Palakurthy,6215,Vemnoor,వెమ్నూర్,transliterated,571737,505416,,
Telangana,Mahabubabad,688,Mahabubabad,4718,Vemnoor,వెమ్నూర్,transliterated,578584,506102,,
Telangana,Kumuram Bheem Asifabad,699,Sirpur (T),4315,Vempalle,వేంపల్లె,authoritative,569357,504296,,
Telangana,Nizamabad,516,Mupkal,6238,Vempalle,వేంపల్లె,authoritative,570801,503218,,
Telangana,Jagitial,681,Mallapur,4394,Vempalli Venkatraopet,వెంపల్లి వెంకట్రావుపేట,transliterated,571627,505331,,
Telangana,Suryapet,696,Thungaturthy,4620,Vempati,వెంపటి,transliterated,576590,508280,,
Telangana,Jagitial,681,Metpalli,4417,Vempet,వెంపెట్,transliterated,572127,505331,,
Telangana,Khammam,509,Vemsoor,4768,Vemsoor,వెంసూర్,transliterated,579901,507164,,
Telangana,Jogulamba Gadwal,695,Yerravalli,7517,Vemula,వేముల,authoritative,576315,509128,,
Telangana,Siddipet,692,Thoguta,4463,Vemulaghat,వేములాఘాట్,transliterated,573072,502301,,
Telangana,Yadadri Bhuvanagiri,697,Valigonda,4627,Vemulakonda,వేములకొండ,authoritative,576750,508112,,
Telangana,Jagitial,681,Ibrahimpatnam,4393,Vemulakurthi,వెములకుర్థి,transliterated,571608,505450,,
Telangana,Ranga Reddy,518,Keshampet,4561,Vemulanarva,వెములనర్వ,authoritative,575235,509408,,
Telangana,Nalgonda,514,Vemulapally,4644,Vemulapalle,వేములపల్లి,authoritative,577050,508217,,
Telangana,Jayashankar Bhupalapally,687,Mogullapally,4680,Vemulapalle,వేములపల్లి,authoritative,577781,506366,,
Telangana,Mahabubabad,688,Danthalapalle,6255,Vemulapalle,వేములపల్లి,authoritative,578611,506324,,
Telangana,Rajanna Sircilla,683,Vemulawada,4430,Vemulawada,వేములవాడ,authoritative,572368,505302,,
Telangana,Mancherial,684,Kotapally,4351,Venchapalle,వెంచపల్లె,transliterated,570536,504214,,
Telangana,Nizamabad,516,Mupkal,6238,Venchariyal,వెంచరియల్,transliterated,570798,503218,,
Telangana,Jayashankar Bhupalapally,687,Palimela,6250,Venchepalle,వెంచెపల్లె,transliterated,571894,505504,,
Telangana,Jayashankar Bhupalapally,687,Chityal,4681,Vencherami,వెంచెరమి,transliterated,577794,506170,,
Telangana,Sangareddy,691,Chowtakur,7188,Vendikole,వెండికోలే,transliterated,573497,502273,,
Telangana,Wanaparthy,693,Pangal,4601,Vengalaipalle,వెంగళాయిపల్లె,transliterated,576179,509120,,
Telangana,Jagitial,681,Pegadapalli,4421,Vengalaipet,వెంగలైపేట,transliterated,572192,505532,,
Telangana,Kamareddy,685,Mohammadnagar,7520,Vengalampalle,వెంగలంపల్లె,transliterated,571420,503302,,
Telangana,Jagitial,681,Gollapalli,4412,Vengalapur,వెంగళాపూర్,transliterated,572044,505532,,
Telangana,Mulugu,720,Tadvai,4687,Vengalapuram,వెంగళాపురం,transliterated,577963,506347,,
Telangana,Nizamabad,516,Indalwai,6236,Vengalpad,వెంగల్పాడ్,transliterated,571251,503164,,
Telangana,Nalgonda,514,Nidmanoor,4661,Vengannagudem,వెంగన్నగూడెం,transliterated,909870,508278,,
Telangana,Khammam,509,Thallada,4762,Vengannapeta,వెంగన్నపేట,transliterated,579771,507167,,
Telangana,Nirmal,680,Nirmal Rural,6210,Vengwapet,వెంగ్వాపేట్,transliterated,570335,504110,,
Telangana,Nalgonda,514,Nidmanoor,4661,Venigandla,వెనిగండ్ల,authoritative,577448,508278,,
Telangana,Jogulamba Gadwal,695,Ieeja,4606,Venisampur,వేనిసంపూర్,authoritative,576298,509135,,
Telangana,Kamareddy,685,Nagireddypet,4387,Venkampalle,వెంకంపల్లె,transliterated,571488,503108,,
Telangana,Nirmal,680,Pembi,6206,Venkampochampad,వెంకంపోచంపాడ్,transliterated,570435,504203,,
Telangana,Ranga Reddy,518,Maheshwaram,4544,Venkannaguda,వెంకన్నగూడ,transliterated,574763,509325,,
Telangana,Mulugu,720,Tadvai,4687,Venkannagudem,వెంకన్నగూడెం,transliterated,578018,506344,,
Telangana,Bhadradri Kothagudem,690,Dummugudem,4729,Venkata Ramapuram,వెంకత రమపురం,transliterated,578989,507137,,
Telangana,Nalgonda,514,Anumula,4660,Venkatadri Palem,వెంకటాద్రి పాలెం,authoritative,577410,508377,,
Telangana,Jangoan,689,Chilpur,6259,Venkatadripet,వెంకతద్రిపెత్,transliterated,577690,506145,,
Telangana,Karimnagar,508,Gangadhara,4422,Venkataipalle,వెంకటాయిపల్లె,transliterated,572201,505445,,
Telangana,Mahabubnagar,512,Devarakadra,4573,Venkataipalle,వెంకతైపల్లె,transliterated,575518,509204,,
Telangana,Sangareddy,691,Chowtakur,7188,Venkatakistapur @ Angadipet,వెంకటకిస్తాపూర్ @ అంగడిపేట,transliterated,573492,502273,,
Telangana,Rajanna Sircilla,683,Vemulawada Rural,6218,Venkatampalle,వెంకటంపల్లె,authoritative,572350,505403,,
Telangana,Wanaparthy,693,Ghanpur,4585,Venkatampalle,వెంకటంపల్లె,authoritative,575774,509380,,
Telangana,Ranga Reddy,518,Thalakondapally,4562,Venkatapoor,వెంకతపూర్,transliterated,909575,509408,,
Telangana,Nagarkurnool,694,Kalwakurthy,4576,Venkatapoor (Patti Maligara),వెంకతపూర్ (పత్తి మలిగర),transliterated,575577,509320,,
Telangana,Adilabad,501,Boath,4324,Venkatapur,వెంకటాపూర్,authoritative,569695,504323,,
Telangana,Adilabad,501,Neradigonda,4325,Venkatapur,వెంకటాపూర్,authoritative,569722,504323,,
Telangana,Mancherial,684,Bheemini,4328,Venkatapur,వెంకటాపూర్,authoritative,569823,504219,,
Telangana,Mancherial,684,Jannaram,4334,Venkatapur,వెంకటాపూర్,authoritative,570017,504205,,
Telangana,Nirmal,680,Mudhole,4341,Venkatapur,వెంకటాపూర్,authoritative,570239,504102,,
Telangana,Nirmal,680,Mamada,4346,Venkatapur,వెంకటాపూర్,authoritative,570426,504310,,
Telangana,Mancherial,684,Dandepally,4348,Venkatapur,వెంకటాపూర్,authoritative,570477,504206,,
Telangana,Mancherial,684,Mandamarri,4352,Venkatapur,వెంకటాపూర్,authoritative,570565,504231,,
Telangana,Nizamabad,516,Vailpoor,4365,Venkatapur,వెంకటాపూర్,authoritative,570873,503311,,
Telangana,Nizamabad,516,Makloor,4367,Venkatapur,వెంకటాపూర్,authoritative,570906,503246,,
Telangana,Kamareddy,685,Gandhari,4382,Venkatapur,వెంకటాపూర్,authoritative,571346,503187,,
Telangana,Kamareddy,685,Yellareddy,4386,Venkatapur,వెంకటాపూర్,authoritative,571443,503122,,
Telangana,Peddapalli,682,Manthani,4401,Venkatapur,వెంకటాపూర్,authoritative,571801,505184,,
Telangana,Jagitial,681,Korutla,4416,Venkatapur,వెంకటాపూర్,authoritative,572124,505330,,
Telangana,Rajanna Sircilla,683,Yellareddipet,4432,Venkatapur,వెంకటాపూర్,authoritative,572411,505301,,
Telangana,Sangareddy,691,Narayankhed,4452,Venkatapur,వెంకటాపూర్,authoritative,572796,502286,,
Telangana,Medak,513,Medak,4456,Venkatapur,వెంకటాపూర్,authoritative,572914,502117,,
Telangana,Medak,513,Nizampet,6271,Venkatapur,వెంకటాపూర్,authoritative,572949,502102,,
Telangana,Siddipet,692,Nangnoor,4461,Venkatapur,వెంకటాపూర్,authoritative,573030,502375,,
Telangana,Medak,513,Kulcharam,4468,Venkatapur,వెంకటాపూర్,authoritative,573191,502109,,
Telangana,Sangareddy,691,Kohir,4475,Venkatapur,వెంకటాపూర్,authoritative,573383,502321,,
Telangana,Medak,513,Kowdipally,4480,Venkatapur,వెంకటాపూర్,authoritative,573559,502316,,
Telangana,Siddipet,692,Jagdevpur,4484,Venkatapur,వెంకటాపూర్,authoritative,573644,502281,,
Telangana,Sangareddy,691,Sadasivpet,4490,Venkatapur,వెంకటాపూర్,authoritative,573830,502291,,
Telangana,Ranga Reddy,518,Moinabad,4528,Venkatapur,వెంకటాపూర్,authoritative,574269,501504,,
Telangana,Vikarabad,698,Chowdapur,7186,Venkatapur,వెంకటాపూర్,authoritative,574617,509340,,
Telangana,Narayanpet,721,Utkoor,4571,Venkatapur,వెంకటాపూర్,authoritative,575466,509311,,
Telangana,Nagarkurnool,694,Nagarkurnool,4583,Venkatapur,వెంకటాపూర్,authoritative,575727,509385,,
Telangana,Jogulamba Gadwal,695,Kaloor Thimmandoddi,6297,Venkatapur,వెంకటాపూర్,authoritative,575956,509133,,
Telangana,Wanaparthy,693,Wanaparthy,4595,Venkatapur,వెంకటాపూర్,authoritative,576045,509206,,
Telangana,Jogulamba Gadwal,695,Ieeja,4606,Venkatapur,వెంకటాపూర్,authoritative,576290,509135,,
Telangana,Yadadri Bhuvanagiri,697,Valigonda,4627,Venkatapur,వెంకటాపూర్,authoritative,576747,508112,,
Telangana,Hanumakonda,686,Parkal,4679,Venkatapur,వెంకటాపూర్,authoritative,577750,506366,,
Telangana,Warangal,522,Duggondi,4693,Venkatapur,వెంకటాపూర్,authoritative,578112,506333,,
Telangana,Hanumakonda,686,Damera,6375,Venkatapur,వెంకటాపూర్,authoritative,578126,506006,,
Telangana,Warangal,522,Nekkonda,4713,Venkatapur,వెంకటాపూర్,authoritative,578507,506369,,
Telangana,Mahabubabad,688,Thorrur,4715,Venkatapur,వెంకటాపూర్,authoritative,578538,506163,,
Telangana,Kamareddy,685,Yellareddy,4386,Venkatapur (Agraharam),వెంకటాపూర్ (అగ్రహారం),transliterated,571461,503122,,
Telangana,Siddipet,692,Kukunoorpally,7521,Venkatapur (Bg),వెంకటాపూర్ (బీజీ),transliterated,573667,502312,,
Telangana,Warangal,522,Sangem,4705,Venkatapur (Haveli),వెంకటాపూర్ (హవేలి),transliterated,578323,506329,,
Telangana,Ranga Reddy,518,Saroornagar,4526,Venkatapur (Og),వెంకటాపూర్ (ఒగ్),transliterated,573958,500005,,
Telangana,Nirmal,680,Nirmal Rural,6210,Venkatapur (R),వెంకతపూర్ (ర్),transliterated,570359,504106,,
Telangana,Wanaparthy,693,Srirangapur,6288,Venkatapur (S),వెంకటాపూర్ (స్),transliterated,576206,509104,,
Telangana,Medak,513,Toopran,4482,Venkatapur @ Pattitupran,వెంకటాపూర్ @ పట్టితుప్రాన్,transliterated,573597,502334,,
Telangana,Medak,513,Manoharabad,6273,Venkatapur Agraharam,వెంకతపూర్ అగ్రహరమ్,transliterated,573605,502334,,
Telangana,Yadadri Bhuvanagiri,697,Thurkapally,4614,Venkatapuram,వెంకటపురం,authoritative,576494,508115,,
Telangana,Suryapet,696,Atmakur (S),4622,Venkatapuram,వెంకటపురం,authoritative,576630,508221,,
Telangana,Hanumakonda,686,Inavole,6249,Venkatapuram,వెంకటపురం,authoritative,578167,506003,,
Telangana,Mahabubabad,688,Bayyaram,4742,Venkatapuram,వెంకటపురం,authoritative,579427,507211,,
Telangana,Khammam,509,Mudigonda,4758,Venkatapuram,వెంకటపురం,authoritative,579691,507158,,
Telangana,Mulugu,720,Venkatapuram,4724,Venkatapuram(G),వెంకతపురం(గ్),transliterated,578777,507136,,
Telangana,Ranga Reddy,518,Thalakondapally,4562,Venkatapurpatti Veljala,వెంకటాపూర్పట్టి వెల్జల,transliterated,575268,509357,,
Telangana,Mancherial,684,Luxettipet,4353,Venkataraopet,వెంకతరఒపెత్,transliterated,570578,504215,,
Telangana,Jagitial,681,Bheemaram (20),7541,Venkataraopeta,వెంకతరఒపేట,transliterated,572104,505453,,
Telangana,Suryapet,696,Munagala,4642,Venkatramapuram,వెంకట్రామపురం,transliterated,909790,508233,,
Telangana,Jayashankar Bhupalapally,687,Tekumatla,6248,Venkatraopalle,వెంకట్రావుపల్లె,transliterated,577790,506356,,
Telangana,Peddapalli,682,Ramagiri,6216,Venkatraopalli,వెంకట్రావుపల్లి,transliterated,909520,505525,,
Telangana,Kumuram Bheem Asifabad,699,Sirpur (T),4315,Venkatraopet,వెంకట్రావుపేట,transliterated,569344,504299,,
Telangana,Jagitial,681,Metpalli,4417,Venkatraopet,వెంకట్రావుపేట,transliterated,572126,505325,,
Telangana,Rajanna Sircilla,683,Konaraopet,4431,Venkatraopeta,వెంకత్రఒపేట,transliterated,572376,505301,,
Telangana,Ranga Reddy,518,Thalakondapally,4562,Venkatraopeta,వెంకట్రావుపేట,transliterated,575275,509320,,
Telangana,Bhadradri Kothagudem,690,Pinapaka,4725,Venkatraopeta,వెంకట్రావుపేట,transliterated,578831,507117,,
Telangana,Kamareddy,685,Tadwai,4389,Venkayalapalle,వెంకాయలపల్లె,transliterated,571537,503110,,
Telangana,Suryapet,696,Nuthanakal,4621,Venke Palle,వెంకే పల్లె,transliterated,576613,508224,,
Telangana,Karimnagar,508,V.Saidapur,4445,Venkepalle,వెంకెపల్లె,transliterated,572636,505472,,
Telangana,Nalgonda,514,Marriguda,4649,Venkepalle,వెంకేపల్లె,transliterated,577153,508245,,
Telangana,Ranga Reddy,518,Kondurg,4558,Venkiryal,వెంకిర్యాల్,transliterated,575174,509207,,
Telangana,Jangoan,689,Jangoan,4699,Venkriyala,వెంక్రియల,transliterated,578225,506175,,
Telangana,Nirmal,680,Kuntala,4337,Venkur,వెంకూర్,transliterated,570117,504109,,
Telangana,Mahabubnagar,512,Gandeed,4538,Vennached,వెన్నాచ్డ్,transliterated,574567,509339,,
Telangana,Khammam,509,Vemsoor,4768,Vennachedu,వెన్నచెదు,transliterated,579907,507316,,
Telangana,Peddapalli,682,Srirampur,4407,Vennampalle,వెన్నంపల్లె,transliterated,571962,505174,,
Telangana,Karimnagar,508,V.Saidapur,4445,Vennampalle,వెన్నంపల్లె,transliterated,572631,505490,,
Telangana,Mahabubabad,688,Dornakal,4722,Vennaram,వెన్నారం,transliterated,578676,506368,,
Telangana,Khammam,509,Kalluru,4763,Vennavalli,వెన్నవల్లి,transliterated,579793,507209,,
Telangana,Rajanna Sircilla,683,Thangallapalli,6217,Venugopalpur,వేణుగోపాల్పూర్,transliterated,572458,505301,,
Telangana,Suryapet,696,Nadigudem,4641,Venugoplapuram,వేణుగోప్లాపురం,transliterated,909789,508234,,
Telangana,Jagitial,681,Gollapalli,4412,Venugumatla,వెనుగుమట్ల,transliterated,572036,505532,,
Telangana,Khammam,509,Raghunadhapalem,4757,Vepakuntla,వెపకుంత్ల,transliterated,579680,507318,,
Telangana,Mahabubnagar,512,Hanwada,4555,Vepoor,వేపూర్,transliterated,575054,509334,,
Telangana,Khammam,509,Wyra,4764,Veppala Madaka,వెప్పల మడక,transliterated,579812,507165,,
Telangana,Nagarkurnool,694,Kalwakurthy,4576,Vepur,వేపూర్,transliterated,575585,509320,,
Telangana,Mancherial,684,Kotapally,4351,Vesonvai,వెసన్వై,transliterated,570531,504214,,
Telangana,Suryapet,696,Mothey,4640,Vibhalapur,విభలాపూర్,transliterated,576984,508212,,
Telangana,Nagarkurnool,694,Uppununthala,4580,Vighneswarpur,విఘ్నేశ్వరపూర్,transliterated,575661,509376,,
Telangana,Suryapet,696,Munagala,4642,Vijayaraghapuram,విజయరాఘపురం,transliterated,909795,508233,,
Telangana,Vikarabad,698,Vikarabad,4530,Vikarabad,వికారాబాద్,authoritative,956013,501101,,
Telangana,Jayashankar Bhupalapally,687,Kataram,4402,Vilasagar,విలాసాగర్,transliterated,571825,505503,,
Telangana,Rajanna Sircilla,683,Boinpalli,4429,Vilasagar,విలాసాగర్,transliterated,572338,505524,,
Telangana,Karimnagar,508,Jammikunta,4440,Vilasagar,విలసగర్,transliterated,572542,505475,,
Telangana,Peddapalli,682,Manthani,4401,Vilochavaram,విలోచవరం,transliterated,571795,505184,,
Telangana,Nalgonda,514,Chinthapally,4650,Vinjamoor,వింజమూర్,transliterated,577173,508250,,
Telangana,Mahabubnagar,512,Koilkonda,4569,Vinjamur,వింజమూరు,authoritative,575406,509371,,
Telangana,Siddipet,692,Koheda,4443,Vinjapalle,వింజపల్లె,transliterated,572594,505528,,
Telangana,Khammam,509,Singareni,4744,Vishwanadhapally,విశ్వనధపల్లి,transliterated,579458,507122,,
Telangana,Jangoan,689,Ghanpur (Station),4676,Vishwanathpur,విశ్వనాథపూర్,transliterated,577705,506143,,
Telangana,Jangoan,689,Palakurthy,4697,Visnoor,విస్నూర్,transliterated,578191,506222,,
Telangana,Siddipet,692,Kondapak,4462,Viswanathapalle,విశ్వనాథపల్లె,transliterated,573048,502372,,
Telangana,Vikarabad,698,Yelal,4536,Viswanathpur,విశ్వనాథపూర్,transliterated,574519,501144,,
Telangana,Ranga Reddy,518,Kondurg,4558,Viswanathpur,విశ్వనాథపూర్,transliterated,575154,509207,,
Telangana,Warangal,522,Geesugonda,4707,Viswanathpur,విశ్వనాథపూర్,transliterated,578352,506331,,
Telangana,Ranga Reddy,518,Amangal,4563,Vithaipalle,విథైపల్లె,transliterated,575288,509321,,
Telangana,Narayanpet,721,Damargidda,4553,Vithalapur,విఠలాపూర్,transliterated,574996,509336,,
Telangana,Nirmal,680,Mudhole,4341,Vitholi,వితోలి,transliterated,570241,504101,,
Telangana,Vikarabad,698,Chowdapur,7186,Vittalapur,విట్టలాపూర్,transliterated,574613,509340,,
Telangana,Jogulamba Gadwal,695,Maldakal,4604,Vittalapuram,విట్టలాపురం,authoritative,576256,509127,,
Telangana,Siddipet,692,Chinnakodur,4460,Vittalpur,విట్టల్పూర్,transliterated,573003,502310,,
Telangana,Jagitial,681,Metpalli,4417,Vittampet,విత్తంపేట,transliterated,572132,505325,,
Telangana,Nirmal,680,Kuntala,4337,Vittapur,విత్తాపూర్,transliterated,570116,504109,,
Telangana,Ranga Reddy,518,Farooqnagar,4559,Vittyal,విత్త్యల్,transliterated,575199,509202,,
Telangana,Jagitial,681,Bheemaram (20),7541,Voddedu,వొడ్డేడు,transliterated,572111,505453,,
Telangana,Kumuram Bheem Asifabad,699,Dahegoan,4329,Vodduguda,వొద్దుగూడ,transliterated,569867,504296,,
Telangana,Jayashankar Bhupalapally,687,Chityal,4681,Vodthala,వొద్థల,transliterated,577813,506170,,
Telangana,Yadadri Bhuvanagiri,697,Narayanpur,4648,Voilpally,వాయిల్పల్లి,transliterated,577142,508253,,
Telangana,Nirmal,680,Basar,6205,Voni,వొని అగ్రహారం,authoritative,570267,504101,,
Telangana,Nalgonda,514,Munugode,4647,Vookondi,వూకొంది,transliterated,577115,508244,,
Telangana,Nalgonda,514,Miryalaguda,4664,Vootla Palle,వూత్ల పల్లె,transliterated,577498,508208,,
Telangana,Bhadradri Kothagudem,690,Annapureddypalli,6268,Vootupalli,వూటుపల్లి,transliterated,579503,507316,,
Telangana,Bhadradri Kothagudem,690,Allapalli,6267,Vulavachalakam,వులవచలకం,transliterated,579409,507124,,
Telangana,Mahabubabad,688,Gangaram,6253,Vurabaka,వురబాక,transliterated,578429,506135,,
Telangana,Nalgonda,514,Nidmanoor,4661,Vutkur,ఊటుకూరు,authoritative,577441,508278,,
Telangana,Nalgonda,514,Peddavoora,4659,Vutlapalle,వుట్లపల్లె,transliterated,577396,508266,,
Telangana,Bhadradri Kothagudem,690,Dummugudem,4729,W. Reguballi,వ్. రేగుబల్లి,transliterated,578983,507137,,
Telangana,Adilabad,501,Inderavelly,4311,Wadagaon,వాడగాన్,transliterated,569202,504346,,
Telangana,Mulugu,720,Venkatapuram,4724,Wadagudem (G),వాడగూడెం (గ్),transliterated,578773,507136,,
Telangana,Mulugu,720,Venkatapuram,4724,Wadagudem (Z),వాడగూడెం (జ్),transliterated,578774,507136,,
Telangana,Yadadri Bhuvanagiri,697,Bhongir,4628,Wadaigudem,వాడైగూడెం,transliterated,909739,508115,,
Telangana,Sangareddy,691,Ameenpur,6276,Wadakpalle,వదక్పల్లె,transliterated,573929,502296,,
Telangana,Nalgonda,514,Dameracherla,4663,Wadapalli,వాడపల్లి,transliterated,577491,508355,,
Telangana,Yadadri Bhuvanagiri,697,Bhongir,4628,Wadaparthy,వాడపర్తి,transliterated,576753,508117,,
Telangana,Adilabad,501,Tamsi,4305,Waddadi,వడ్డది,transliterated,568973,504312,,
Telangana,Wanaparthy,693,Kothakota,4593,Waddawata,వడ్డవాట,transliterated,576012,509381,,
Telangana,Mulugu,720,Tadvai,4687,Waddegudem,వద్దెగూడెం,transliterated,577977,506347,,
Telangana,Mahabubabad,688,Peddavangara,6256,Waddekothapalle,వాడ్డెకోతపల్లె,transliterated,578283,506318,,
Telangana,Mahabubnagar,512,Chinnachintakunta,4587,Waddemanu,వడ్డెమను,transliterated,575821,509409,,
Telangana,Kamareddy,685,Nizamsagar,4385,Waddepalle,వాడ్డేపల్లె,transliterated,571432,503302,,
Telangana,Siddipet,692,Raipole,6283,Waddepalle,వద్దెపల్లె,transliterated,573119,502334,,
Telangana,Jogulamba Gadwal,695,Waddepally,4610,Waddepally,వాడ్డేపల్లి,transliterated,576389,509126,,
Telangana,Hanumakonda,686,Hanamkonda,4695,Waddepally,వద్దెపల్లి,transliterated,578160,506370,,
Telangana,Sangareddy,691,Nyalkal,4473,Waddi,వద్ది,transliterated,573316,502251,,
Telangana,Jangoan,689,Lingalaghanpur,4700,Waddicherla,వడ్డిచర్ల,transliterated,578245,506303,,
Telangana,Nirmal,680,Laxmanchanda,4345,Waddyal,వడ్డ్యాల్,transliterated,570372,504106,,
Telangana,Adilabad,501,Utnoor,4321,Wadgalpur (Buzurg),వడ్గల్పూర్ (బుజుర్గ్),transliterated,569576,504346,,
Telangana,Adilabad,501,Utnoor,4321,Wadgalpur (Khurd),వడ్గల్పూర్ (ఖుర్ద్),transliterated,569575,504346,,
Telangana,Adilabad,501,Bheempur,6223,Wadgaon,వాడ్గాన్,transliterated,568965,504312,,
Telangana,Nirmal,680,Tanoor,4340,Wadgaon,వద్గాంవ్,transliterated,570215,504102,,
Telangana,Nirmal,680,Tanoor,4340,Wadhone,వాధోనే,transliterated,570232,504103,,
Telangana,Nizamabad,516,Vailpoor,4365,Wadi,వది,transliterated,570880,503307,,
Telangana,Kamareddy,685,Palwancha,7519,Wadi,వాడి,transliterated,571296,503123,,
Telangana,Kamareddy,685,Madnoor,4372,Wadi Fathepur,వది ఫథెపూర్,transliterated,571064,503309,,
Telangana,Medak,513,Chegunta,4466,Wadiaram,వాడియారామ్,transliterated,573149,502255,,
Telangana,Vikarabad,698,Bomaraspeta,4550,Wadicherla,వాడిచర్ల,transliterated,574919,509338,,
Telangana,Kumuram Bheem Asifabad,699,Asifabad,4319,Wadigondi,వాడిగొంది,transliterated,569524,504293,,
Telangana,Mahabubnagar,512,Midjil,4566,Wadiyal,వడియాల్,transliterated,575349,509357,,
Telangana,Nirmal,680,Tanoor,4340,Wadjhari,వడ్జారీ,transliterated,570201,504103,,
Telangana,Jangoan,689,Jangoan,4699,Wadlakonda,వద్లకొంద,transliterated,578230,506175,,
Telangana,Adilabad,501,Utnoor,4321,Wadoni,వాడోని,transliterated,569561,504346,,
Telangana,Adilabad,501,Bheempur,6223,Wadoor,వాడూర్,transliterated,568950,504312,,
Telangana,Nirmal,680,Mudhole,4341,Wadthala,వద్థల,transliterated,570247,504101,,
Telangana,Narayanpet,721,Maganoor,4590,Wadwat,వద్వత్,transliterated,575932,509208,,
Telangana,Adilabad,501,Neradigonda,4325,Wagdhari,వాగ్ధారి,transliterated,569723,504323,,
Telangana,Adilabad,501,Mavala,6222,Waghapur,వాఘాపూర్,transliterated,569002,504308,,
Telangana,Nirmal,680,Kubeer,4338,Wai,వై,transliterated,570159,504103,,
Telangana,Adilabad,501,Sirikonda,6224,Waipet,వైపేట్,transliterated,569198,504307,,
Telangana,Adilabad,501,Sonala,7516,Wajar,వజార్,transliterated,569670,504306,,
Telangana,Kamareddy,685,Bichkunda,4374,Wajidnagar,వాజిద్నగర్,transliterated,571142,503187,,
Telangana,Kamareddy,685,Jukkal,4373,Wajrakhandi,వజ్రఖండి,transliterated,571116,503305,,
Telangana,Nirmal,680,Bhainsa,4339,Walegaon,వలెగాంవ్,transliterated,570190,504102,,
Telangana,Nirmal,680,Bhainsa,4339,Wanalpahad,వనల్పహద్,transliterated,570180,504109,,
Telangana,Sangareddy,691,Sirgapoor,6279,Wangdhal,వంగ్ధల్,transliterated,572728,502286,,
Telangana,Kumuram Bheem Asifabad,699,Wankidi,4314,Wankdi (Kalan),వాంక్డి (కలన్),transliterated,569323,504295,,
Telangana,Adilabad,501,Adilabad Rural,6221,Wanwat,వాన్వాట్,transliterated,569008,504002,,
Telangana,Siddipet,692,Wargal,4485,Wargal,వార్గల్,transliterated,573691,502279,,
Telangana,Narayanpet,721,Maganoor,4590,Warkoor,వర్కూర్,transliterated,575915,509208,,
Telangana,Adilabad,501,Gadiguda,6225,Warkwai,వార్క్వాయి,transliterated,569212,504311,,
Telangana,Adilabad,501,Bazarhatnoor,4323,Warthamanoor,వార్తమనూర్,transliterated,569669,504307,,
Telangana,Adilabad,501,Bela,4308,Warur,వారూర్,transliterated,569101,504309,,
Telangana,Sangareddy,691,Sirgapoor,6279,Wasar,వాసర్,transliterated,572727,502286,,
Telangana,Nirmal,680,Lokeswaram,4342,Wastapur,వస్తాపూర్,transliterated,570296,504101,,
Telangana,Nalgonda,514,Dameracherla,4663,Watchya Thanda,వాచ్యా తండ,transliterated,909896,508355,,
Telangana,Nirmal,680,Bhainsa,4339,Watoli,వాటోలీ,transliterated,570198,504109,,
Telangana,Nirmal,680,Lokeswaram,4342,Watoli,వాటోలీ,transliterated,570297,504104,,
Telangana,Siddipet,692,Jagdevpur,4484,Wattipalle,వట్టిపల్లె,transliterated,573649,502312,,
Telangana,Kumuram Bheem Asifabad,699,Asifabad,4319,Wavudham,వావుధం,transliterated,569517,504293,,
Telangana,Mulugu,720,Wajedu,4723,Wazeed(G),వజీద్(గ్),transliterated,578719,507136,,
Telangana,Bhadradri Kothagudem,690,Dummugudem,4729,White Nagaram,వైట్ నగరం,transliterated,578996,507137,,
Telangana,Yadadri Bhuvanagiri,697,Bommalaramaram,4613,Yaavapuram,యావపురం,transliterated,576464,508126,,
Telangana,Vikarabad,698,Pargi,4540,Yabajiguda,యాబాజీగూడ,transliterated,574654,501501,,
Telangana,Narayanpet,721,Maganoor,4590,Yabandoddi,యబందొద్ది,transliterated,575931,509208,,
Telangana,Kamareddy,685,Sadashivanagar,4381,Yacharam,యాచారం,authoritative,571332,503145,,
Telangana,Vikarabad,698,Bantwaram,4532,Yacharam,యాచారం,authoritative,574390,501106,,
Telangana,Ranga Reddy,518,Yacharam,4548,Yacharam,యాచారం,authoritative,574882,501509,,
Telangana,Nalgonda,514,Anumula,4660,Yacharam,యాచారం,authoritative,577416,508377,,
Telangana,Yadadri Bhuvanagiri,697,Yadagirigutta,4616,Yadagirigutta,యాదగిరిగుట్ట,authoritative,909958,508115,,
Telangana,Kamareddy,685,Bibipet,6242,Yadaram,యాదరం,transliterated,571594,503125,,
Telangana,Ranga Reddy,518,Thalakondapally,4562,Yadavalli,ఎడవల్లి,authoritative,575260,509321,,
Telangana,Suryapet,696,Nuthanakal,4621,Yadavelly,యాదవెల్లి,transliterated,576615,508221,,
Telangana,Nalgonda,514,Miryalaguda,4664,Yadgarpalle,యాద్గార్పల్లె,transliterated,577497,508208,,
Telangana,Medchal Malkajgiri,700,Keesara,4522,Yadgarpally (East),యాద్గార్పల్లి (ఈస్ట్),transliterated,574140,501301,,
Telangana,Medchal Malkajgiri,700,Keesara,4522,Yadgarpally (West),యాద్గార్పల్లి (వెస్ట్),transliterated,574141,501301,,
Telangana,Nizamabad,516,Kotagiri,4371,Yadgarpur,యాద్గార్పూర్,transliterated,571015,503207,,
Telangana,Nagarkurnool,694,Tadoor,4582,Yadireddipalle,యదిరెడ్డిపల్లె,transliterated,575706,509209,,
Telangana,Nagarkurnool,694,Thimmajipet,4575,Yadireddipally,యదిరెద్దిపల్లి,transliterated,909621,509406,,
Telangana,Khammam,509,Kalluru,4763,Yagna Narayanapuram,యగ్న నరయనపురం,transliterated,579786,507209,,
Telangana,Nirmal,680,Sarangapur,4336,Yakarpalle,యాకర్పల్లె,transliterated,570092,504110,,
Telangana,Nalgonda,514,Chandampeta,4652,Yalmalamanda,యల్మలమంద,transliterated,577227,508248,,
Telangana,Jayashankar Bhupalapally,687,Mutharam Mahadevpur,4404,Yamanpalle,యమంపల్లె,transliterated,571905,505503,,
Telangana,Jagitial,681,Ibrahimpatnam,4393,Yamapur,యమాపూర్,transliterated,571610,505450,,
Telangana,Nizamabad,516,Navipet,4358,Yamcha,యంచ,transliterated,570696,503245,,
Telangana,Vikarabad,698,Doulathabad,4552,Yamki,యామ్కి,transliterated,574979,509336,,
Telangana,Narayanpet,721,Narwa,4588,Yamki,యామ్కి,transliterated,575849,509130,,
Telangana,Medchal Malkajgiri,700,Ghatkesar,4523,Yamnampet,యంనంపెత్,transliterated,574156,501301,,
Telangana,Narayanpet,721,Dhanwada,4572,Yamnanpalle,యంనంపల్లె,transliterated,575503,509205,,
Telangana,Sangareddy,691,Kangti,4450,Yampalle,యంపల్లె,transliterated,572706,502287,,
Telangana,Bhadradri Kothagudem,690,Palvoncha,4737,Yanambailu,యనంబైలు,transliterated,579356,507115,,
Telangana,Nizamabad,516,Dichpally,4377,Yanampalle,యానంపల్లె,transliterated,571226,503175,,
Telangana,Jogulamba Gadwal,695,Ieeja,4606,Yapadinne,యాపదిన్నె,authoritative,576289,509135,,
Telangana,Jogulamba Gadwal,695,Alampur,4612,Yapaladevipadu,యాపాలాదేవిపాడు,transliterated,576431,509153,,
Telangana,Adilabad,501,Adilabad Rural,6221,Yapalguda,యాపాల్గూడ,transliterated,568992,504002,,
Telangana,Wanaparthy,693,Pebbair,4602,Yaparla,యాపర్ల,transliterated,576219,509104,,
Telangana,Nagarkurnool,694,Peddakothapally,4599,Yapatla,యపత్ల,transliterated,576143,509401,,
Telangana,Sangareddy,691,Nagalgidda,6280,Yarriboguda,యార్రిబోగూడ,transliterated,572740,502286,,
Telangana,Suryapet,696,Ananthagiri,6302,Yasanthapuram,యసంథపురం,transliterated,577010,508206,,
Telangana,Jagitial,681,Buggaram,6213,Yashwantharaopet,యశ్వంతరావుపేట,transliterated,572033,505454,,
Telangana,Karimnagar,508,Ganneruvaram,6232,Yaswada,యాస్వాడ,transliterated,572490,505530,,
Telangana,Suryapet,696,Mattampally,4670,Yatavakilla,యాతవకిల్లా,transliterated,577581,508204,,
Telangana,Khammam,509,Sathupalli,4751,Yathalakunta,యథలకుంట,transliterated,579560,507315,,
Telangana,Khammam,509,Konijerla,4761,Yatham Kuntla,యథం కుంట్ల,transliterated,579757,507305,,
Telangana,Nagarkurnool,694,Tadoor,4582,Yatmatapur,యత్మతపూర్,transliterated,575708,509209,,
Telangana,Medak,513,Toopran,4482,Yavapur,యవాపూర్,transliterated,573592,502334,,
Telangana,Vikarabad,698,Nawabpet,4514,Yavapur,యవాపూర్,transliterated,574025,501111,,
Telangana,Khammam,509,Mudigonda,4758,Yedavalli,ఏడవల్లి,transliterated,579688,507170,,
Telangana,Jogulamba Gadwal,695,Maldakal,4604,Yeddulagudem,యెద్దులగూడెం,transliterated,576249,509132,,
Telangana,Nirmal,680,Lokeswaram,4342,Yeddur,యెద్దూర్,transliterated,570280,504104,,
Telangana,Mahabubnagar,512,Mahabubnagar Urban,4568,Yedira (Part),ఏదిరా (పార్ట్),transliterated,575390,509002,,
Telangana,Jayashankar Bhupalapally,687,Malharrao,4405,Yedlapalle,యెడ్లపల్లె,transliterated,571922,505503,,
Telangana,Nizamabad,516,Yedapally,4369,Yedpalle,ఏడ్పల్లె,transliterated,570963,503202,,
Telangana,Wanaparthy,693,Yedula,7533,Yedula,యెదుల,transliterated,576078,509206,,
Telangana,Nirmal,680,Nirmal Rural,6210,Yedulapur,యెదులాపూర్,transliterated,570343,504106,,
Telangana,Khammam,509,Khammam (Rural),4756,Yedulapuram,యదులాపురం,transliterated,579664,507163,,
Telangana,Mahabubabad,688,Kothaguda,4710,Yedullapalle,యెదుళ్లపల్లె,transliterated,578391,506135,,
Telangana,Wanaparthy,693,Gopalpeta,4596,Yedutla,ఏడుట్ల,transliterated,576075,509206,,
Telangana,Jagitial,681,Korutla,4416,Yekinpur,యెకింపూర్,transliterated,572120,505462,,
Telangana,Nirmal,680,Kaddam Peddur,4335,Yelagadapa,యెలగదప,transliterated,570062,504202,,
Telangana,Medak,513,Yeldurthy,4481,Yeldurthy,యెల్దుర్తి,transliterated,573572,502255,,
Telangana,Sangareddy,691,Manoor,4451,Yelgoi,యెల్గోయి,transliterated,572759,502286,,
Telangana,Sangareddy,691,Jharasangam,4476,Yelgoi,యెల్గోయి,transliterated,573412,502249,,
Telangana,Ranga Reddy,518,Ibrahimpatnam,4546,Yeliminedu,యెలిమినేడు,transliterated,574847,501506,,
Telangana,Siddipet,692,Raipole,6283,Yelkal,యెల్కల్,transliterated,573116,502334,,
Telangana,Kumuram Bheem Asifabad,699,Penchicalpet,6313,Yelkapalle,యెల్కపల్లె,transliterated,569424,504296,,
Telangana,Mahabubnagar,512,Bhoothpur,4574,Yelkicharla,యెల్కిచర్ల,transliterated,575556,509406,,
Telangana,Jogulamba Gadwal,695,Maldakal,4604,Yelkur,ఎల్కూర్,authoritative,576247,509132,,
Telangana,Medak,513,Tekmal,4469,Yelkurthi,యెల్కుర్థి,transliterated,573207,502302,,
Telangana,Yadadri Bhuvanagiri,697,Choutuppal,4631,Yellagiri,ఎల్లగిరి,authoritative,576831,508252,,
Telangana,Siddipet,692,Kukunoorpally,7521,Yellaiguda,యల్లాయిగూడ,transliterated,573646,502301,,
Telangana,Warangal,522,Chennaraopet,4712,Yellaigudem,యెల్లాయిగూడెం,transliterated,578492,506332,,
Telangana,Mancherial,684,Chennur,4356,Yellakkapet,యెల్లక్కపేట,transliterated,570660,504201,,
Telangana,Nalgonda,514,Thipparthy,4645,Yellamagudem,యెల్లమగూడెం,transliterated,909812,508247,,
Telangana,Jogulamba Gadwal,695,Ghattu,4605,Yellamdoddi,ఎల్లందొడ్డి,authoritative,576271,509129,,
Telangana,Nizamabad,516,Mugpal,6235,Yellamkunta,యెల్లంకుంట,transliterated,570955,503230,,
Telangana,Jangoan,689,Jangoan,4699,Yellamla,యెల్లంల,transliterated,578236,506201,,
Telangana,Sangareddy,691,Hathnoora,4489,Yellammaguda,యల్లమ్మగూడ,transliterated,573811,502296,,
Telangana,Medak,513,Tekmal,4469,Yellampalle,యల్లంపల్లె,transliterated,573204,502302,,
Telangana,Narayanpet,721,Narwa,4588,Yellampalle,యల్లంపల్లె,transliterated,575860,509130,,
Telangana,Peddapalli,682,Anthergaon,6214,Yellampalli,యల్లంపల్లి,transliterated,571742,505514,,
Telangana,Kamareddy,685,Machareddy,4380,Yellampet,యల్లంపేట,transliterated,571280,503144,,
Telangana,Medchal Malkajgiri,700,Medchal,4519,Yellampet,యల్లంపేట,transliterated,574087,501401,,
Telangana,Mahabubabad,688,Maripeda,4720,Yellampet,యల్లంపేట,transliterated,578628,506315,,
Telangana,Bhadradri Kothagudem,690,Yellandu,4740,Yellandu,ఇల్లందు,authoritative,956071,507123,,
Telangana,Yadadri Bhuvanagiri,697,Ramannapet,4632,Yellanki,యెల్లంకి,transliterated,576843,508113,,
Telangana,Nirmal,680,Nirmal Rural,6210,Yellapalle,యెల్లపల్లె,transliterated,570352,504106,,
Telangana,Kumuram Bheem Asifabad,699,Lingapur,6311,Yellapatar,యెల్లపాతర్,transliterated,569776,504313,,
Telangana,Kamareddy,685,Palwancha,7519,Yellapgonda,యెల్లప్గొండ,transliterated,571294,503112,,
Telangana,Jagitial,681,Pegadapalli,4421,Yellapur,ఎల్లాపూర్,authoritative,572190,505415,,
Telangana,Medak,513,Narsapur,4488,Yellapur,ఎల్లాపూర్,authoritative,573776,502296,,
Telangana,Hanumakonda,686,Hasanparthy,4678,Yellapur,ఎల్లాపూర్,authoritative,577732,506371,,
Telangana,Nalgonda,514,Pedda Adesherlapally,4658,Yellapuram,యెల్లపురం,authoritative,577380,508266,,
Telangana,Nalgonda,514,Tirumalagiri Sagar,6306,Yellapuram,యెల్లపురం,authoritative,577429,508377,,
Telangana,Suryapet,696,Palakeedu,6301,Yellapuram,యెల్లపురం,authoritative,577530,508218,,
Telangana,Mulugu,720,Eturunagaram,4685,Yellapuram,యెల్లపురం,authoritative,577910,506165,,
Telangana,Kumuram Bheem Asifabad,699,Asifabad,4319,Yellaram,యెల్లారం,transliterated,569496,504293,,
Telangana,Mancherial,684,Kannepally,6229,Yellaram,యెల్లరమ్,transliterated,569834,504251,,
Telangana,Kamareddy,685,Lingampet,4388,Yellaram,యెల్లారం,transliterated,571503,503124,,
Telangana,Sangareddy,691,Sadasivpet,4490,Yellaram,యెల్లారం,transliterated,573825,502291,,
Telangana,Suryapet,696,Nereducherla,4665,Yellaram,యెల్లారం,transliterated,577516,508218,,
Telangana,Kamareddy,685,Bichkunda,4374,Yellaram,యెల్లరమ్,transliterated,909490,503306,,
Telangana,Mahabubnagar,512,Koilkonda,4569,Yellareddipalle,యెల్లారెడ్డిపల్లె,authoritative,575405,509371,,
Telangana,Kamareddy,685,Rajampet,6241,Yellareddipalli,యల్లారెడ్డిపల్లి,transliterated,909511,503110,,
Telangana,Nirmal,680,Nirmal Rural,6210,Yellareddipet,యల్లారెడ్డిపేట,transliterated,570337,504106,,
Telangana,Siddipet,692,Thoguta,4463,Yellareddipeta,యల్లారెడ్డిపేట,transliterated,573068,502372,,
Telangana,Kamareddy,685,Yellareddy,4386,Yellareddy (Ct),యెల్లారెడ్డి (సీటీ),transliterated,571473,503122,,
Telangana,Nalgonda,514,Narketpally,4634,Yellareddy Guda,యెల్లారెడ్డి గుడ,transliterated,576895,508254,,
Telangana,Hyderabad,507,Khairatabad,4505,Yellareddyguda,యెల్లారెడ్డిగూడ,transliterated,927786,500073,,
Telangana,Nizamabad,516,Dharpally,4378,Yellareddypally,యెల్లారెడ్డిపల్లి,transliterated,909503,503164,,
Telangana,Rajanna Sircilla,683,Yellareddipet,4432,Yellareddypet,యెల్లారెడ్డిపేట,transliterated,572403,505303,,
Telangana,Nirmal,680,Tanoor,4340,Yellawat,యెల్లవత్,transliterated,570231,504101,,
Telangana,Medak,513,Tekmal,4469,Yellupet,యెల్లుపేట్,transliterated,573202,502302,,
Telangana,Kumuram Bheem Asifabad,699,Penchicalpet,6313,Yellur,యెల్లూర్,transliterated,569425,504296,,
Telangana,Nagarkurnool,694,Kollapur,4609,Yellur,యెల్లుర్,transliterated,576361,509102,,
Telangana,Nagarkurnool,694,Kollapur,4609,Yellur,యెల్లూర్,transliterated,912774,509102,,
Telangana,Medak,513,Kowdipally,4480,Yelmakanna,యెల్మకన్న,transliterated,573531,502316,,
Telangana,Medak,513,Tekmal,4469,Yelupugonda,యెలుపుగొండ,transliterated,573200,502302,,
Telangana,Ranga Reddy,518,Shankarpalle,4515,Yelwarthy,యల్వర్తి,transliterated,574058,501203,,
Telangana,Mahabubnagar,512,Nawabpet,4556,Yemmanagandla,యెమ్మనగండ్ల,transliterated,575085,509340,,
Telangana,Adilabad,501,Utnoor,4321,Yenda,యెండ,transliterated,569570,504346,,
Telangana,Khammam,509,Madhira,4766,Yendapalle,యెండపల్లి,authoritative,579851,507304,,
Telangana,Ranga Reddy,518,Ibrahimpatnam,4546,Yengalaguda,యెంగాలగూడ,transliterated,574839,501508,,
Telangana,Nagarkurnool,694,Tadoor,4582,Yengampalle,యెంగంపల్లె,transliterated,575716,509209,,
Telangana,Adilabad,501,Utnoor,4321,Yenka,యెంక,transliterated,569564,504346,,
Telangana,Jogulamba Gadwal,695,Gadwal,4603,Yenkampeta,యెంకంపేట,transliterated,576223,509125,,
Telangana,Jayashankar Bhupalapally,687,Mahadevpur,4403,Yenkepalle,ఎంకేపల్లె,authoritative,571875,505504,,
Telangana,Sangareddy,691,Raikode,4472,Yenkepalle,ఎంకేపల్లె,authoritative,573300,502257,,
Telangana,Vikarabad,698,Mominpet,4513,Yenkepalle,ఎంకేపల్లె,authoritative,574008,501202,,
Telangana,Ranga Reddy,518,Moinabad,4528,Yenkepalle,ఎంకేపల్లె,authoritative,574260,501504,,
Telangana,Ranga Reddy,518,Chevella,4529,Yenkepalle,ఎంకేపల్లె,authoritative,574288,501503,,
Telangana,Vikarabad,698,Kotepally,6312,Yenkepalle,ఎంకేపల్లె,authoritative,574398,501106,,
Telangana,Vikarabad,698,Pudur,4541,Yenkepalle,ఎంకేపల్లె,authoritative,574663,501102,,
Telangana,Vikarabad,698,Bomaraspeta,4550,Yenkepalle,ఎంకేపల్లె,authoritative,574918,509338,,
Telangana,Suryapet,696,Mellachervu,4671,Yepalamadhavaram,యెపలమధవరమ్,transliterated,577598,508246,,
Telangana,Nalgonda,514,Kondamallepally,6307,Yepoor,యెపూర్,transliterated,577239,508248,,
Telangana,Karimnagar,508,Shankarapatnam,4441,Yeradpalle,యెరడ్పల్లె,transliterated,572561,505474,,
Telangana,Nalgonda,514,Marriguda,4649,Yergandlapalle,యెర్గంద్లపల్లె,transliterated,577156,508245,,
Telangana,Nizamabad,516,Yergatla,6239,Yergatla,యెర్గత్ల,transliterated,570812,503308,,
Telangana,Narayanpet,721,Utkoor,4571,Yergatpalle,యర్గత్పల్లె,transliterated,575476,509311,,
Telangana,Suryapet,696,Suryapet,4638,Yerkaram,ఏర్కారం,transliterated,576948,508376,,
Telangana,Narayanpet,721,Makthal,4589,Yernaganpalle,యెర్నగన్పల్లె,transliterated,575888,509353,,
Telangana,Suryapet,696,Nuthanakal,4621,Yerra Pahad,యెర్ర పహాడ్,transliterated,576610,508221,,
Telangana,Nalgonda,514,Nidmanoor,4661,Yerraballi,యెర్రబల్లి,transliterated,577436,508278,,
Telangana,Mahabubabad,688,Nellikudur,4716,Yerrabelligudem,యెర్రబెల్లిగూడెం,transliterated,578551,506368,,
Telangana,Bhadradri Kothagudem,690,Dummugudem,4729,Yerraboru,ఎర్రబోరు,authoritative,578974,507137,,
Telangana,Nalgonda,514,Thipparthy,4645,Yerragantlagudem,యెర్రగంట్లగూడెం,transliterated,909810,508247,,
Telangana,Jangoan,689,Jangoan,4699,Yerragollapahad,యెర్రగొల్లపహద్,transliterated,578227,506175,,
Telangana,Khammam,509,Vemsoor,4768,Yerragunta,యెర్రగుంట,authoritative,579900,507316,,
Telangana,Mancherial,684,Kotapally,4351,Yerraipet,యెర్రాయిపేట,transliterated,570549,504201,,
Telangana,Ranga Reddy,518,Ibrahimpatnam,4546,Yerrakunta,యెర్రకుంట,transliterated,574849,501506,,
Telangana,Yadadri Bhuvanagiri,697,Bhongir,4628,Yerram Balle,యెర్రం బల్లె,transliterated,576765,508285,,
Telangana,Kamareddy,685,Tadwai,4389,Yerrapahad,యెర్రపహాడ్,transliterated,571526,503120,,
Telangana,Kamareddy,685,Nagireddypet,4387,Yerraram,యెర్రారం,transliterated,571474,503122,,
Telangana,Sangareddy,691,Andole,4479,Yerraram,యెర్రారం,transliterated,573509,502270,,
Telangana,Nalgonda,514,Gundlapally,4651,Yerraram,యెర్రారం,transliterated,577195,508258,,
Telangana,Nagarkurnool,694,Veldanda,4565,Yerravalli,ఎర్రవల్లి,authoritative,575318,509360,,
Telangana,Mahabubnagar,512,Mahabubnagar Urban,4568,Yerravalli,ఎర్రవల్లి,authoritative,575389,509002,,
Telangana,Vikarabad,698,Vikarabad,4530,Yerravally,యెర్రవల్లి,transliterated,574317,501101,,
Telangana,Suryapet,696,Kodad,4668,Yerravaram,యెర్రవరం,authoritative,577566,508238,,
Telangana,Mahabubabad,688,Kothaguda,4710,Yerravaram,యెర్రవరం,authoritative,578392,506135,,
Telangana,Khammam,509,Yerrupalem,4767,Yerrupalem,యర్రుపాలెం,authoritative,579893,507201,,
Telangana,Khammam,509,Penuballi,4752,Yerugatla,ఏరుగట్ల,transliterated,579580,507302,,
Telangana,Ranga Reddy,518,Shankarpalle,4515,Yervaguda,యెర్వగూడ,transliterated,574056,501203,,
Telangana,Adilabad,501,Bazarhatnoor,4323,Yesapur,యేసాపూర్,transliterated,569644,504307,,
Telangana,Sangareddy,691,Nagalgidda,6280,Yesgi,యేస్గి,transliterated,572734,502286,,
Telangana,Jangoan,689,Jangoan,4699,Yeswanthapur,యెస్వంథపూర్,transliterated,578241,506175,,
Telangana,Ranga Reddy,518,Moinabad,4528,Yethbarpalle,యెత్బర్పల్లె,transliterated,574266,501504,,
Telangana,Jayashankar Bhupalapally,687,Mutharam Mahadevpur,4404,Yetnaram,యెత్నరమ్,transliterated,571912,505503,,
Telangana,Hyderabad,507,Khairatabad,4505,Yousufguda,యౌసుఫ్గూడ,transliterated,927788,500045,,
Telangana,Jagitial,681,Korutla,4416,Yusufnagar,యుసుఫ్నగర్,transliterated,572112,505330,,
Telangana,Bhadradri Kothagudem,690,Dummugudem,4729,Z. Reguballi,జ్. రెగుబల్లి,transliterated,578984,507137,,
Telangana,Bhadradri Kothagudem,690,Dummugudem,4729,Z. Veerabhadrapuram,జ్. వీరభద్రపురం,transliterated,578953,507137,,
Telangana,Bhadradri Kothagudem,690,Dummugudem,4729,Z.Maredubaka,జ్.మరెదుబక,transliterated,578995,507137,,
Telangana,Jangoan,689,Zaffergadh,4696,Zaffergadh,జాఫర్గాధ్,transliterated,578175,506316,,
Telangana,Vikarabad,698,Vikarabad,4530,Zaidupalle,జైదుపల్లె,transliterated,574375,501101,,
Telangana,Nizamabad,516,Kotagiri,4371,Zainapur,జైనాపూర్,transliterated,571025,503207,,
Telangana,Mahabubnagar,512,Mahabubnagar Rural,6258,Zamistapur,జమిస్తాపూర్,transliterated,575399,509002,,
Telangana,Nagarkurnool,694,Telkapally,4581,Zamistapur,జమిస్తపూర్,transliterated,575677,509385,,
Telangana,Hyderabad,507,Musheerabad,4501,Zamisthanpur,జమీస్థాన్పూర్,transliterated,927816,500020,,
Telangana,Siddipet,692,Mulug,4486,Zapthi Singaipalle,జప్తి సింగైపల్లె,transliterated,573709,502279,,
Telangana,Medak,513,Narsingi,6272,Zapthishivnur,జప్తీశివనూర్,transliterated,573161,502248,,
Telangana,Kamareddy,685,Nagireddypet,4387,Zapti Jankampalle,జప్తి జంకంపల్లె,transliterated,571479,503122,,
Telangana,Mulugu,720,Venkatapuram,4724,Zella (G),జెల్లా (గ్),transliterated,578761,507136,,
Telangana,Hyderabad,507,Bahadurpura,4508,Zeregumbad,జెరెగుంబద్,transliterated,927804,500064,,
Telangana,Medchal Malkajgiri,700,Balanagar,4517,Zinkalawada,జింకలవాడ,transliterated,931502,500018,,
