State,District,District Code,Mandal,Mandal Code,Village,Village (Native),Native Source,Village Code,Pincode,Category,Status
Kerala,Malappuram,562,Tirurangadi,5645,Abdu Rahiman Nagar (Ct),അബ്ടു രഹിമൻ നഗർ (ച്ട്),transliterated,627552,676305,,
Kerala,Wayanad,567,Vythiri,5637,Achooranam,അചൂരനം,transliterated,627333,673575,,
Kerala,Thrissur,566,Thrissur,5654,Adat (Ct),അടട് (ച്ട്),transliterated,627842,680555,,
Kerala,Kasaragod,558,Kasaragod,5630,Adhur,അധുർ,transliterated,627110,671543,,
Kerala,Kasaragod,558,Kasaragod,5630,Adkath Bail,അട്കത് ബൈൽ,transliterated,913022,671124,,
Kerala,Pathanamthitta,564,Adoor,5683,Adoor,അടൂർ,transliterated,913824,691554,,
Kerala,Palakkad,563,Tribal Taluk Office Attappadi,7176,Agali,അഗലി,transliterated,627611,678581,,
Kerala,Ernakulam,555,Kunnathunad,5657,Aikaranad North,ഐകരനട് നൊര്ത്,transliterated,627953,683565,,
Kerala,Ernakulam,555,Kunnathunad,5657,Aikaranad South,ഐകരനട് സൗത്,transliterated,627954,682308,,
Kerala,Kottayam,560,Kottayam,5670,Aimanam (Ct),ഐമനം (ച്ട്),transliterated,628173,686015,,
Kerala,Kasaragod,558,Hosdurg,5631,Ajanur (Ct),അജനുർ (ച്ട്),transliterated,627169,671531,,
Kerala,Kottayam,560,Kottayam,5670,Akalakunnam,അകലകുന്നം,transliterated,628160,686564,,
Kerala,Palakkad,563,Palakkad,5649,Akathethara,അകതെതര,transliterated,627649,678008,,
Kerala,Thrissur,566,Kunnamkulam,6598,Akathiyoor (Ct),അകതിയൂർ (ച്ട്),transliterated,627774,680519,,
Kerala,Thrissur,566,Kodungallur,5655,Ala (Ct),അല (ച്ട്),transliterated,627880,680668,,
Kerala,Alappuzha,554,Chengannur,5677,Ala (Part),അല (പര്ട്),transliterated,628272,689508,,
Kerala,Idukki,556,Thodupuzha,5666,Alacode,അലചൊടെ,transliterated,628097,685585,,
Kerala,Kannur,557,Taliparamba,5632,Alakode,അലകോട്,transliterated,627190,670571,,
Kerala,Thiruvananthapuram,565,Chirayinkeezhu,5689,Alamcode (Ct),അലംചൊടെ (ച്ട്),transliterated,628473,695102,,
Kerala,Palakkad,563,Mannarkad,5648,Alanallur-I,അലനല്ലുർ-ഇ,transliterated,627603,678601,,
Kerala,Palakkad,563,Mannarkad,5648,Alanallur-Ii,അലനല്ലുർ-ഈ,transliterated,627604,678601,,
Kerala,Palakkad,563,Mannarkad,5648,Alanallur-Iii,അലനല്ലുർ-ഈഇ,transliterated,627605,678601,,
Kerala,Ernakulam,555,Paravur,5659,Alangad (Ct),അലന്ഗട് (ച്ട്),transliterated,627989,683511,,
Kerala,Thrissur,566,Thrissur,5654,Alappad,അലപ്പട്,transliterated,627821,680641,,
Kerala,Alappuzha,554,Ambalappuzha,5674,Alappuzha West,അലപ്പുഴ വെസ്ട്,transliterated,913812,688001,,
Kerala,Thrissur,566,Chalakkudy,5939,Alathur,അലതുർ,transliterated,627915,680741,,
Kerala,Palakkad,563,Alathur,5651,Alathur (Ct),അലതുർ (ച്ട്),transliterated,627713,678541,,
Kerala,Kollam,559,Punalur,5947,Alayamon,അലയമൊൻ,transliterated,628402,691311,,
Kerala,Thrissur,566,Kunnamkulam,6598,Aloor (Ct),അലൂർ (ച്ട്),transliterated,627783,680602,,
Kerala,Ernakulam,555,Aluva,5658,Aluva East,അലുവ എഅസ്ട്,transliterated,913804,683101,,
Kerala,Ernakulam,555,Aluva,5658,Aluva West,അലുവ വെസ്ട്,transliterated,913803,683101,,
Kerala,Palakkad,563,Ottappalam,5647,Ambalapara - I,അംബലപര - ഇ,transliterated,627593,679512,,
Kerala,Palakkad,563,Ottappalam,5647,Ambalapara - II,അംബലപര - ഈ,transliterated,627592,679512,,
Kerala,Alappuzha,554,Ambalappuzha,5674,Ambalappuzha,അംബലപ്പുഴ,transliterated,628229,688561,,
Kerala,Alappuzha,554,Ambalappuzha,5674,Ambalappuzha North,അംബലപ്പുഴ നൊര്ത്,transliterated,916074,688005,,
Kerala,Kasaragod,558,Hosdurg,5631,Ambalathara,അംബലതര,transliterated,627153,671531,,
Kerala,Wayanad,567,Sulthanbathery,5636,Ambalavayal,അംബലവയൽ,transliterated,627322,673593,,
Kerala,Thrissur,566,Mukundapuram,5656,Amballur (Ct),അംബല്ലുർ (ച്ട്),transliterated,627921,680302,,
Kerala,Ernakulam,555,Kanayannur,5661,Amballur (Ct),അംബല്ലുർ (ച്ട്),transliterated,628019,682317,,
Kerala,Thiruvananthapuram,565,Kattakkada,5945,Amboori,അംബൂരി,transliterated,628524,695572,,
Kerala,Thiruvananthapuram,565,Nedumangad,5690,Anad,അനട്,transliterated,628492,695541,,
Kerala,Idukki,556,Udumbanchola,5665,Anakkara,അനക്കര,transliterated,628083,685512,,
Kerala,Malappuram,562,Ernad,5641,Anakkayam (Og),അനക്കയം (ഒഗ്),transliterated,627469,676509,,
Kerala,Malappuram,562,Perinthalmanna,5643,Anamangad,അനമന്ഗട്,transliterated,627504,679357,,
Kerala,Thrissur,566,Mukundapuram,5656,Anandapuram,അനന്ടപുരം,transliterated,627894,680305,,
Kerala,Palakkad,563,Ottappalam,5647,Ananganadi,അനന്ഗനടി,transliterated,627582,679501,,
Kerala,Malappuram,562,Tirur,5644,Ananthavoor,അനന്തവൂർ,transliterated,627523,676301,,
Kerala,Idukki,556,Udumbanchola,5665,Anavilasam,അനവിലസം,transliterated,628081,685535,,
Kerala,Idukki,556,Devikulam,5664,Anaviratty,അനവിരട്ട്യ്,transliterated,628057,685561,,
Kerala,Thiruvananthapuram,565,Neyyattinkara,5692,Anavoor,അനവൂർ,transliterated,628529,695124,,
Kerala,Kollam,559,Punalur,5947,Anchal,അന്ചൽ,transliterated,628400,691306,,
Kerala,Kannur,557,Kannur,5633,Ancharakandy (Ct),അന്ചരകന്ട്യ് (ച്ട്),transliterated,627242,670611,,
Kerala,Wayanad,567,Mananthavady,5635,Anchukunnu,അന്ചുകുന്നു,transliterated,627305,670645,,
Kerala,Kannur,557,Taliparamba,5632,Andoor,അന്ടൂർ,transliterated,913290,670563,,
Kerala,Thiruvananthapuram,565,Thiruvananthapuram,5691,Andoorkonam,അന്ടൂര്കൊനം,transliterated,628508,695301,,
Kerala,Pathanamthitta,564,Ranni,5681,Angadi,അന്ഗടി,transliterated,628316,689674,,
Kerala,Pathanamthitta,564,Adoor,5683,Angadickal,അന്ഗടിച്കൽ,transliterated,628347,689648,,
Kerala,Kasaragod,558,Manjeswaram,5932,Angadimogaru,അന്ഗടിമൊഗരു,transliterated,627082,671321,,
Kerala,Kottayam,560,Kottayam,5670,Anikkad,അനിക്കാട്,transliterated,628162,686503,,
Kerala,Thrissur,566,Kunnamkulam,6598,Anjur,അന്ജുർ,transliterated,913641,680523,,
Kerala,Thrissur,566,Thrissur,5654,Anjur (Ct),അന്ജുർ (ച്ട്),transliterated,627828,680541,,
Kerala,Thiruvananthapuram,565,Chirayinkeezhu,5689,Anjuthengu,അന്ജുതെന്ഗു,transliterated,916071,695309,,
Kerala,Thrissur,566,Chavakkad,5653,Annakara,അന്നകര,transliterated,627786,680508,,
Kerala,Kollam,559,Punalur,5947,Arackal,അരച്കൽ,transliterated,628398,691306,,
Kerala,Ernakulam,555,Kunnathunad,5657,Arakapady,അരകപട്യ്,transliterated,627947,683556,,
Kerala,Idukki,556,Thodupuzha,5666,Arakkulam,അരക്കുളം,transliterated,628100,685591,,
Kerala,Malappuram,562,Perinthalmanna,5643,Arakkuparamba,അരക്കുപരംബ,transliterated,627501,679341,,
Kerala,Ernakulam,555,Muvattupuzha,5662,Arakuzha,അരകുഴ,transliterated,628026,686672,,
Kerala,Kannur,557,Iritty,5937,Aralam,അരലം,transliterated,627256,670673,,
Kerala,Thrissur,566,Talappilly,5652,Arangottukara,അരന്ഗൊട്ടുകര,transliterated,627717,679532,,
Kerala,Pathanamthitta,564,Kozhenchery,5682,Aranmula,അരന്മുല,transliterated,628325,689533,,
Kerala,Thrissur,566,Thrissur,5654,Arattupuzha,അരട്ടുപുഴ,transliterated,627824,680562,,
Kerala,Alappuzha,554,Karthikappally,5676,Arattupuzha,അരട്ടുപുഴ,transliterated,628255,690535,,
Kerala,Kollam,559,Punalur,5947,Arienkavu,അരിഎൻകാവ്,transliterated,628393,691309,,
Kerala,Kasaragod,558,Manjeswaram,5932,Arikady,അരികട്യ്,transliterated,627097,671321,,
Kerala,Kozhikode,561,Koyilandi,5639,Arikkulam (Part),അരിക്കുളം (പര്ട്),transliterated,627376,673620,,
Kerala,Malappuram,562,Tirurangadi,5645,Ariyallur (Ct),അരിയല്ലുർ (ച്ട്),transliterated,627544,676312,,
Kerala,Alappuzha,554,Cherthala,5673,Arookutty (Ct),അരൂകുട്ട്യ് (ച്ട്),transliterated,628214,688535,,
Kerala,Alappuzha,554,Cherthala,5673,Aroor (Ct),അരൂർ (ച്ട്),transliterated,628215,688534,,
Kerala,Thrissur,566,Kunnamkulam,6598,Arthat,അര്തട്,transliterated,913643,680521,,
Kerala,Alappuzha,554,Cherthala,5673,Arthunkal,അര്തുന്കൽ,transliterated,916075,688530,,
Kerala,Pathanamthitta,564,Konni,5943,Aruvappulam,അരുവപ്പുലം,transliterated,628339,689691,,
Kerala,Thiruvananthapuram,565,Nedumangad,5690,Aruvikkara,അരുവിക്കര,transliterated,628499,695564,,
Kerala,Alappuzha,554,Ambalappuzha,5674,Aryad South (Part),അര്യട് സൗത് (പര്ട്),transliterated,628227,688006,,
Kerala,Thiruvananthapuram,565,Nedumangad,5690,Aryanad,അര്യനട്,transliterated,628496,695542,,
Kerala,Ernakulam,555,Kunnathunad,5657,Asamannoor,അസമന്നൂർ,transliterated,627945,683549,,
Kerala,Malappuram,562,Tirur,5644,Athavanad,അതവനട്,transliterated,627521,676301,,
Kerala,Pathanamthitta,564,Ranni,5681,Athikkayam,അതിക്കയം,transliterated,628314,689711,,
Kerala,Thiruvananthapuram,565,Neyyattinkara,5692,Athiyannur (Ct),അതിയന്നുർ (ച്ട്),transliterated,628544,695123,,
Kerala,Kozhikode,561,Koyilandi,5639,Atholi (Ct),അതൊലി (ച്ട്),transliterated,627400,673315,,
Kerala,Thiruvananthapuram,565,Chirayinkeezhu,5689,Attingal,അട്ടിന്ഗൽ,transliterated,628470,695143,,
Kerala,Thiruvananthapuram,565,Thiruvananthapuram,5691,Attipra,അട്ടിപ്ര,transliterated,913456,695586,,
Kerala,Thrissur,566,Talappilly,5652,Attoor,അട്ടൂർ,transliterated,627732,680583,,
Kerala,Thiruvananthapuram,565,Chirayinkeezhu,5689,Avanavancherry,അവനവന്ചെര്ര്യ്,transliterated,913838,695101,,
Kerala,Thrissur,566,Thrissur,5654,Avinissery (Ct),അവിനിശ്ശേരി (ച്ട്),transliterated,627854,680027,,
Kerala,Kozhikode,561,Koyilandi,5639,Avitanallur,അവിടനല്ലുർ,transliterated,627381,673614,,
Kerala,Kollam,559,Karunagappally,5684,Ayanivelikulangara (Ct),അയനിവെലികുലന്ഗര (ച്ട്),transliterated,628369,690518,,
Kerala,Kottayam,560,Kottayam,5670,Ayarkunnam,അയര്കുന്നം,transliterated,628159,686019,,
Kerala,Palakkad,563,Chittur,5650,Ayiloor,അയിലൂർ,transliterated,627673,678510,,
Kerala,Kollam,559,Punalur,5947,Ayiranalloor,അയിരനല്ലൂർ,transliterated,628396,691307,,
Kerala,Pathanamthitta,564,Ranni,5681,Ayiroor,അയിരൂർ,transliterated,628317,689611,,
Kerala,Ernakulam,555,Aluva,5658,Ayyampuzha,അയ്യംപുഴ,transliterated,627967,683581,,
Kerala,Kannur,557,Iritty,5937,Ayyankunnu,അയ്യന്കുന്നു,transliterated,627255,670706,,
Kerala,Thrissur,566,Thrissur,5654,Ayyanthole,അയ്യന്തൊലെ,transliterated,913764,680003,,
Kerala,Kannur,557,Kannur,5633,Azhikode North (Ct),അഴികോട് നൊര്ത് (ച്ട്),transliterated,627230,670009,,
Kerala,Kannur,557,Kannur,5633,Azhikode South (Ct),അഴികോട് സൗത് (ച്ട്),transliterated,627231,670009,,
Kerala,Kozhikode,561,Vatakara,5638,Azhiyur (Ct),അഴിയുർ (ച്ട്),transliterated,627360,673309,,
Kerala,Kasaragod,558,Kasaragod,5630,Badiyadka,ബടിയട്ക,transliterated,627088,671551,,
Kerala,Idukki,556,Udumbanchola,5665,Baisonvally,ബൈസൊന്വല്ല്യ്,transliterated,628063,685565,,
Kerala,Thiruvananthapuram,565,Neyyattinkara,5692,Balaramapuram,ബലരമപുരം,transliterated,916070,695501,,
Kerala,Kasaragod,558,Hosdurg,5631,Balla,ബല്ല,transliterated,913019,671531,,
Kerala,Kozhikode,561,Koyilandi,5639,Balusseri (Ct),ബലുസ്സെരി (ച്ട്),transliterated,627397,673612,,
Kerala,Kasaragod,558,Kasaragod,5630,Bandadka,ബന്ടട്ക,transliterated,627118,671541,,
Kerala,Kasaragod,558,Manjeswaram,5932,Bangra Manjeshwar (Ct),ബന്ഗ്ര മന്ജെഷ്വർ (ച്ട്),transliterated,627124,671323,,
Kerala,Kasaragod,558,Hosdurg,5631,Bare (Ct),ബരെ (ച്ട്),transliterated,627165,671319,,
Kerala,Kasaragod,558,Kasaragod,5630,Bedadka,ബെടട്ക,transliterated,627114,671541,,
Kerala,Kasaragod,558,Manjeswaram,5932,Bekoor,ബെകൂർ,transliterated,627075,671322,,
Kerala,Kasaragod,558,Kasaragod,5630,Bela,ബെല,transliterated,627090,671321,,
Kerala,Kasaragod,558,Kasaragod,5630,Bellur,ബെല്ലുർ,transliterated,627109,671543,,
Kerala,Kottayam,560,Meenachil,5668,Bharananganam,ഭരനന്ഗനം,transliterated,628124,686651,,
Kerala,Alappuzha,554,Mavelikkara,5678,Bharanikkavu (Ct),ഭരനിക്കാവ് (ച്ട്),transliterated,628290,690503,,
Kerala,Kasaragod,558,Vellarikkundu,5933,Bheemanady,ഭീമനട്യ്,transliterated,627150,671314,,
Kerala,Kasaragod,558,Manjeswaram,5932,Bombrana,ബൊംബ്രന,transliterated,627096,671321,,
Kerala,Thrissur,566,Chavakkad,5653,Brahmakulam (Ct),ബ്രഹ്മകുളം (ച്ട്),transliterated,627804,680104,,
Kerala,Kollam,559,Kottarakkara,5687,Chadayamangalam,ചടയമംഗലം,transliterated,628422,691534,,
Kerala,Kozhikode,561,Koyilandi,5639,Chakkittapara,ചക്കിട്ടപര,transliterated,627372,673528,,
Kerala,Idukki,556,Udumbanchola,5665,Chakkupallam,ചക്കുപല്ലം,transliterated,628082,685509,,
Kerala,Kollam,559,Kottarakkara,5687,Chakkuvarakkal,ചക്കുവരക്കൽ,transliterated,628410,691508,,
Kerala,Thrissur,566,Thrissur,5654,Chalakkal,ചലക്കൽ,transliterated,627814,680306,,
Kerala,Palakkad,563,Ottappalam,5647,Chalavara,ചലവര,transliterated,627583,679505,,
Kerala,Palakkad,563,Pattambi,5940,Chalissery,ചലിശ്ശേരി,transliterated,627588,679536,,
Kerala,Alappuzha,554,Kuttanad,5675,Champakkulam,ചംപക്കുളം,transliterated,628244,688505,,
Kerala,Kozhikode,561,Koyilandi,5639,Changaroth,ചന്ഗരൊത്,transliterated,627370,673528,,
Kerala,Kollam,559,Punalur,5947,Channappetta,ചന്നപ്പെട്ട,transliterated,628403,691311,,
Kerala,Kozhikode,561,Kozhikode,5640,Chathamangalam,ചതമംഗലം,transliterated,627416,673601,,
Kerala,Idukki,556,Udumbanchola,5665,Chathurangapara,ചതുരന്ഗപര,transliterated,628069,685554,,
Kerala,Thrissur,566,Chavakkad,5653,Chavakkad,ചവക്കാട്,transliterated,913644,680506,,
Kerala,Kollam,559,Karunagappally,5684,Chavara (Ct),ചവര (ച്ട്),transliterated,628372,691583,,
Kerala,Kannur,557,Iritty,5937,Chavassery,ചവശ്ശേരി,transliterated,627251,670702,,
Kerala,Thrissur,566,Thrissur,5654,Chazhoor,ചഴൂർ,transliterated,627822,680641,,
Kerala,Kasaragod,558,Hosdurg,5631,Cheemeni,ചീമെനി,transliterated,627158,671313,,
Kerala,Kasaragod,558,Vellarikkundu,5933,Cheemeni II,ചീമെനി ഈ,transliterated,627157,671313,,
Kerala,Wayanad,567,Sulthanbathery,5636,Cheeral,ചീരൽ,transliterated,627320,673595,,
Kerala,Kozhikode,561,Vatakara,5638,Chekkiad (Ct),ചെക്കിഅട് (ച്ട്),transliterated,627354,673509,,
Kerala,Thrissur,566,Talappilly,5652,Chelakkara (Ct),ചെലക്കര (ച്ട്),transliterated,627768,680586,,
Kerala,Thrissur,566,Talappilly,5652,Chelakode,ചെലകോട്,transliterated,627728,680587,,
Kerala,Ernakulam,555,Kunnathunad,5657,Chelamattom (Ct),ചെലമട്ടൊം (ച്ട്),transliterated,627957,683550,,
Kerala,Malappuram,562,Kondotty,5941,Chelambra (Ct),ചെലംബ്ര (ച്ട്),transliterated,627541,673634,,
Kerala,Kozhikode,561,Kozhikode,5640,Chelannur (Ct),ചെലന്നുർ (ച്ട്),transliterated,627422,673616,,
Kerala,Kozhikode,561,Kozhikode,5640,Chelavur,ചെലവുർ,transliterated,913303,673008,,
Kerala,Kannur,557,Taliparamba,5632,Cheleri (Ct),ചെലെരി (ച്ട്),transliterated,627216,670604,,
Kerala,Kannur,557,Kannur,5633,Chelora (Ct),ചെലൊര (ച്ട്),transliterated,627241,670006,,
Kerala,Kozhikode,561,Koyilandi,5639,Chemancheri (Ct),ചെമന്ചെരി (ച്ട്),transliterated,627399,673304,,
Kerala,Kannur,557,Kannur,5633,Chembilode - Ct,ചെംബിലൊടെ - ച്ട്,transliterated,910357,670621,,
Kerala,Thrissur,566,Thrissur,5654,Chembookkavu,ചെംബൂക്കാവ്,transliterated,913770,680005,,
Kerala,Malappuram,562,Ernad,5641,Chembrasseri,ചെംബ്രസ്സെരി,transliterated,627463,676521,,
Kerala,Thrissur,566,Kunnamkulam,6598,Chemmanthatta,ചെമ്മന്തട്ട,transliterated,627739,680501,,
Kerala,Kasaragod,558,Kasaragod,5630,Chemnad (Ct),ചെംനട് (ച്ട്),transliterated,627135,671317,,
Kerala,Kozhikode,561,Koyilandi,5639,Chempanoda,ചെംപനൊട,transliterated,627371,673528,,
Kerala,Kottayam,560,Vaikom,5669,Chempu,ചെംപു,transliterated,628139,686605,,
Kerala,Ernakulam,555,Paravur,5659,Chendamangalam (Ct),ചെന്ടമംഗലം (ച്ട്),transliterated,627984,683512,,
Kerala,Kasaragod,558,Kasaragod,5630,Chengala (Ct),ചെന്ഗല (ച്ട്),transliterated,627134,671541,,
Kerala,Kannur,557,Taliparamba,5632,Chengalai,ചെന്ഗലൈ,transliterated,627207,670142,,
Kerala,Kottayam,560,Kottayam,5670,Chengalam East,ചെന്ഗലം എഅസ്ട്,transliterated,628161,686022,,
Kerala,Kottayam,560,Kottayam,5670,Chengalam West,ചെന്ഗലം വെസ്ട്,transliterated,628176,686022,,
Kerala,Thrissur,566,Mukundapuram,5656,Chengallur,ചെന്ഗല്ലുർ,transliterated,627892,680312,,
Kerala,Kozhikode,561,Koyilandi,5639,Chengottukavu,ചെന്ഗൊട്ടുകാവ്,transliterated,627382,673306,,
Kerala,Thiruvananthapuram,565,Neyyattinkara,5692,Chenkal (Part),ചെന്കൽ (പര്ട്),transliterated,628533,695132,,
Kerala,Pathanamthitta,564,Kozhenchery,5682,Chenneerkara,ചെന്നീർകര,transliterated,628328,689503,,
Kerala,Alappuzha,554,Karthikappally,5676,Cheppad (Ct),ചെപ്പട് (ച്ട്),transliterated,628260,690507,,
Kerala,Ernakulam,555,Kanayannur,5661,Cheranallur (Ct),ചെരനല്ലുർ (ച്ട്),transliterated,628009,682034,,
Kerala,Malappuram,562,Tirur,5644,Cheriyamundam (Ct),ചെരിയമുന്ടം (ച്ട്),transliterated,627531,676106,,
Kerala,Alappuzha,554,Chengannur,5677,Cheriyanad,ചെരിയനട്,transliterated,628274,690509,,
Kerala,Thrissur,566,Thrissur,5654,Cherpu (Ct),ചെര്പു (ച്ട്),transliterated,627862,680561,,
Kerala,Palakkad,563,Ottappalam,5647,Cherpulacherry,ചെര്പുലചെര്ര്യ്,transliterated,627572,679503,,
Kerala,Alappuzha,554,Cherthala,5673,Cherthala North (Part),ചെര്തല നൊര്ത് (പര്ട്),transliterated,628211,688524,,
Kerala,Malappuram,562,Kondotty,5941,Cherukavu (Ct),ചെരുകാവ് (ച്ട്),transliterated,627467,673633,,
Kerala,Pathanamthitta,564,Ranni,5681,Cherukole,ചെരുകൊലെ,transliterated,628318,689650,,
Kerala,Wayanad,567,Mananthavady,5635,Cherukottur,ചെരുകൊട്ടുർ,transliterated,627303,670721,,
Kerala,Kannur,557,Kannur,5633,Cherukunnu (Ct),ചെരുകുന്നു (ച്ട്),transliterated,627225,670301,,
Kerala,Thiruvananthapuram,565,Varkala,5946,Cherunniyoor,ചെരുന്നിയൂർ,transliterated,913837,695318,,
Kerala,Alappuzha,554,Karthikappally,5676,Cheruthana,ചെരുതന,transliterated,628251,690517,,
Kerala,Kannur,557,Payyannur,6599,Cheruthazham (Ct),ചെരുതഴം (ച്ട്),transliterated,627221,670303,,
Kerala,Thiruvananthapuram,565,Thiruvananthapuram,5691,Cheruvackal,ചെരുവച്കൽ,transliterated,913457,695612,,
Kerala,Kottayam,560,Kanjirappally,5672,Cheruvally,ചെരുവല്ല്യ്,transliterated,628201,686519,,
Kerala,Kannur,557,Thalassery,5634,Cheruvanchery,ചെരുവൻചേരി,transliterated,627269,670650,,
Kerala,Kozhikode,561,Koyilandi,5639,Cheruvannur,ചെരുവന്നുർ,transliterated,627368,673524,,
Kerala,Kasaragod,558,Hosdurg,5631,Cheruvathur (Og),ചെരുവതുർ (ഒഗ്),transliterated,627176,671313,,
Kerala,Pathanamthitta,564,Ranni,5681,Chethakkal,ചെതക്കൽ,transliterated,628311,686511,,
Kerala,Kozhikode,561,Kozhikode,5640,Chevayur,ചെവയുർ,transliterated,913302,673017,,
Kerala,Thrissur,566,Thrissur,5654,Chevvoor (Ct),ചെവ്വൂർ (ച്ട്),transliterated,627864,680561,,
Kerala,Alappuzha,554,Karthikappally,5676,Chingoli (Ct),ചിന്ഗൊലി (ച്ട്),transliterated,628259,690532,,
Kerala,Idukki,556,Udumbanchola,5665,Chinnakanal,ചിന്നകനൽ,transliterated,628064,685618,,
Kerala,Kasaragod,558,Manjeswaram,5932,Chippar,ചിപ്പർ,transliterated,627079,671322,,
Kerala,Kannur,557,Kannur,5633,Chirakkal (Ct),ചിരക്കൽ (ച്ട്),transliterated,627233,670008,,
Kerala,Thrissur,566,Kunnamkulam,6598,Chiramanangad (Ct),ചിരമനന്ഗട് (ച്ട്),transliterated,627773,680604,,
Kerala,Thrissur,566,Kunnamkulam,6598,Chiranellur (Ct),ചിരനെല്ലുർ (ച്ട്),transliterated,627777,680501,,
Kerala,Thiruvananthapuram,565,Chirayinkeezhu,5689,Chirayinkeezhu,ചിരയിന്കീഴു,transliterated,913840,695101,,
Kerala,Kollam,559,Kottarakkara,5687,Chithara,ചിതര,transliterated,628429,691559,,
Kerala,Kasaragod,558,Hosdurg,5631,Chithari,ചിതരി,transliterated,627138,671316,,
Kerala,Pathanamthitta,564,Konni,5943,Chittar,ചിട്ടർ,transliterated,628321,689663,,
Kerala,Thrissur,566,Thrissur,5654,Chittilappilly (Ct),ചിട്ടിലപ്പില്ല്യ് (ച്ട്),transliterated,627841,680551,,
Kerala,Palakkad,563,Chittur,5650,Chittur (Part),ചിട്ടുർ (പര്ട്),transliterated,627656,678101,,
Kerala,Thrissur,566,Thrissur,5654,Chiyyaram,ചിയ്യരം,transliterated,913771,680026,,
Kerala,Kannur,557,Thalassery,5634,Chockli (Ct),ചൊച്ക്ലി (ച്ട്),transliterated,627291,673313,,
Kerala,Malappuram,562,Nilambur,5642,Chokkad,ചൊക്കാട്,transliterated,627482,679332,,
Kerala,Thrissur,566,Thrissur,5654,Choolissery (Ct),ചൂലിശ്ശേരി (ച്ട്),transliterated,627833,680541,,
Kerala,Thrissur,566,Kunnamkulam,6598,Choondal (Ct),ചൂന്ടൽ (ച്ട്),transliterated,627776,680502,,
Kerala,Kozhikode,561,Vatakara,5638,Chorode (Ct),ചൊരൊടെ (ച്ട്),transliterated,627361,673102,,
Kerala,Thrissur,566,Kunnamkulam,6598,Chowwannur,ചൊവ്വന്നുർ,transliterated,627736,680517,,
Kerala,Ernakulam,555,Aluva,5658,Chowwara (Ct),ചൊവ്വര (ച്ട്),transliterated,627974,683571,,
Kerala,Malappuram,562,Nilambur,5642,Chungathara,ചുന്ഗതര,transliterated,627473,679334,,
Kerala,Kannur,557,Taliparamba,5632,Chuzhali,ചുഴലി,transliterated,627197,670142,,
Kerala,Kollam,559,Karunagappally,5684,Clappana,ച്ലപ്പന,transliterated,628358,690525,,
Kerala,Kasaragod,558,Kasaragod,5630,Delampady,ടെലംപട്യ്,transliterated,627120,671543,,
Kerala,Thrissur,566,Talappilly,5652,Desamangalam (Ct),ടെസമംഗലം (ച്ട്),transliterated,627759,679532,,
Kerala,Kannur,557,Thalassery,5634,Dharmadom (Ct),ധര്മടൊം (ച്ട്),transliterated,627282,670106,,
Kerala,Kozhikode,561,Vatakara,5638,Edacheri (Ct),എടചെരി (ച്ട്),transliterated,627358,673502,,
Kerala,Kannur,557,Kannur,5633,Edakkad - Ct,എടക്കാട് - ച്ട്,transliterated,910359,670003,,
Kerala,Thrissur,566,Thrissur,5654,Edakkalathur (Ct),എടക്കലതുർ (ച്ട്),transliterated,627831,680552,,
Kerala,Ernakulam,555,Kanayannur,5661,Edakkattuvayal,എടക്കട്ടുവയൽ,transliterated,628003,682315,,
Kerala,Thrissur,566,Chavakkad,5653,Edakkazhiyur (Ct),എടക്കഴിയുർ (ച്ട്),transliterated,627796,680515,,
Kerala,Kottayam,560,Kanjirappally,5672,Edakkunnam,എടക്കുന്നം,transliterated,628196,686512,,
Kerala,Thrissur,566,Thrissur,5654,Edakkunni,എടക്കുന്നി,transliterated,913776,680306,,
Kerala,Ernakulam,555,Kochi,5660,Edakochi,എടകൊചി,transliterated,913790,682010,,
Kerala,Idukki,556,Devikulam,5664,Edamalakkudy,എടമലക്കുട്യ്,transliterated,931673,685612,,
Kerala,Kollam,559,Punalur,5947,Edamon,എടമൊൻ,transliterated,628391,691307,,
Kerala,Ernakulam,555,Kanayannur,5661,Edappally North,എടപ്പള്ളി നൊര്ത്,transliterated,913794,682024,,
Kerala,Malappuram,562,Tirurangadi,5645,Edarikode,എടരികോട്,transliterated,916102,676501,,
Kerala,Thrissur,566,Mukundapuram,5656,Edathirinji (Ct),എടതിരിന്ജി (ച്ട്),transliterated,627930,680122,,
Kerala,Thrissur,566,Kodungallur,5655,Edathiruthy (Ct),എടതിരുത്യ് (ച്ട്),transliterated,627873,680703,,
Kerala,Alappuzha,554,Kuttanad,5675,Edathua,എടതുഅ,transliterated,628247,689573,,
Kerala,Thiruvananthapuram,565,Varkala,5946,Edava,എടവ,transliterated,628452,695141,,
Kerala,Wayanad,567,Mananthavady,5635,Edavaka,എടവക,transliterated,627301,670645,,
Kerala,Ernakulam,555,Kochi,5660,Edavanakkad,എടവനക്കാട്,transliterated,627995,682502,,
Kerala,Malappuram,562,Ernad,5641,Edavanna,എടവന്ന,transliterated,627450,676541,,
Kerala,Thrissur,566,Kodungallur,5655,Edavilangu (Ct),എടവിലന്ഗു (ച്ട്),transliterated,627879,680671,,
Kerala,Malappuram,562,Tirur,5644,Edayoor,എടയൂർ,transliterated,627520,676552,,
Kerala,Kottayam,560,Meenachil,5668,Elackad,എലച്കാട്,transliterated,628130,686571,,
Kerala,Kollam,559,Kottarakkara,5687,Elamad,എലമട്,transliterated,628418,691533,,
Kerala,Thiruvananthapuram,565,Chirayinkeezhu,5689,Elamba,എലംബ,transliterated,628469,695611,,
Kerala,Kottayam,560,Kanjirappally,5672,Elamgulam,എലംഗുലം,transliterated,628199,686522,,
Kerala,Malappuram,562,Perinthalmanna,5643,Elamkulam,എലംകുളം,transliterated,627505,679340,,
Kerala,Ernakulam,555,Kanayannur,5661,Elamkulam,എലംകുളം,transliterated,913792,682017,,
Kerala,Ernakulam,555,Kochi,5660,Elamkunnapuzha (Ct),എലംകുന്നപുഴ (ച്ട്),transliterated,627999,682508,,
Kerala,Kollam,559,Kollam,5688,Elampalloor (Ct),എലംപല്ലൂർ (ച്ട്),transliterated,628442,691501,,
Kerala,Thrissur,566,Talappilly,5652,Elanad,എലനട്,transliterated,627755,680586,,
Kerala,Ernakulam,555,Muvattupuzha,5662,Elanji,എലന്ജി,transliterated,628036,686665,,
Kerala,Thrissur,566,Chalakkudy,5939,Elanjipra,എലന്ജിപ്ര,transliterated,627904,680721,,
Kerala,Malappuram,562,Ernad,5641,Elankur,എലന്കുർ,transliterated,627460,676122,,
Kerala,Idukki,556,Thodupuzha,5666,Elappally,എലപ്പള്ളി,transliterated,628102,685589,,
Kerala,Idukki,556,Peerumade,5667,Elappara,എലപ്പര,transliterated,628105,685501,,
Kerala,Palakkad,563,Palakkad,5649,Elappully-I,എലപ്പുല്ല്യ്-ഇ,transliterated,627646,678622,,
Kerala,Palakkad,563,Palakkad,5649,Elappully-Ii,എലപ്പുല്ല്യ്-ഈ,transliterated,627645,678007,,
Kerala,Kozhikode,561,Kozhikode,5640,Elathur (Og),എലതുർ (ഒഗ്),transliterated,627441,673303,,
Kerala,Thrissur,566,Chavakkad,5653,Elavally (Ct),എലവല്ല്യ് (ച്ട്),transliterated,627805,680511,,
Kerala,Palakkad,563,Chittur,5650,Elavancherry,എലവന്ചെര്ര്യ്,transliterated,627677,678508,,
Kerala,Kannur,557,Kannur,5633,Elayavoor (Ct),എലയവൂർ (ച്ട്),transliterated,627240,670006,,
Kerala,Kottayam,560,Kanjirappally,5672,Elikkulam,എലിക്കുളം,transliterated,628198,686506,,
Kerala,Pathanamthitta,564,Adoor,5683,Enadimangalam,എനടിമംഗലം,transliterated,628350,691524,,
Kerala,Ernakulam,555,Muvattupuzha,5662,Enanalloor,എനനല്ലൂർ,transliterated,628022,686673,,
Kerala,Pathanamthitta,564,Adoor,5683,Enathu,എനതു,transliterated,628356,691526,,
Kerala,Kozhikode,561,Thamarassery,5938,Engapuzha,എന്ഗപുഴ,transliterated,627408,673580,,
Kerala,Thrissur,566,Talappilly,5652,Enkakkad (Ct),എന്കക്കാട് (ച്ട്),transliterated,627769,680589,,
Kerala,Alappuzha,554,Chengannur,5677,Ennakkad,എന്നക്കാട്,transliterated,628267,689624,,
Kerala,Kozhikode,561,Vatakara,5638,Eramala (Ct),എരമല (ച്ട്),transliterated,627359,673501,,
Kerala,Ernakulam,555,Kothamangalam,5663,Eramalloor (Ct),എരമല്ലൂർ (ച്ട്),transliterated,628048,686691,,
Kerala,Thrissur,566,Kunnamkulam,6598,Eranellur (Ct),എരനെല്ലുർ (ച്ട്),transliterated,627782,680501,,
Kerala,Kannur,557,Thalassery,5634,Eranholi (Ct),എരന്ഹൊലി (ച്ട്),transliterated,627283,670107,,
Kerala,Pathanamthitta,564,Adoor,5683,Erathu,എരതു,transliterated,628352,691551,,
Kerala,Idukki,556,Udumbanchola,5665,Erattayar,എരട്ടയർ,transliterated,916081,685514,,
Kerala,Kottayam,560,Meenachil,5668,Erattupetta (Ct),എരട്ടുപെട്ട (ച്ട്),transliterated,628138,686122,,
Kerala,Kozhikode,561,Koyilandi,5639,Eravattur (Ct),എരവട്ടുർ (ച്ട്),transliterated,627387,673525,,
Kerala,Pathanamthitta,564,Thiruvalla,5679,Eraviperoor,എരവിപെരൂർ,transliterated,628299,689542,,
Kerala,Thrissur,566,Thrissur,5654,Eravu (Ct),എരവു (ച്ട്),transliterated,627849,680620,,
Kerala,Palakkad,563,Alathur,5651,Erimayur-I,എരിമയുർ-ഇ,transliterated,627698,678546,,
Kerala,Palakkad,563,Alathur,5651,Erimayur-Ii,എരിമയുർ-ഈ,transliterated,627699,678545,,
Kerala,Thrissur,566,Kodungallur,5655,Eriyad (Og),എരിയട് (ഒഗ്),transliterated,627885,680666,,
Kerala,Kollam,559,Punalur,5947,Eroor,എരൂർ,transliterated,628401,691312,,
Kerala,Kottayam,560,Kanjirappally,5672,Erumeli North,എരുമെലി നൊര്ത്,transliterated,628203,686509,,
Kerala,Kottayam,560,Kanjirappally,5672,Erumeli South,എരുമെലി സൗത്,transliterated,628204,686509,,
Kerala,Palakkad,563,Chittur,5650,Eruthempathy,എരുതെംപത്യ്,transliterated,627662,678555,,
Kerala,Kannur,557,Taliparamba,5632,Eruvassy,എരുവസ്സ്യ്,transliterated,627199,670582,,
Kerala,Kannur,557,Thalassery,5634,Eruvatti (Ct),എരുവട്ടി (ച്ട്),transliterated,627280,670642,,
Kerala,Kottayam,560,Kottayam,5670,Ettumanoor (Ct),എട്ടുമനൂർ (ച്ട്),transliterated,628171,686631,,
Kerala,Thrissur,566,Kunnamkulam,6598,Eyyal (Ct),എയ്യൽ (ച്ട്),transliterated,627772,680501,,
Kerala,Pathanamthitta,564,Adoor,5683,Ezhamkulam,എഴംകുളം,transliterated,628351,691556,,
Kerala,Kollam,559,Kottarakkara,5687,Ezhukone,എഴുകൊനെ,transliterated,628413,691505,,
Kerala,Pathanamthitta,564,Mallappally,5680,Ezhumattoor,എഴുമട്ടൂർ,transliterated,628308,689586,,
Kerala,Kozhikode,561,Kozhikode,5640,Feroke (Ct),ഫെരൊകെ (ച്ട്),transliterated,627439,673631,,
Kerala,Ernakulam,555,Kochi,5660,Fort Kochi,ഫൊര്ട് കൊചി,transliterated,913784,682001,,
Kerala,Thrissur,566,Chavakkad,5653,Guruvayur,ഗുരുവയുർ,transliterated,913648,680506,,
Kerala,Alappuzha,554,Karthikappally,5676,Haripad (Ct),ഹരിപട് (ച്ട്),transliterated,628256,690514,,
Kerala,Kasaragod,558,Manjeswaram,5932,Heroor,ഹെരൂർ,transliterated,627073,671324,,
Kerala,Kasaragod,558,Hosdurg,5631,Hosdurg,ഹൊസ്ടുര്ഗ്,transliterated,913020,671315,,
Kerala,Kasaragod,558,Manjeswaram,5932,Ichilampady,ഇചിലംപട്യ്,transliterated,627098,671321,,
Kerala,Kasaragod,558,Manjeswaram,5932,Ichilangod,ഇചിലന്ഗൊട്,transliterated,627072,671324,,
Kerala,Idukki,556,Idukki,5942,Idukki,ഇടുക്കി,transliterated,628099,685603,,
Kerala,Thrissur,566,Thrissur,5654,Inchamudi,ഇന്ചമുടി,transliterated,627823,680564,,
Kerala,Ernakulam,555,Kunnathunad,5657,Irapuram,ഇരപുരം,transliterated,627948,683541,,
Kerala,Pathanamthitta,564,Konni,5943,Iravan,ഇരവൻ,transliterated,628340,689691,,
Kerala,Kannur,557,Taliparamba,5632,Irikkur (Ct),ഇരിക്കുർ (ച്ട്),transliterated,627212,670593,,
Kerala,Malappuram,562,Tirur,5644,Irimbiliyam (Ct),ഇരിംബിലിയം (ച്ട്),transliterated,627538,679572,,
Kerala,Thrissur,566,Chavakkad,5653,Irimbranallur,ഇരിംബ്രനല്ലുർ,transliterated,627787,680506,,
Kerala,Kozhikode,561,Koyilandi,5639,Iringal (Ct),ഇരിന്ഗൽ (ച്ട്),transliterated,627386,673521,,
Kerala,Thrissur,566,Chavakkad,5653,Iringaprom (Ct),ഇരിന്ഗപ്രൊം (ച്ട്),transliterated,627799,680101,,
Kerala,Thrissur,566,Mukundapuram,5656,Irinjalakuda,ഇരിന്ജലകുട,transliterated,627896,680121,,
Kerala,Kannur,557,Kannur,5633,Iriveri (Ct),ഇരിവെരി (ച്ട്),transliterated,627243,670613,,
Kerala,Wayanad,567,Sulthanbathery,5636,Irulam,ഇരുലം,transliterated,627314,673579,,
Kerala,Kollam,559,Kottarakkara,5687,Ittiva,ഇട്ടിവ,transliterated,628424,691536,,
Kerala,Thiruvananthapuram,565,Thiruvananthapuram,5691,Kadakampalli,കടകംപള്ളി,transliterated,913458,695588,,
Kerala,Kollam,559,Kottarakkara,5687,Kadakkal,കടക്കൽ,transliterated,628425,691536,,
Kerala,Alappuzha,554,Cherthala,5673,Kadakkarappally,കടക്കരപ്പള്ളി,transliterated,628210,688529,,
Kerala,Kozhikode,561,Kozhikode,5640,Kadalundi (Og),കടലുന്ടി (ഒഗ്),transliterated,627442,673301,,
Kerala,Ernakulam,555,Kanayannur,5661,Kadamakkudy (Ct),കടമക്കുട്യ് (ച്ട്),transliterated,628010,682027,,
Kerala,Kasaragod,558,Manjeswaram,5932,Kadambar,കടംബർ,transliterated,627065,671323,,
Kerala,Kannur,557,Kannur,5633,Kadambur - Ct,കടംബുർ - ച്ട്,transliterated,910350,670621,,
Kerala,Pathanamthitta,564,Adoor,5683,Kadampanadu,കടംപനടു,transliterated,628355,691553,,
Kerala,Palakkad,563,Ottappalam,5647,Kadampazhipuram-I,കടംപഴിപുരം-ഇ,transliterated,627577,678633,,
Kerala,Kottayam,560,Meenachil,5668,Kadanad,കടനട്,transliterated,628118,686651,,
Kerala,Thrissur,566,Kunnamkulam,6598,Kadangode,കടന്ഗൊടെ,transliterated,627715,680584,,
Kerala,Kottayam,560,Meenachil,5668,Kadaplamattom,കടപ്ലമട്ടൊം,transliterated,916077,686571,,
Kerala,Thrissur,566,Chavakkad,5653,Kadappuram,കടപ്പുരം,transliterated,627785,680506,,
Kerala,Pathanamthitta,564,Thiruvalla,5679,Kadapra,കടപ്ര,transliterated,628293,689621,,
Kerala,Thrissur,566,Kunnamkulam,6598,Kadavallur (Ct),കടവല്ലുർ (ച്ട്),transliterated,627760,680543,,
Kerala,Thrissur,566,Chavakkad,5653,Kadikkad (Ct),കടിക്കാട് (ച്ട്),transliterated,627792,680505,,
Kerala,Thiruvananthapuram,565,Thiruvananthapuram,5691,Kadinamkulam,കടിനംകുളം,transliterated,628505,695301,,
Kerala,Kannur,557,Thalassery,5634,Kadirur (Ct),കടിരുർ (ച്ട്),transliterated,627284,670642,,
Kerala,Ernakulam,555,Paravur,5659,Kadungalloor (Ct),കടുന്ഗല്ലൂർ (ച്ട്),transliterated,627988,683110,,
Kerala,Thrissur,566,Mukundapuram,5656,Kaduppassery,കടുപ്പശ്ശേരി,transliterated,627897,680683,,
Kerala,Kottayam,560,Vaikom,5669,Kaduthuruthy,കടുതുരുത്യ്,transliterated,628143,686613,,
Kerala,Alappuzha,554,Kuttanad,5675,Kainakary North,കൈനകര്യ് നൊര്ത്,transliterated,628236,688501,,
Kerala,Alappuzha,554,Kuttanad,5675,Kainakary South,കൈനകര്യ് സൗത്,transliterated,628237,688501,,
Kerala,Thrissur,566,Thrissur,5654,Kainoor (Ct),കൈനൂർ (ച്ട്),transliterated,627844,680014,,
Kerala,Thrissur,566,Kodungallur,5655,Kaipamangalam (Ct),കൈപമംഗലം (ച്ട്),transliterated,627875,680681,,
Kerala,Thrissur,566,Thrissur,5654,Kaiparamba (Ct),കൈപരംബ (ച്ട്),transliterated,627829,680546,,
Kerala,Ernakulam,555,Kanayannur,5661,Kaippattur,കൈപ്പട്ടുർ,transliterated,628004,682313,,
Kerala,Kottayam,560,Kottayam,5670,Kaipuzha,കൈപുഴ,transliterated,628156,686632,,
Kerala,Palakkad,563,Chittur,5650,Kairady,കൈരട്യ്,transliterated,627674,678510,,
Kerala,Kozhikode,561,Kozhikode,5640,Kakkad,കക്കാട്,transliterated,627419,673328,,
Kerala,Ernakulam,555,Kanayannur,5661,Kakkanad (Ct),കക്കനട് (ച്ട്),transliterated,628007,682030,,
Kerala,Kozhikode,561,Kozhikode,5640,Kakkodi (Ct),കക്കൊടി (ച്ട്),transliterated,627424,673611,,
Kerala,Kozhikode,561,Kozhikode,5640,Kakkur,കക്കുർ,transliterated,627401,673585,,
Kerala,Malappuram,562,Ponnani,5646,Kalady (Ct),കലട്യ് (ച്ട്),transliterated,627562,679582,,
Kerala,Ernakulam,555,Aluva,5658,Kalady (Ct),കലട്യ് (ച്ട്),transliterated,627971,683574,,
Kerala,Alappuzha,554,Ambalappuzha,5674,Kalavoor,കലവൂർ,transliterated,628226,688522,,
Kerala,Kollam,559,Kottarakkara,5687,Kalayapuram,കലയപുരം,transliterated,628407,691560,,
Kerala,Malappuram,562,Nilambur,5642,Kalikavu,കലികാവ്,transliterated,627483,676525,,
Kerala,Kasaragod,558,Manjeswaram,5932,Kaliyoor,കലിയൂർ,transliterated,627062,671323,,
Kerala,Idukki,556,Udumbanchola,5665,Kalkoonthal,കല്കൂന്തൽ,transliterated,628074,685514,,
Kerala,Palakkad,563,Tribal Taluk Office Attappadi,7176,Kallamala,കല്ലമല,transliterated,627614,678582,,
Kerala,Kasaragod,558,Vellarikkundu,5933,Kallar,കല്ലർ,transliterated,627143,671532,,
Kerala,Kottayam,560,Vaikom,5669,Kallara,കല്ലര,transliterated,628151,686611,,
Kerala,Thiruvananthapuram,565,Nedumangad,5690,Kallara,കല്ലര,transliterated,628481,695608,,
Kerala,Kollam,559,Karunagappally,5684,Kallelibhagom (Ct),കല്ലെലിഭഗൊം (ച്ട്),transliterated,628367,690519,,
Kerala,Kannur,557,Iritty,5937,Kalliad,കല്ലിഅട്,transliterated,627204,670593,,
Kerala,Kannur,557,Kannur,5633,Kalliasseri (Ct),കല്ലിഅസ്സെരി (ച്ട്),transliterated,627229,670301,,
Kerala,Pathanamthitta,564,Mallappally,5680,Kallooppara,കല്ലൂപ്പര,transliterated,628303,689583,,
Kerala,Ernakulam,555,Muvattupuzha,5662,Kalloorkkad,കല്ലൂര്ക്കാട്,transliterated,628023,686668,,
Kerala,Thrissur,566,Mukundapuram,5656,Kallur,കല്ലുർ,transliterated,627888,680317,,
Kerala,Thrissur,566,Chalakkudy,5939,Kallur Thekkummuri (Ct),കല്ലുർ തെക്കുമ്മുരി (ച്ട്),transliterated,627940,680308,,
Kerala,Thrissur,566,Chalakkudy,5939,Kallur Vadakkummuri (Ct),കല്ലുർ വടക്കുമ്മുരി (ച്ട്),transliterated,627938,680308,,
Kerala,Kasaragod,558,Kasaragod,5630,Kalnad,കല്നട്,transliterated,627100,671317,,
Kerala,Malappuram,562,Tirur,5644,Kalpakancheri,കല്പകന്ചെരി,transliterated,627516,676551,,
Kerala,Wayanad,567,Vythiri,5637,Kalpetta,കല്പെട്ട,transliterated,913291,673121,,
Kerala,Kottayam,560,Meenachil,5668,Kanakkari,കനക്കരി,transliterated,628129,686632,,
Kerala,Ernakulam,555,Kanayannur,5661,Kanayannur (Ct),കനയന്നുർ (ച്ട്),transliterated,628013,682312,,
Kerala,Idukki,556,Idukki,5942,Kanchiyar,കന്ചിയർ,transliterated,916080,685511,,
Kerala,Alappuzha,554,Karthikappally,5676,Kandalloor (Ct),കന്ടല്ലൂർ (ച്ട്),transliterated,628264,690535,,
Kerala,Kannur,557,Thalassery,5634,Kandamkunnu (Ct),കന്ടംകുന്നു (ച്ട്),transliterated,627277,670643,,
Kerala,Thrissur,566,Kunnamkulam,6598,Kandanassery (Ct),കന്ടനശ്ശേരി (ച്ട്),transliterated,627784,680102,,
Kerala,Kottayam,560,Changanassery,5671,Kangazha,കന്ഗഴ,transliterated,628189,686541,,
Kerala,Kasaragod,558,Hosdurg,5631,Kanhangad,കന്ഹന്ഗട്,transliterated,913021,671315,,
Kerala,Kannur,557,Kannur,5633,Kanhirode (Ct),കന്ഹിരൊടെ (ച്ട്),transliterated,627236,670592,,
Kerala,Kannur,557,Iritty,5937,Kanichar,കനിചർ,transliterated,627259,670674,,
Kerala,Thrissur,566,Thrissur,5654,Kanimangalam,കനിമംഗലം,transliterated,913769,680027,,
Kerala,Thrissur,566,Kunnamkulam,6598,Kanipayyur,കനിപയ്യുർ,transliterated,627738,680517,,
Kerala,Alappuzha,554,Cherthala,5673,Kanjikkuzhi (Ct),കന്ജിക്കുഴി (ച്ട്),transliterated,628224,688539,,
Kerala,Idukki,556,Idukki,5942,Kanjikuzhi,കന്ജികുഴി,transliterated,628087,685606,,
Kerala,Thrissur,566,Talappilly,5652,Kanjirakode,കന്ജിരകോട്,transliterated,627734,680590,,
Kerala,Thiruvananthapuram,565,Neyyattinkara,5692,Kanjiramkulam (Ct),കന്ജിരംകുളം (ച്ട്),transliterated,628545,695526,,
Kerala,Wayanad,567,Mananthavady,5635,Kanjirangad,കന്ജിരന്ഗട്,transliterated,627308,670645,,
Kerala,Kannur,557,Payyannur,6599,Kankole,കന്കൊലെ,transliterated,627179,670307,,
Kerala,Palakkad,563,Palakkad,5649,Kannadi-I,കന്നടി-ഇ,transliterated,627640,678701,,
Kerala,Palakkad,563,Palakkad,5649,Kannadi-Ii,കന്നടി-ഈ,transliterated,627641,678701,,
Kerala,Kannur,557,Kannur,5633,Kannadiparamba (Ct),കന്നടിപരംബ (ച്ട്),transliterated,627234,670604,,
Kerala,Alappuzha,554,Mavelikkara,5678,Kannamangalam (Ct),കന്നമംഗലം (ച്ട്),transliterated,628287,690103,,
Kerala,Palakkad,563,Alathur,5651,Kannambra-I,കന്നംബ്ര-ഇ,transliterated,627704,678686,,
Kerala,Palakkad,563,Alathur,5651,Kannambra-Ii,കന്നംബ്ര-ഈ,transliterated,627705,678686,,
Kerala,Idukki,556,Devikulam,5664,Kannan Devan Hills,കന്നൻ ടെവൻ ഹില്ല്സ്,transliterated,628054,685616,,
Kerala,Kannur,557,Kannur,5633,Kannapuram (Ct),കന്നപുരം (ച്ട്),transliterated,627226,670301,,
Kerala,Kannur,557,Thalassery,5634,Kannavam,കന്നവം,transliterated,627267,670650,,
Kerala,Kasaragod,558,Manjeswaram,5932,Kannur,കന്നുർ,transliterated,627093,671321,,
Kerala,Kannur,557,Kannur,5633,Kannur I,കന്നുർ ഇ,transliterated,913028,670001,,
Kerala,Kannur,557,Kannur,5633,Kannur II,കന്നുർ ഈ,transliterated,913029,670002,,
Kerala,Kozhikode,561,Thamarassery,5938,Kanthalad,കന്തലട്,transliterated,627380,673574,,
Kerala,Idukki,556,Udumbanchola,5665,Kanthippara,കന്തിപ്പര,transliterated,628067,685619,,
Kerala,Malappuram,562,Ernad,5641,Karakunnu,കരകുന്നു,transliterated,627451,676123,,
Kerala,Palakkad,563,Mannarkad,5648,Karakurissi,കരകുരിസ്സി,transliterated,627622,678595,,
Kerala,Thrissur,566,Mukundapuram,5656,Karalam,കരലം,transliterated,627886,680701,,
Kerala,Thrissur,566,Thrissur,5654,Karamuck (Ct),കരമുച്ക് (ച്ട്),transliterated,627847,680613,,
Kerala,Kollam,559,Punalur,5947,Karavaloor (Part),കരവലൂർ (പര്ട്),transliterated,628397,691333,,
Kerala,Kollam,559,Kottarakkara,5687,Kareepra,കരീപ്ര,transliterated,628414,691509,,
Kerala,Malappuram,562,Perinthalmanna,5643,Kariavattom,കരിഅവട്ടൊം,transliterated,627499,679325,,
Kerala,Thrissur,566,Kunnamkulam,6598,Karikkad (Ct),കരിക്കാട് (ച്ട്),transliterated,627763,680519,,
Kerala,Idukki,556,Thodupuzha,5666,Karikkode (Part),കരിക്കോട് (പര്ട്),transliterated,628091,685588,,
Kerala,Kannur,557,Iritty,5937,Karikkottakkari,കരിക്കൊട്ടക്കരി,transliterated,942948,670705,,
Kerala,Idukki,556,Thodupuzha,5666,Karimannoor,കരിമന്നൂർ,transliterated,628090,685581,,
Kerala,Palakkad,563,Mannarkad,5648,Karimba -Ii,കരിംബ -ഈ,transliterated,627621,678597,,
Kerala,Idukki,556,Thodupuzha,5666,Karimkunnam (Part),കരിംകുന്നം (പര്ട്),transliterated,628095,685586,,
Kerala,Palakkad,563,Ottappalam,5647,Karimpuzha-I,കരിംപുഴ-ഇ,transliterated,627574,678597,,
Kerala,Palakkad,563,Ottappalam,5647,Karimpuzha-Ii,കരിംപുഴ-ഈ,transliterated,627575,678597,,
Kerala,Kasaragod,558,Vellarikkundu,5933,Karindalam,കരിന്ടലം,transliterated,627156,671314,,
Kerala,Kasaragod,558,Kasaragod,5630,Karivedakam,കരിവെടകം,transliterated,627117,671541,,
Kerala,Kannur,557,Payyannur,6599,Karivellur (Ct),കരിവെല്ലുർ (ച്ട്),transliterated,627209,670521,,
Kerala,Thrissur,566,Kunnamkulam,6598,Kariyannur (Ct),കരിയന്നുർ (ച്ട്),transliterated,627771,680584,,
Kerala,Thiruvananthapuram,565,Neyyattinkara,5692,Karode,കരൊടെ,transliterated,628532,695506,,
Kerala,Alappuzha,554,Karthikappally,5676,Karthikappally (Ct),കര്തികപ്പള്ളി (ച്ട്),transliterated,628258,690516,,
Kerala,Malappuram,562,Nilambur,5642,Karulai,കരുലൈ,transliterated,627477,679330,,
Kerala,Ernakulam,555,Paravur,5659,Karumalloor (Ct),കരുമല്ലൂർ (ച്ട്),transliterated,627987,683511,,
Kerala,Thrissur,566,Talappilly,5652,Karumathara,കരുമതര,transliterated,627746,680589,,
Kerala,Thrissur,566,Mukundapuram,5656,Karumathra,കരുമത്ര,transliterated,627909,680123,,
Kerala,Thiruvananthapuram,565,Neyyattinkara,5692,Karumkulam,കരുംകുളം,transliterated,628536,695526,,
Kerala,Idukki,556,Udumbanchola,5665,Karunapuram,കരുനപുരം,transliterated,628077,685552,,
Kerala,Malappuram,562,Nilambur,5642,Karuvarakundu,കരുവരകുന്ടു,transliterated,627487,676523,,
Kerala,Alappuzha,554,Karthikappally,5676,Karuvatta,കരുവട്ട,transliterated,628250,690517,,
Kerala,Kozhikode,561,Kozhikode,5640,Kasaba,കസബ,transliterated,913300,673004,,
Kerala,Kasaragod,558,Kasaragod,5630,Kasaragod,കസരഗൊട്,transliterated,913024,671121,,
Kerala,Kozhikode,561,Kozhikode,5640,Katchery,കട്ചേരി,transliterated,913299,673005,,
Kerala,Thrissur,566,Kunnamkulam,6598,Kattakampal (Ct),കട്ടകംപൽ (ച്ട്),transliterated,627761,680544,,
Kerala,Alappuzha,554,Mavelikkara,5678,Kattanam (Ct),കട്ടനം (ച്ട്),transliterated,628291,690503,,
Kerala,Idukki,556,Idukki,5942,Kattappana,കട്ടപ്പന,transliterated,628079,685514,,
Kerala,Kozhikode,561,Thamarassery,5938,Kattippara,കട്ടിപ്പര,transliterated,916091,673573,,
Kerala,Malappuram,562,Tirur,5644,Kattipparuthi (Ct),കട്ടിപ്പരുതി (ച്ട്),transliterated,627532,676552,,
Kerala,Thrissur,566,Mukundapuram,5656,Kattur (Ct),കട്ടുർ (ച്ട്),transliterated,627924,680702,,
Kerala,Alappuzha,554,Kuttanad,5675,Kavalam,കവലം,transliterated,628240,688506,,
Kerala,Malappuram,562,Ernad,5641,Kavanoor,കവനൂർ,transliterated,627452,673639,,
Kerala,Palakkad,563,Alathur,5651,Kavasseri-I,കവസ്സെരി-ഇ,transliterated,627701,678682,,
Kerala,Palakkad,563,Alathur,5651,Kavasseri-Ii,കവസ്സെരി-ഈ,transliterated,627702,678543,,
Kerala,Kozhikode,561,Vatakara,5638,Kavilumpara,കവിലുംപര,transliterated,627345,673513,,
Kerala,Pathanamthitta,564,Thiruvalla,5679,Kaviyoor,കവിയൂർ,transliterated,628298,689582,,
Kerala,Wayanad,567,Vythiri,5637,Kavumannam,കവുമന്നം,transliterated,627331,673575,,
Kerala,Pathanamthitta,564,Thiruvalla,5679,Kavumbhagom (Part),കവുംഭഗൊം (പര്ട്),transliterated,628296,689102,,
Kerala,Thiruvananthapuram,565,Thiruvananthapuram,5691,Kawdiar,കവ്ടിഅർ,transliterated,913459,695003,,
Kerala,Kozhikode,561,Vatakara,5638,Kayakkodi,കയക്കൊടി,transliterated,627346,673508,,
Kerala,Alappuzha,554,Karthikappally,5676,Kayamkulam,കയംകുളം,transliterated,913815,690502,,
Kerala,Kozhikode,561,Koyilandi,5639,Kayanna,കയന്ന,transliterated,627378,673527,,
Kerala,Kannur,557,Taliparamba,5632,Kayaralam,കയരലം,transliterated,627208,670602,,
Kerala,Kasaragod,558,Manjeswaram,5932,Kayyar,കയ്യർ,transliterated,627076,671322,,
Kerala,Kasaragod,558,Hosdurg,5631,Kayyur,കയ്യുർ,transliterated,627159,671313,,
Kerala,Thiruvananthapuram,565,Thiruvananthapuram,5691,Kazhakkoottam(Og),കഴക്കൂട്ടം(ഒഗ്),transliterated,628519,695582,,
Kerala,Ernakulam,555,Kothamangalam,5663,Kedavoor,കെടവൂർ,transliterated,628045,686671,,
Kerala,Kozhikode,561,Thamarassery,5938,Kedavur,കെടവുർ,transliterated,627406,673573,,
Kerala,Ernakulam,555,Kanayannur,5661,Keecherry,കീചെര്ര്യ്,transliterated,628006,682315,,
Kerala,Kasaragod,558,Hosdurg,5631,Keekan (Ct),കീകൻ (ച്ട്),transliterated,627168,671316,,
Kerala,Ernakulam,555,Kothamangalam,5663,Keerampara,കീരംപര,transliterated,628042,686681,,
Kerala,Alappuzha,554,Karthikappally,5676,Keerikkad (Ct),കീരിക്കാട് (ച്ട്),transliterated,628262,690508,,
Kerala,Kannur,557,Thalassery,5634,Keezhallur (Ct),കീഴല്ലുർ (ച്ട്),transliterated,627273,670595,,
Kerala,Kozhikode,561,Koyilandi,5639,Keezhariyur (Ct),കീഴരിയുർ (ച്ട്),transliterated,627394,673307,,
Kerala,Thiruvananthapuram,565,Kattakkada,5945,Keezharoor,കീഴരൂർ,transliterated,628526,695125,,
Kerala,Malappuram,562,Perinthalmanna,5643,Keezhattur,കീഴട്ടുർ,transliterated,627491,679325,,
Kerala,Thiruvananthapuram,565,Thiruvananthapuram,5691,Keezhthonnakkal,കീഴ്തൊന്നക്കൽ,transliterated,628507,695316,,
Kerala,Kannur,557,Iritty,5937,Keezhur,കീഴുർ,transliterated,627252,670703,,
Kerala,Kannur,557,Iritty,5937,Kelakam,കെലകം,transliterated,627258,670674,,
Kerala,Palakkad,563,Palakkad,5649,Keralassery,കെരലശ്ശേരി,transliterated,627629,678641,,
Kerala,Wayanad,567,Sulthanbathery,5636,Kidanganad,കിടന്ഗനട്,transliterated,627313,673592,,
Kerala,Kottayam,560,Meenachil,5668,Kidangoor,കിടന്ഗൂർ,transliterated,628131,686584,,
Kerala,Kasaragod,558,Hosdurg,5631,Kilayikode,കിലയികോട്,transliterated,627160,671313,,
Kerala,Kollam,559,Kollam,5688,Kilikollur,കിലികൊല്ലുർ,transliterated,913477,691004,,
Kerala,Thiruvananthapuram,565,Chirayinkeezhu,5689,Kilimanoor,കിലിമനൂർ,transliterated,628460,695614,,
Kerala,Thrissur,566,Thrissur,5654,Killannur (Ct),കില്ലന്നുർ (ച്ട്),transliterated,627825,680581,,
Kerala,Thrissur,566,Talappilly,5652,Killimangalam,കില്ലിമംഗലം,transliterated,627730,680591,,
Kerala,Kozhikode,561,Thamarassery,5938,Kinalur,കിനലുർ,transliterated,627383,673612,,
Kerala,Kasaragod,558,Vellarikkundu,5933,Kinanoor,കിനനൂർ,transliterated,627155,671533,,
Kerala,Thrissur,566,Kunnamkulam,6598,Kiralur,കിരലുർ,transliterated,627742,680601,,
Kerala,Ernakulam,555,Kunnathunad,5657,Kizhakkambalam,കിഴക്കംബലം,transliterated,627951,683562,,
Kerala,Kollam,559,Kollam,5688,Kizhakkekallada,കിഴക്കെകല്ലട,transliterated,628432,691502,,
Kerala,Palakkad,563,Alathur,5651,Kizhakkencheri-Ii,കിഴക്കെന്ചെരി-ഈ,transliterated,627711,678684,,
Kerala,Kozhikode,561,Thamarassery,5938,Kizhakkoth,കിഴക്കൊത്,transliterated,627403,673572,,
Kerala,Ernakulam,555,Aluva,5658,Kizhakkumbhagom (Ct),കിഴക്കുംഭഗൊം (ച്ട്),transliterated,627977,683575,,
Kerala,Thrissur,566,Thrissur,5654,Kizhakkummuri (Ct),കിഴക്കുമ്മുരി (ച്ട്),transliterated,627861,680571,,
Kerala,Malappuram,562,Ernad,5641,Kizhuparamba (Ct),കിഴുപരംബ (ച്ട്),transliterated,627465,673639,,
Kerala,Thrissur,566,Thrissur,5654,Kizhuppillikkara (Ct),കിഴുപ്പില്ലിക്കര (ച്ട്),transliterated,627868,680702,,
Kerala,Thiruvananthapuram,565,Chirayinkeezhu,5689,Kizhuvilam,കിഴുവിലം,transliterated,628476,695304,,
Kerala,Kasaragod,558,Hosdurg,5631,Kodakkad,കൊടക്കാട്,transliterated,627162,671310,,
Kerala,Alappuzha,554,Cherthala,5673,Kodamthuruth (Ct),കൊടംതുരുത് (ച്ട്),transliterated,628217,688533,,
Kerala,Ernakulam,555,Kunnathunad,5657,Kodanad,കൊടനട്,transliterated,627941,683544,,
Kerala,Thrissur,566,Thrissur,5654,Kodannur (Ct),കൊടന്നുർ (ച്ട്),transliterated,627857,680563,,
Kerala,Idukki,556,Thodupuzha,5666,Kodikulam,കൊടികുളം,transliterated,628085,685582,,
Kerala,Kozhikode,561,Kozhikode,5640,Kodiyathur,കൊടിയതുർ,transliterated,627420,673602,,
Kerala,Kannur,557,Thalassery,5634,Kodiyeri - Ct,കൊടിയെരി - ച്ട്,transliterated,910496,670671,,
Kerala,Kasaragod,558,Vellarikkundu,5933,Kodom,കൊടൊം,transliterated,627142,671531,,
Kerala,Palakkad,563,Palakkad,5649,Kodumba,കൊടുംബ,transliterated,627642,678551,,
Kerala,Pathanamthitta,564,Adoor,5683,Kodumon,കൊടുമൊൻ,transliterated,628346,691555,,
Kerala,Malappuram,562,Perinthalmanna,5643,Kodur (Ct),കൊടുർ (ച്ട്),transliterated,627510,676504,,
Kerala,Palakkad,563,Chittur,5650,Koduvayur 1,കൊടുവയുർ 1,transliterated,627682,678501,,
Kerala,Thiruvananthapuram,565,Chirayinkeezhu,5689,Koduvazhannoor,കൊടുവഴന്നൂർ,transliterated,628463,695601,,
Kerala,Kasaragod,558,Manjeswaram,5932,Koipady (Ct),കൊഇപട്യ് (ച്ട്),transliterated,627128,671321,,
Kerala,Pathanamthitta,564,Thiruvalla,5679,Koipuram,കൊഇപുരം,transliterated,628300,689531,,
Kerala,Idukki,556,Peerumade,5667,Kokkayar,കൊക്കയർ,transliterated,628106,685531,,
Kerala,Alappuzha,554,Cherthala,5673,Kokkothamangalam (Ct),കൊക്കൊതമംഗലം (ച്ട്),transliterated,628223,688527,,
Kerala,Kannur,557,Iritty,5937,Kolari,കൊലരി,transliterated,913285,670702,,
Kerala,Kasaragod,558,Kasaragod,5630,Kolathur,കൊലതുർ,transliterated,627113,671541,,
Kerala,Kannur,557,Thalassery,5634,Kolavelloor (Ct),കൊലവെല്ലൂർ (ച്ട്),transliterated,627287,670693,,
Kerala,Thrissur,566,Thrissur,5654,Kolazhy (Ct),കൊലഴ്യ് (ച്ട്),transliterated,627835,680581,,
Kerala,Thiruvananthapuram,565,Nedumangad,5690,Koliyakode,കൊലിയകോട്,transliterated,628489,695589,,
Kerala,Kollam,559,Kollam,5688,Kollam East,കൊല്ലം എഅസ്ട്,transliterated,913829,691001,,
Kerala,Pathanamthitta,564,Ranni,5681,Kollamula,കൊല്ലമുല,transliterated,628312,686510,,
Kerala,Thiruvananthapuram,565,Neyyattinkara,5692,Kollayil (Part),കൊല്ലയിൽ (പര്ട്),transliterated,628531,695122,,
Kerala,Palakkad,563,Chittur,5650,Kollengode-I,കൊല്ലെന്ഗൊടെ-ഇ,transliterated,627679,678506,,
Kerala,Palakkad,563,Chittur,5650,Kollengode-Ii,കൊല്ലെന്ഗൊടെ-ഈ,transliterated,627678,678506,,
Kerala,Kannur,557,Thalassery,5634,Koloyad,കൊലൊയട്,transliterated,627266,670650,,
Kerala,Alappuzha,554,Ambalappuzha,5674,Komalapuram (Ct),കൊമലപുരം (ച്ട്),transliterated,628234,688006,,
Kerala,Ernakulam,555,Kunnathunad,5657,Kombanad,കൊംബനട്,transliterated,627942,683546,,
Kerala,Kottayam,560,Meenachil,5668,Kondoor,കൊന്ടൂർ,transliterated,628135,686123,,
Kerala,Malappuram,562,Kondotty,5941,Kondotty (Ct),കൊന്ടൊട്ട്യ് (ച്ട്),transliterated,627468,673638,,
Kerala,Palakkad,563,Palakkad,5649,Kongad-I,കൊന്ഗട്-ഇ,transliterated,627632,678631,,
Kerala,Palakkad,563,Palakkad,5649,Kongad-Ii,കൊന്ഗട്-ഈ,transliterated,627628,678631,,
Kerala,Idukki,556,Idukki,5942,Konnathady,കൊന്നതട്യ്,transliterated,628061,685571,,
Kerala,Pathanamthitta,564,Konni,5943,Konni,കൊന്നി,transliterated,628338,689691,,
Kerala,Pathanamthitta,564,Konni,5943,Koodal,കൂടൽ,transliterated,628348,689693,,
Kerala,Kannur,557,Thalassery,5634,Koodali (Ct),കൂടലി (ച്ട്),transliterated,627272,670592,,
Kerala,Kozhikode,561,Thamarassery,5938,Koodathayi,കൂടതയി,transliterated,627409,673582,,
Kerala,Thrissur,566,Kodungallur,5655,Koolimuttam,കൂലിമുട്ടം,transliterated,627870,680691,,
Kerala,Kozhikode,561,Koyilandi,5639,Koorachundu,കൂരചുന്ടു,transliterated,627379,673527,,
Kerala,Kottayam,560,Kottayam,5670,Kooroppada,കൂരൊപ്പട,transliterated,628163,686502,,
Kerala,Kozhikode,561,Koyilandi,5639,Koothali (Ct),കൂതലി (ച്ട്),transliterated,627388,673525,,
Kerala,Ernakulam,555,Muvattupuzha,5662,Koothattukulam,കൂതട്ടുകുളം,transliterated,628035,686662,,
Kerala,Ernakulam,555,Kunnathunad,5657,Koovappady (Ct),കൂവപ്പട്യ് (ച്ട്),transliterated,627956,683544,,
Kerala,Kottayam,560,Kanjirappally,5672,Koovappally,കൂവപ്പള്ളി,transliterated,628202,686518,,
Kerala,Palakkad,563,Pattambi,5940,Koppam,കൊപ്പം,transliterated,627585,679307,,
Kerala,Kottayam,560,Kanjirappally,5672,Koruthode,കൊരുതൊടെ,transliterated,916076,686513,,
Kerala,Ernakulam,555,Kothamangalam,5663,Kothamangalam (Og) (Part),കൊതമംഗലം (ഒഗ്) (പര്ട്),transliterated,645601,686691,,
Kerala,Kottayam,560,Vaikom,5669,Kothanalloor,കൊതനല്ലൂർ,transliterated,628154,686603,,
Kerala,Idukki,556,Devikulam,5664,Kottakamboor,കൊട്ടകംബൂർ,transliterated,628052,685615,,
Kerala,Malappuram,562,Tirur,5644,Kottakkal (Ct),കൊട്ടക്കൽ (ച്ട്),transliterated,627527,676503,,
Kerala,Kollam,559,Kollam,5688,Kottamkara (Ct),കൊട്ടംകര (ച്ട്),transliterated,628444,691501,,
Kerala,Thrissur,566,Mukundapuram,5656,Kottanellur,കൊട്ടനെല്ലുർ,transliterated,627907,680662,,
Kerala,Pathanamthitta,564,Mallappally,5680,Kottangal,കൊട്ടന്ഗൽ,transliterated,628306,686547,,
Kerala,Ernakulam,555,Kothamangalam,5663,Kottappady,കൊട്ടപ്പട്യ്,transliterated,628039,686692,,
Kerala,Kozhikode,561,Vatakara,5638,Kottappally (Ct),കൊട്ടപ്പള്ളി (ച്ട്),transliterated,627363,673542,,
Kerala,Kollam,559,Kollam,5688,Kottappuram,കൊട്ടപ്പുരം,transliterated,913836,691301,,
Kerala,Thrissur,566,Talappilly,5652,Kottappuram (Ct),കൊട്ടപ്പുരം (ച്ട്),transliterated,627765,680667,,
Kerala,Kollam,559,Kottarakkara,5687,Kottarakkara (Ct),കൊട്ടരക്കര (ച്ട്),transliterated,628430,691506,,
Kerala,Wayanad,567,Vythiri,5637,Kottathara,കൊട്ടതര,transliterated,627326,673122,,
Kerala,Palakkad,563,Tribal Taluk Office Attappadi,7176,Kottathara,കൊട്ടതര,transliterated,627612,678581,,
Kerala,Kannur,557,Thalassery,5634,Kottayam,കൊട്ടയം,transliterated,627279,670643,,
Kerala,Kottayam,560,Kottayam,5670,Kottayam,കൊട്ടയം,transliterated,913807,686005,,
Kerala,Palakkad,563,Alathur,5651,Kottayi-Ii,കൊട്ടയി-ഈ,transliterated,627687,678572,,
Kerala,Kannur,557,Iritty,5937,Kottiyoor,കൊട്ടിയൂർ,transliterated,627257,670651,,
Kerala,Palakkad,563,Mannarkad,5648,Kottoppadam-I,കൊട്ടൊപ്പടം-ഇ,transliterated,627606,678583,,
Kerala,Palakkad,563,Mannarkad,5648,Kottoppadam-Iii,കൊട്ടൊപ്പടം-ഈഇ,transliterated,627607,678583,,
Kerala,Thiruvananthapuram,565,Neyyattinkara,5692,Kottukal (Part),കൊട്ടുകൽ (പര്ട്),transliterated,628537,695501,,
Kerala,Kollam,559,Kottarakkara,5687,Kottukkal,കൊട്ടുക്കൽ,transliterated,628423,691306,,
Kerala,Pathanamthitta,564,Kozhenchery,5682,Kozhenchery (Ct),കൊഴെൻചേരി (ച്ട്),transliterated,628342,689641,,
Kerala,Palakkad,563,Chittur,5650,Kozhinjampara,കൊഴിന്ജംപര,transliterated,627659,678555,,
Kerala,Kozhikode,561,Koyilandi,5639,Kozhukkallur (Ct),കൊഴുക്കല്ലുർ (ച്ട്),transliterated,627391,673524,,
Kerala,Thrissur,566,Thrissur,5654,Kozhukkully (Ct),കൊഴുക്കുല്ല്യ് (ച്ട്),transliterated,627843,680751,,
Kerala,Wayanad,567,Sulthanbathery,5636,Krishnagiri,ക്രിഷ്നഗിരി,transliterated,627316,673591,,
Kerala,Alappuzha,554,Karthikappally,5676,Krishnapuram (Ct),ക്രിഷ്നപുരം (ച്ട്),transliterated,628266,690533,,
Kerala,Thiruvananthapuram,565,Thiruvananthapuram,5691,Kudappanakkunnu (Ct),കുടപ്പനക്കുന്നു (ച്ട്),transliterated,628515,695043,,
Kerala,Thiruvananthapuram,565,Varkala,5946,Kudavoor,കുടവൂർ,transliterated,628458,695603,,
Kerala,Idukki,556,Thodupuzha,5666,Kudayathoor,കുടയതൂർ,transliterated,628101,685590,,
Kerala,Kasaragod,558,Kasaragod,5630,Kudlu (Ct),കുട്ലു (ച്ട്),transliterated,627133,671124,,
Kerala,Pathanamthitta,564,Kozhenchery,5682,Kulanada,കുലനട,transliterated,628322,689503,,
Kerala,Thiruvananthapuram,565,Neyyattinkara,5692,Kulathoor,കുലതൂർ,transliterated,628534,695506,,
Kerala,Thiruvananthapuram,565,Kattakkada,5945,Kulathummal (Ct),കുലതുമ്മൽ (ച്ട്),transliterated,628540,695572,,
Kerala,Kollam,559,Punalur,5947,Kulathupuzha,കുലതുപുഴ,transliterated,628394,691310,,
Kerala,Ernakulam,555,Kanayannur,5661,Kulayettikara,കുലയെട്ടികര,transliterated,628005,682317,,
Kerala,Palakkad,563,Pattambi,5940,Kulukkallur,കുലുക്കല്ലുർ,transliterated,627570,679337,,
Kerala,Kottayam,560,Kottayam,5670,Kumarakam,കുമരകം,transliterated,628166,686563,,
Kerala,Idukki,556,Thodupuzha,5666,Kumaramangalam (Part),കുമരമംഗലം (പര്ട്),transliterated,628084,685605,,
Kerala,Palakkad,563,Mannarkad,5648,Kumaramputhur,കുമരംപുതുർ,transliterated,627623,678583,,
Kerala,Kozhikode,561,Kozhikode,5640,Kumaranallur,കുമരനല്ലുർ,transliterated,627418,673602,,
Kerala,Thrissur,566,Talappilly,5652,Kumaranellur (Ct),കുമരനെല്ലുർ (ച്ട്),transliterated,627767,680590,,
Kerala,Alappuzha,554,Karthikappally,5676,Kumarapuram (Ct),കുമരപുരം (ച്ട്),transliterated,628257,690548,,
Kerala,Kasaragod,558,Kasaragod,5630,Kumbadaje,കുംബടജെ,transliterated,627107,671551,,
Kerala,Ernakulam,555,Kanayannur,5661,Kumbalam (Ct),കുംബലം (ച്ട്),transliterated,628016,682506,,
Kerala,Ernakulam,555,Kochi,5660,Kumbalangy (Ct),കുംബലന്ഗ്യ് (ച്ട്),transliterated,628001,682008,,
Kerala,Idukki,556,Peerumade,5667,Kumily,കുമില്യ്,transliterated,628110,685509,,
Kerala,Kollam,559,Kottarakkara,5687,Kummil,കുമ്മിൽ,transliterated,628427,691536,,
Kerala,Thrissur,566,Chavakkad,5653,Kundazhiyur,കുന്ടഴിയുർ,transliterated,627788,680616,,
Kerala,Kasaragod,558,Manjeswaram,5932,Kunjathur (Ct),കുന്ജതുർ (ച്ട്),transliterated,627121,671323,,
Kerala,Kozhikode,561,Kozhikode,5640,Kunnamangalam (Ct),കുന്നമംഗലം (ച്ട്),transliterated,627426,673571,,
Kerala,Thrissur,566,Kunnamkulam,6598,Kunnamkulam,കുന്നംകുളം,transliterated,913642,680503,,
Kerala,Pathanamthitta,564,Mallappally,5680,Kunnamthanam,കുന്നംതനം,transliterated,628302,689581,,
Kerala,Thiruvananthapuram,565,Neyyattinkara,5692,Kunnathukal,കുന്നതുകൽ,transliterated,628530,695504,,
Kerala,Ernakulam,555,Kunnathunad,5657,Kunnathunad (Ct),കുന്നതുനട് (ച്ട്),transliterated,627962,683565,,
Kerala,Kollam,559,Kunnathur,5685,Kunnathur,കുന്നതുർ,transliterated,628377,690540,,
Kerala,Ernakulam,555,Paravur,5659,Kunnukara,കുന്നുകര,transliterated,627981,683578,,
Kerala,Alappuzha,554,Kuttanad,5675,Kunnumma,കുന്നുമ്മ,transliterated,628239,688504,,
Kerala,Kozhikode,561,Vatakara,5638,Kunnummal (Ct),കുന്നുമ്മൽ (ച്ട്),transliterated,627356,673507,,
Kerala,Thiruvananthapuram,565,Chirayinkeezhu,5689,Kunthallur,കുന്തല്ലുർ,transliterated,913841,695304,,
Kerala,Wayanad,567,Sulthanbathery,5636,Kuppadi,കുപ്പടി,transliterated,627318,673592,,
Kerala,Wayanad,567,Vythiri,5637,Kuppadithara,കുപ്പടിതര,transliterated,627325,673122,,
Kerala,Pathanamthitta,564,Adoor,5683,Kurampala,കുരംപല,transliterated,628344,689501,,
Kerala,Alappuzha,554,Chengannur,5677,Kurattissery (Ct),കുരട്ടിശ്ശേരി (ച്ട്),transliterated,628277,689622,,
Kerala,Kottayam,560,Meenachil,5668,Kuravilangad,കുരവിലന്ഗട്,transliterated,628128,686633,,
Kerala,Ernakulam,555,Kanayannur,5661,Kureekkad (Ct),കുരീക്കാട് (ച്ട്),transliterated,628014,682305,,
Kerala,Thrissur,566,Thrissur,5654,Kurichikkara (Ct),കുരിചിക്കര (ച്ട്),transliterated,627836,680028,,
Kerala,Kottayam,560,Meenachil,5668,Kurichithanam,കുരിചിതനം,transliterated,628127,686634,,
Kerala,Thrissur,566,Talappilly,5652,Kurumala,കുരുമല,transliterated,627749,680586,,
Kerala,Kannur,557,Taliparamba,5632,Kurumathur (Ct),കുരുമതുർ (ച്ട്),transliterated,627211,670142,,
Kerala,Malappuram,562,Tirur,5644,Kurumbathur,കുരുംബതുർ,transliterated,627522,676301,,
Kerala,Malappuram,562,Nilambur,5642,Kurumbilangode,കുരുംബിലന്ഗൊടെ,transliterated,627472,679334,,
Kerala,Thrissur,566,Thrissur,5654,Kurumpilavu (Ct),കുരുംപിലവു (ച്ട്),transliterated,627867,680564,,
Kerala,Thiruvananthapuram,565,Nedumangad,5690,Kurupuzha,കുരുപുഴ,transliterated,628486,695562,,
Kerala,Kozhikode,561,Kozhikode,5640,Kuruvattur (Ct),കുരുവട്ടുർ (ച്ട്),transliterated,627425,673611,,
Kerala,Palakkad,563,Alathur,5651,Kuthannur-I,കുതന്നുർ-ഇ,transliterated,627694,678721,,
Kerala,Alappuzha,554,Cherthala,5673,Kuthiathode (Ct),കുതിഅതൊടെ (ച്ട്),transliterated,628219,688540,,
Kerala,Kannur,557,Thalassery,5634,Kuthuparamba,കുതുപരംബ,transliterated,913030,670643,,
Kerala,Ernakulam,555,Kothamangalam,5663,Kuttamangalam,കുട്ടമംഗലം,transliterated,628043,686693,,
Kerala,Ernakulam,555,Kothamangalam,5663,Kuttampuzha,കുട്ടംപുഴ,transliterated,628041,686681,,
Kerala,Pathanamthitta,564,Thiruvalla,5679,Kuttappuzha,കുട്ടപ്പുഴ,transliterated,913822,689103,,
Kerala,Kozhikode,561,Vatakara,5638,Kuttiadi,കുട്ടിഅടി,transliterated,627351,673508,,
Kerala,Kannur,557,Taliparamba,5632,Kuttiattoor (Ct),കുട്ടിഅട്ടൂർ (ച്ട്),transliterated,627213,670602,,
Kerala,Thrissur,566,Chalakkudy,5939,Kuttichira,കുട്ടിചിര,transliterated,627901,680724,,
Kerala,Kozhikode,561,Kozhikode,5640,Kuttikkattoor (Ct),കുട്ടിക്കട്ടൂർ (ച്ട്),transliterated,627431,673611,,
Kerala,Kasaragod,558,Kasaragod,5630,Kuttikole,കുട്ടികൊലെ,transliterated,627116,671541,,
Kerala,Malappuram,562,Tirur,5644,Kuttippuram (Ct),കുട്ടിപ്പുരം (ച്ട്),transliterated,627537,679571,,
Kerala,Kannur,557,Payyannur,6599,Kuttoor,കുട്ടൂർ,transliterated,627183,670306,,
Kerala,Pathanamthitta,564,Thiruvalla,5679,Kuttoor,കുട്ടൂർ,transliterated,628297,689106,,
Kerala,Palakkad,563,Alathur,5651,Kuzhalmannam-I,കുഴല്മന്നം-ഇ,transliterated,627693,678702,,
Kerala,Palakkad,563,Alathur,5651,Kuzhalmannam-Ii,കുഴല്മന്നം-ഈ,transliterated,627690,678702,,
Kerala,Malappuram,562,Kondotty,5941,Kuzhimanna,കുഴിമന്ന,transliterated,627453,673641,,
Kerala,Ernakulam,555,Kochi,5660,Kuzhuppilly,കുഴുപ്പില്ല്യ്,transliterated,627993,682501,,
Kerala,Palakkad,563,Ottappalam,5647,Lakkidi-Perur- I,ലക്കിടി-പെരുർ- ഇ,transliterated,627594,679301,,
Kerala,Palakkad,563,Ottappalam,5647,Lakkidi-Perur- II,ലക്കിടി-പെരുർ- ഈ,transliterated,627595,679301,,
Kerala,Kottayam,560,Meenachil,5668,Lalam (Part),ലലം (പര്ട്),transliterated,628125,686651,,
Kerala,Thrissur,566,Kodungallur,5655,Lokamaleswaram,ലൊകമലെസ്വരം,transliterated,913781,680664,,
Kerala,Thrissur,566,Kodungallur,5655,Madathumpady (Ct),മടതുംപട്യ് (ച്ട്),transliterated,627884,680733,,
Kerala,Kozhikode,561,Kozhikode,5640,Madavoor,മടവൂർ,transliterated,627417,673585,,
Kerala,Kannur,557,Payyannur,6599,Madayi (Ct),മടയി (ച്ട്),transliterated,627224,670304,,
Kerala,Thrissur,566,Mukundapuram,5656,Madayikonam (Ct),മടയികൊനം (ച്ട്),transliterated,627926,680712,,
Kerala,Kasaragod,558,Kasaragod,5630,Madhur (Ct),മധുർ (ച്ട്),transliterated,627132,671124,,
Kerala,Kasaragod,558,Hosdurg,5631,Madikai,മടികൈ,transliterated,627154,671314,,
Kerala,Kannur,557,Kannur,5633,Makreri - Ct,മക്രെരി - ച്ട്,transliterated,910353,670622,,
Kerala,Palakkad,563,Palakkad,5649,Malampuzha-I,മലംപുഴ-ഇ,transliterated,627638,678651,,
Kerala,Palakkad,563,Palakkad,5649,Malampuzha-Ii,മലംപുഴ-ഈ,transliterated,627639,678651,,
Kerala,Kannur,557,Taliparamba,5632,Malapattam,മലപട്ടം,transliterated,627206,670631,,
Kerala,Malappuram,562,Ernad,5641,Malappuram,മലപ്പുരം,transliterated,913321,676505,,
Kerala,Pathanamthitta,564,Konni,5943,Malayalapuzha (Part),മലയലപുഴ (പര്ട്),transliterated,628334,689666,,
Kerala,Ernakulam,555,Aluva,5658,Malayattoor,മലയട്ടൂർ,transliterated,627969,683587,,
Kerala,Thiruvananthapuram,565,Kattakkada,5945,Malayinkeezhu (Ct),മലയിന്കീഴു (ച്ട്),transliterated,628541,695571,,
Kerala,Pathanamthitta,564,Mallappally,5680,Mallappally,മല്ലപ്പള്ളി,transliterated,628304,689585,,
Kerala,Pathanamthitta,564,Kozhenchery,5682,Mallapuzhassery,മല്ലപുഴശ്ശേരി,transliterated,628326,689652,,
Kerala,Kasaragod,558,Vellarikkundu,5933,Maloth,മലൊത്,transliterated,627146,671534,,
Kerala,Thiruvananthapuram,565,Thiruvananthapuram,5691,Manacadu,മനചടു,transliterated,913462,695002,,
Kerala,Idukki,556,Thodupuzha,5666,Manakkad (Part),മനക്കാട് (പര്ട്),transliterated,628093,685608,,
Kerala,Thrissur,566,Thrissur,5654,Manakkody (Ct),മനക്കൊട്യ് (ച്ട്),transliterated,627851,680012,,
Kerala,Ernakulam,555,Kanayannur,5661,Manakunnam (Ct),മനകുന്നം (ച്ട്),transliterated,628017,682307,,
Kerala,Thrissur,566,Talappilly,5652,Manalithara,മനലിതര,transliterated,627748,680589,,
Kerala,Wayanad,567,Mananthavady,5635,Mananthavady,മനന്തവട്യ്,transliterated,627296,670645,,
Kerala,Kannur,557,Thalassery,5634,Manantheri (Ct),മനന്തെരി (ച്ട്),transliterated,627278,670643,,
Kerala,Kottayam,560,Kottayam,5670,Manarcad,മനര്ചട്,transliterated,628164,686019,,
Kerala,Thrissur,566,Chavakkad,5653,Manathala,മനതല,transliterated,931686,680514,,
Kerala,Kannur,557,Iritty,5937,Manathana,മനതന,transliterated,627260,670673,,
Kerala,Thrissur,566,Mukundapuram,5656,Manavalassery (Ct),മനവലശ്ശേരി (ച്ട്),transliterated,627929,680121,,
Kerala,Kollam,559,Kottarakkara,5687,Mancode,മന്ചൊടെ,transliterated,628428,691559,,
Kerala,Ernakulam,555,Muvattupuzha,5662,Maneed,മനീട്,transliterated,628030,686664,,
Kerala,Kollam,559,Kollam,5688,Mangad,മന്ഗട്,transliterated,913833,691015,,
Kerala,Thrissur,566,Kunnamkulam,6598,Mangad (Part),മന്ഗട് (പര്ട്),transliterated,627737,680542,,
Kerala,Malappuram,562,Tirur,5644,Mangalam,മന്ഗലം,transliterated,627526,676561,,
Kerala,Palakkad,563,Alathur,5651,Mangalam Dam,മന്ഗലം ടം,transliterated,627710,678682,,
Kerala,Kasaragod,558,Manjeswaram,5932,Mangalpady (Ct),മന്ഗല്പട്യ് (ച്ട്),transliterated,627126,671324,,
Kerala,Kannur,557,Thalassery,5634,Mangattidam (Ct),മന്ഗട്ടിടം (ച്ട്),transliterated,627276,670643,,
Kerala,Thiruvananthapuram,565,Nedumangad,5690,Manikkal,മനിക്കൽ,transliterated,628490,695589,,
Kerala,Kottayam,560,Kanjirappally,5672,Manimala,മനിമല,transliterated,628205,686544,,
Kerala,Kasaragod,558,Hosdurg,5631,Maniyat (Ct),മനിയട് (ച്ട്),transliterated,627172,671310,,
Kerala,Kannur,557,Taliparamba,5632,Maniyoor (Ct),മനിയൂർ (ച്ട്),transliterated,627217,670592,,
Kerala,Kozhikode,561,Vatakara,5638,Maniyur (Ct),മനിയുർ (ച്ട്),transliterated,627366,673523,,
Kerala,Ernakulam,555,Muvattupuzha,5662,Manjalloor,മന്ജല്ലൂർ,transliterated,628024,686670,,
Kerala,Ernakulam,555,Aluva,5658,Manjapra,മന്ജപ്ര,transliterated,627968,683581,,
Kerala,Malappuram,562,Ernad,5641,Manjeri,മന്ജെരി,transliterated,913319,676121,,
Kerala,Idukki,556,Peerumade,5667,Manjumala,മന്ജുമല,transliterated,628108,685533,,
Kerala,Malappuram,562,Perinthalmanna,5643,Mankada,മന്കട,transliterated,627493,679324,,
Kerala,Palakkad,563,Palakkad,5649,Mankara,മൻകര,transliterated,627631,678613,,
Kerala,Alappuzha,554,Ambalappuzha,5674,Mannanchery (Ct),മന്നൻചേരി (ച്ട്),transliterated,628232,688522,,
Kerala,Alappuzha,554,Chengannur,5677,Mannar (Ct),മന്നർ (ച്ട്),transliterated,628276,689623,,
Kerala,Palakkad,563,Mannarkad,5648,Mannarkad-I (Ct),മന്നർകാട്-ഇ (ച്ട്),transliterated,627627,678582,,
Kerala,Palakkad,563,Mannarkad,5648,Mannarkad-Ii,മന്നർകാട്-ഈ,transliterated,627616,678582,,
Kerala,Thiruvananthapuram,565,Kattakkada,5945,Mannoorkara,മന്നൂർകര,transliterated,628495,695574,,
Kerala,Palakkad,563,Palakkad,5649,Mannur,മന്നുർ,transliterated,627630,678642,,
Kerala,Ernakulam,555,Kanayannur,5661,Maradu (Ct),മരടു (ച്ട്),transliterated,628015,682304,,
Kerala,Ernakulam,555,Muvattupuzha,5662,Marady (Part),മരട്യ് (പര്ട്),transliterated,628027,686673,,
Kerala,Malappuram,562,Tirur,5644,Marakkara,മരക്കര,transliterated,627517,676553,,
Kerala,Ernakulam,555,Kunnathunad,5657,Marampilly(Ct),മരംപില്ല്യ്(ച്ട്),transliterated,627958,683105,,
Kerala,Thiruvananthapuram,565,Kattakkada,5945,Maranalloor,മരനല്ലൂർ,transliterated,628527,695507,,
Kerala,Malappuram,562,Ponnani,5646,Marancheri (Ct),മരന്ചെരി (ച്ട്),transliterated,627565,679581,,
Kerala,Alappuzha,554,Cherthala,5673,Mararikkulam North,മരരിക്കുളം നൊര്ത്,transliterated,628213,688523,,
Kerala,Thrissur,566,Thrissur,5654,Marathakkara (Ct),മരതക്കര (ച്ട്),transliterated,627852,680306,,
Kerala,Idukki,556,Devikulam,5664,Marayoor,മരയൂർ,transliterated,628049,685614,,
Kerala,Palakkad,563,Palakkad,5649,Marutharode (Ct),മരുതരൊടെ (ച്ട്),transliterated,627652,678007,,
Kerala,Kozhikode,561,Vatakara,5638,Maruthonkara,മരുതൊൻകര,transliterated,627352,673513,,
Kerala,Palakkad,563,Alathur,5651,Mathur -I,മതുർ -ഇ,transliterated,627688,678571,,
Kerala,Palakkad,563,Alathur,5651,Mathur -Ii,മതുർ -ഈ,transliterated,627689,678571,,
Kerala,Ernakulam,555,Kochi,5660,Mattancherry,മട്ടന്ചെര്ര്യ്,transliterated,913785,682002,,
Kerala,Kannur,557,Kannur,5633,Mattool,മട്ടൂൽ,transliterated,627219,670301,,
Kerala,Ernakulam,555,Aluva,5658,Mattoor (Ct),മട്ടൂർ (ച്ട്),transliterated,627972,683574,,
Kerala,Alappuzha,554,Mavelikkara,5678,Mavelikkara,മവെലിക്കര,transliterated,913814,690101,,
Kerala,Kannur,557,Kannur,5633,Mavilayi (Ct),മവിലയി (ച്ട്),transliterated,627247,670621,,
Kerala,Kozhikode,561,Kozhikode,5640,Mavoor (Ct),മവൂർ (ച്ട്),transliterated,627429,673661,,
Kerala,Thrissur,566,Talappilly,5652,Mayannur,മയന്നുർ,transliterated,627723,679105,,
Kerala,Kollam,559,Kollam,5688,Mayyanad (Ct),മയ്യനട് (ച്ട്),transliterated,628449,691303,,
Kerala,Kannur,557,Taliparamba,5632,Mayyil (Ct),മയ്യിൽ (ച്ട്),transliterated,627214,670601,,
Kerala,Ernakulam,555,Kunnathunad,5657,Mazhuvannoor,മഴുവന്നൂർ,transliterated,627949,686669,,
Kerala,Kottayam,560,Meenachil,5668,Meenachil (Part),മീനചിൽ (പര്ട്),transliterated,628133,686573,,
Kerala,Kollam,559,Kollam,5688,Meenad (Ct),മീനട് (ച്ട്),transliterated,628450,691572,,
Kerala,Kottayam,560,Kottayam,5670,Meenadam,മീനടം,transliterated,628169,686516,,
Kerala,Kasaragod,558,Manjeswaram,5932,Meenja,മീന്ജ,transliterated,627064,671323,,
Kerala,Palakkad,563,Alathur,5651,Melarcode,മെലര്ചൊടെ,transliterated,627700,678703,,
Kerala,Malappuram,562,Perinthalmanna,5643,Melattur,മെലട്ടുർ,transliterated,627490,679326,,
Kerala,Kollam,559,Kottarakkara,5687,Melila,മെലില,transliterated,628409,691508,,
Kerala,Malappuram,562,Ernad,5641,Melmuri,മെല്മുരി,transliterated,913316,676517,,
Kerala,Thiruvananthapuram,565,Thiruvananthapuram,5691,Melthonnakkal,മെല്തൊന്നക്കൽ,transliterated,628506,695316,,
Kerala,Kottayam,560,Meenachil,5668,Melukavu,മെലുകാവ്,transliterated,628119,686652,,
Kerala,Thrissur,566,Chalakkudy,5939,Melur,മെലുർ,transliterated,627913,680311,,
Kerala,Ernakulam,555,Muvattupuzha,5662,Memury,മെമുര്യ്,transliterated,628028,686667,,
Kerala,Thiruvananthapuram,565,Thiruvananthapuram,5691,Menamkulam,മെനംകുളം,transliterated,628509,695301,,
Kerala,Thrissur,566,Kodungallur,5655,Methala (Ct),മെതല (ച്ട്),transliterated,627882,680669,,
Kerala,Pathanamthitta,564,Kozhenchery,5682,Mezhuveli,മെഴുവെലി,transliterated,628323,689625,,
Kerala,Thrissur,566,Talappilly,5652,Minalur (Ct),മിനലുർ (ച്ട്),transliterated,627781,680581,,
Kerala,Kannur,557,Thalassery,5634,Mokeri (Ct),മൊകെരി (ച്ട്),transliterated,627286,670694,,
Kerala,Kottayam,560,Meenachil,5668,Monippally,മൊനിപ്പള്ളി,transliterated,628114,686636,,
Kerala,Kozhikode,561,Koyilandi,5639,Moodadi,മൂടടി,transliterated,627375,673307,,
Kerala,Ernakulam,555,Aluva,5658,Mookkannoor,മൂക്കന്നൂർ,transliterated,627966,683577,,
Kerala,Palakkad,563,Chittur,5650,Moolathara,മൂലതര,transliterated,627665,678533,,
Kerala,Kottayam,560,Meenachil,5668,Moonilavu,മൂനിലവു,transliterated,628120,686586,,
Kerala,Ernakulam,555,Paravur,5659,Moothakunnam (Ct),മൂതകുന്നം (ച്ട്),transliterated,627985,683516,,
Kerala,Malappuram,562,Nilambur,5642,Moothedam,മൂതെടം,transliterated,916092,679331,,
Kerala,Malappuram,562,Kondotty,5941,Morayur,മൊരയുർ,transliterated,627456,673642,,
Kerala,Kannur,557,Taliparamba,5632,Morazha,മൊരഴ,transliterated,913289,670331,,
Kerala,Thiruvananthapuram,565,Chirayinkeezhu,5689,Mudakkal,മുടക്കൽ,transliterated,913839,695103,,
Kerala,Kasaragod,558,Manjeswaram,5932,Mugu,മുഗു,transliterated,627083,671321,,
Kerala,Kottayam,560,Vaikom,5669,Mulakulam,മുലകുളം,transliterated,628141,686610,,
Kerala,Alappuzha,554,Chengannur,5677,Mulakuzha (Part),മുലകുഴ (പര്ട്),transliterated,628271,689505,,
Kerala,Ernakulam,555,Kanayannur,5661,Mulamthuruthy (Ct),മുലംതുരുത്യ് (ച്ട്),transliterated,628018,682314,,
Kerala,Ernakulam,555,Muvattupuzha,5662,Mulavoor,മുലവൂർ,transliterated,628021,686673,,
Kerala,Ernakulam,555,Kanayannur,5661,Mulavukad (Ct),മുലവുകാട് (ച്ട്),transliterated,628011,682504,,
Kerala,Thrissur,566,Thrissur,5654,Mulayam,മുലയം,transliterated,627818,680751,,
Kerala,Kasaragod,558,Kasaragod,5630,Muliyar,മുലിയർ,transliterated,627112,671542,,
Kerala,Alappuzha,554,Ambalappuzha,5674,Mullakkal (Part),മുല്ലക്കൽ (പര്ട്),transliterated,628228,688011,,
Kerala,Thrissur,566,Talappilly,5652,Mullurkara,മുല്ലുർകര,transliterated,627733,680583,,
Kerala,Kottayam,560,Kanjirappally,5672,Mundakayam,മുന്ടകയം,transliterated,628195,686513,,
Kerala,Kannur,557,Kannur,5633,Munderi (Ct),മുന്ടെരി (ച്ട്),transliterated,627235,670591,,
Kerala,Kollam,559,Kollam,5688,Mundrothuruth,മുന്ട്രൊതുരുത്,transliterated,628431,691502,,
Kerala,Palakkad,563,Palakkad,5649,Mundur-I,മുന്ടുർ-ഇ,transliterated,627634,678592,,
Kerala,Palakkad,563,Palakkad,5649,Mundur-Ii,മുന്ടുർ-ഈ,transliterated,627633,678592,,
Kerala,Kasaragod,558,Kasaragod,5630,Munnad,മുന്നട്,transliterated,627115,671541,,
Kerala,Idukki,556,Devikulam,5664,Munnar,മുന്നർ,transliterated,931674,685612,,
Kerala,Wayanad,567,Vythiri,5637,Muppainad,മുപ്പൈനട്,transliterated,627339,673581,,
Kerala,Thrissur,566,Chalakkudy,5939,Muringoor Thekkmmuri,മുരിന്ഗൂർ തെക്ക്മ്മുരി,transliterated,627937,680309,,
Kerala,Thrissur,566,Mukundapuram,5656,Muriyad,മുരിയട്,transliterated,627895,680683,,
Kerala,Palakkad,563,Chittur,5650,Muthalamada-I,മുതലമട-ഇ,transliterated,627680,678507,,
Kerala,Palakkad,563,Chittur,5650,Muthalamada-Ii,മുതലമട-ഈ,transliterated,627681,678507,,
Kerala,Alappuzha,554,Karthikappally,5676,Muthukulam (Ct),മുതുകുളം (ച്ട്),transliterated,628263,690506,,
Kerala,Palakkad,563,Pattambi,5940,Muthuthala (Ct),മുതുതല (ച്ട്),transliterated,627599,679303,,
Kerala,Malappuram,562,Kondotty,5941,Muthuvallur,മുതുവല്ലുർ,transliterated,627454,673638,,
Kerala,Kottayam,560,Kottayam,5670,Muttampalam (Part),മുട്ടംപലം (പര്ട്),transliterated,628165,686002,,
Kerala,Alappuzha,554,Kuttanad,5675,Muttar,മുട്ടർ,transliterated,628248,689574,,
Kerala,Thiruvananthapuram,565,Thiruvananthapuram,5691,Muttathara,മുട്ടതര,transliterated,913463,695026,,
Kerala,Kasaragod,558,Kasaragod,5630,Muttathody,മുട്ടതൊട്യ്,transliterated,627103,671123,,
Kerala,Wayanad,567,Vythiri,5637,Muttil North,മുട്ടിൽ നൊര്ത്,transliterated,627328,673122,,
Kerala,Wayanad,567,Vythiri,5637,Muttil South,മുട്ടിൽ സൗത്,transliterated,627329,673122,,
Kerala,Idukki,556,Thodupuzha,5666,Muttom,മുട്ടൊം,transliterated,628096,685587,,
Kerala,Ernakulam,555,Muvattupuzha,5662,Muvattupuzha (Part),മുവട്ടുപുഴ (പര്ട്),transliterated,628025,686661,,
Kerala,Kannur,557,Iritty,5937,Muzhakkunnu,മുഴക്കുന്നു,transliterated,627261,670703,,
Kerala,Kannur,557,Kannur,5633,Muzhappilangad (Ct),മുഴപ്പിലന്ഗട് (ച്ട്),transliterated,627249,670662,,
Kerala,Kollam,559,Kottarakkara,5687,Mylom,മ്യ്ലൊം,transliterated,628408,691560,,
Kerala,Kozhikode,561,Vatakara,5638,Nadakkuthazha,നടക്കുതഴ,transliterated,913307,673104,,
Kerala,Ernakulam,555,Kanayannur,5661,Nadama,നടമ,transliterated,913796,682301,,
Kerala,Kozhikode,561,Vatakara,5638,Nadapuram (Ct),നടപുരം (ച്ട്),transliterated,627357,673504,,
Kerala,Wayanad,567,Sulthanbathery,5636,Nadavayal,നടവയൽ,transliterated,627309,670721,,
Kerala,Kozhikode,561,Koyilandi,5639,Naduvannur (Ct),നടുവന്നുർ (ച്ട്),transliterated,627395,673614,,
Kerala,Malappuram,562,Tirur,5644,Naduvattom (Ct),നടുവട്ടൊം (ച്ട്),transliterated,627536,679571,,
Kerala,Palakkad,563,Pattambi,5940,Nagalassery,നഗലശ്ശേരി,transliterated,627589,679533,,
Kerala,Kozhikode,561,Kozhikode,5640,Nagaram,നഗരം,transliterated,913297,673001,,
Kerala,Thiruvananthapuram,565,Chirayinkeezhu,5689,Nagaroor,നഗരൂർ,transliterated,628464,695102,,
Kerala,Wayanad,567,Mananthavady,5635,Nalloornad,നല്ലൂര്നട്,transliterated,627302,670645,,
Kerala,Kozhikode,561,Kozhikode,5640,Nanmanda (Ct),നന്മന്ട (ച്ട്),transliterated,627421,673613,,
Kerala,Malappuram,562,Tirurangadi,5645,Nannambra (Ct),നന്നംബ്ര (ച്ട്),transliterated,627555,676320,,
Kerala,Malappuram,562,Ponnani,5646,Nannamukku,നന്നമുക്കു,transliterated,627561,679575,,
Kerala,Pathanamthitta,564,Kozhenchery,5682,Naranganam,നരന്ഗനം,transliterated,628332,689642,,
Kerala,Kannur,557,Kannur,5633,Narath (Ct),നരത് (ച്ട്),transliterated,627227,670601,,
Kerala,Kozhikode,561,Thamarassery,5938,Narikkuni,നരിക്കുനി,transliterated,627402,673585,,
Kerala,Kozhikode,561,Vatakara,5638,Narippatta,നരിപ്പട്ട,transliterated,627347,673507,,
Kerala,Malappuram,562,Ernad,5641,Narukara,നരുകര,transliterated,913318,676122,,
Kerala,Kottayam,560,Kottayam,5670,Nattakam (Ct),നട്ടകം (ച്ട്),transliterated,628177,686012,,
Kerala,Thrissur,566,Chavakkad,5653,Nattika,നട്ടിക,transliterated,627790,680567,,
Kerala,Ernakulam,555,Kochi,5660,Nayarambalam,നയരംബലം,transliterated,627996,682509,,
Kerala,Kannur,557,Taliparamba,5632,Nediyanga,നെടിയന്ഗ,transliterated,627198,670631,,
Kerala,Malappuram,562,Kondotty,5941,Nediyiruppu,നെടിയിരുപ്പു,transliterated,627455,673638,,
Kerala,Thiruvananthapuram,565,Nedumangad,5690,Nedumangad,നെടുമന്ഗട്,transliterated,913452,695541,,
Kerala,Ernakulam,555,Aluva,5658,Nedumbassery (Ct),നെടുംബശ്ശേരി (ച്ട്),transliterated,627975,683585,,
Kerala,Kottayam,560,Changanassery,5671,Nedumkunnam,നെടുംകുന്നം,transliterated,628187,686542,,
Kerala,Kollam,559,Kollam,5688,Nedumpana (Ct),നെടുംപന (ച്ട്),transliterated,628443,691576,,
Kerala,Thrissur,566,Talappilly,5652,Nedumpura (Ct),നെടുംപുര (ച്ട്),transliterated,627758,679531,,
Kerala,Pathanamthitta,564,Thiruvalla,5679,Nedumpuram,നെടുംപുരം,transliterated,628294,689110,,
Kerala,Alappuzha,554,Kuttanad,5675,Nedumudi,നെടുമുടി,transliterated,628245,688503,,
Kerala,Malappuram,562,Tirurangadi,5645,Neduva (Ct),നെടുവ (ച്ട്),transliterated,627554,676303,,
Kerala,Kollam,559,Kottarakkara,5687,Neduvathoor,നെടുവതൂർ,transliterated,628412,691505,,
Kerala,Alappuzha,554,Kuttanad,5675,Neelamperoor,നീലംപെരൂർ,transliterated,628241,686534,,
Kerala,Kozhikode,561,Kozhikode,5640,Neeleswaram,നീലെസ്വരം,transliterated,627414,673582,,
Kerala,Kollam,559,Karunagappally,5684,Neendakara (Og),നീന്ടകര (ഒഗ്),transliterated,628373,691582,,
Kerala,Thiruvananthapuram,565,Nedumangad,5690,Nellanad,നെല്ലനട്,transliterated,628479,695606,,
Kerala,Palakkad,563,Ottappalam,5647,Nellaya,നെല്ലയ,transliterated,627571,679335,,
Kerala,Thrissur,566,Mukundapuram,5656,Nellayi,നെല്ലയി,transliterated,627893,680305,,
Kerala,Kozhikode,561,Kozhikode,5640,Nellikode,നെല്ലികോട്,transliterated,913296,673016,,
Kerala,Kozhikode,561,Thamarassery,5938,Nellipoyil,നെല്ലിപൊയിൽ,transliterated,627411,673580,,
Kerala,Palakkad,563,Chittur,5650,Nelliyampathy,നെല്ലിയംപത്യ്,transliterated,627676,678508,,
Kerala,Thrissur,566,Kunnamkulam,6598,Nelluwaya (Ct),നെല്ലുവയ (ച്ട്),transliterated,627764,680584,,
Kerala,Palakkad,563,Chittur,5650,Nemmara,നെമ്മര,transliterated,627672,678508,,
Kerala,Thiruvananthapuram,565,Thiruvananthapuram,5691,Nemom,നെമൊം,transliterated,913464,695019,,
Kerala,Thrissur,566,Mukundapuram,5656,Nenmenikkara (Ct),നെന്മെനിക്കര (ച്ട്),transliterated,627920,680301,,
Kerala,Malappuram,562,Perinthalmanna,5643,Nenmini,നെന്മിനി,transliterated,627492,679325,,
Kerala,Ernakulam,555,Kothamangalam,5663,Neriamangalam,നെരിഅമംഗലം,transliterated,628044,686693,,
Kerala,Kasaragod,558,Kasaragod,5630,Nettanige,നെട്ടനിഗെ,transliterated,627108,671543,,
Kerala,Thrissur,566,Thrissur,5654,Nettissery,നെട്ടിശ്ശേരി,transliterated,913763,680651,,
Kerala,Kannur,557,Thalassery,5634,New Mahe (Ct),നെവ് മഹെ (ച്ട്),transliterated,627290,673311,,
Kerala,Kannur,557,Taliparamba,5632,New Naduvil,നെവ് നടുവിൽ,transliterated,627192,670571,,
Kerala,Idukki,556,Thodupuzha,5666,Neyyasseri,നെയ്യസ്സെരി,transliterated,628089,685581,,
Kerala,Thiruvananthapuram,565,Neyyattinkara,5692,Neyyattinkara,നെയ്യട്ടിൻകര,transliterated,913454,695121,,
Kerala,Malappuram,562,Nilambur,5642,Nilambur (Ct),നിലംബുർ (ച്ട്),transliterated,627488,679329,,
Kerala,Kollam,559,Kottarakkara,5687,Nilamel,നിലമെൽ,transliterated,628426,691535,,
Kerala,Malappuram,562,Tirur,5644,Niramaruthur,നിരമരുതുർ,transliterated,627514,676109,,
Kerala,Pathanamthitta,564,Thiruvalla,5679,Niranam,നിരനം,transliterated,628292,689621,,
Kerala,Kottayam,560,Vaikom,5669,Njeezhoor,ന്ജീഴൂർ,transliterated,628142,686612,,
Kerala,Kozhikode,561,Koyilandi,5639,Nochad,നൊചട്,transliterated,627374,673614,,
Kerala,Wayanad,567,Sulthanbathery,5636,Noolpuzha,നൂല്പുഴ,transliterated,627319,673592,,
Kerala,Alappuzha,554,Mavelikkara,5678,Noornad,നൂര്നട്,transliterated,628283,690505,,
Kerala,Ernakulam,555,Paravur,5659,North Paravur,നൊര്ത് പരവുർ,transliterated,913783,683513,,
Kerala,Kasaragod,558,Hosdurg,5631,North Thrikkaripur (Ct),നൊര്ത് ത്രിക്കരിപൂർ (ച്ട്),transliterated,627173,671310,,
Kerala,Kannur,557,Iritty,5937,Nuchiyad,നുചിയട്,transliterated,627201,670705,,
Kerala,Kollam,559,Karunagappally,5684,Oachira (Ct),ഒഅചിര (ച്ട്),transliterated,628363,690526,,
Kerala,Kozhikode,561,Kozhikode,5640,Olavanna (Ct),ഒലവന്ന (ച്ട്),transliterated,627432,673019,,
Kerala,Thrissur,566,Thrissur,5654,Ollukkara,ഒല്ലുക്കര,transliterated,913762,680655,,
Kerala,Thrissur,566,Thrissur,5654,Ollur,ഒല്ലുർ,transliterated,913772,680306,,
Kerala,Pathanamthitta,564,Kozhenchery,5682,Omalloor,ഒമല്ലൂർ,transliterated,628330,689647,,
Kerala,Ernakulam,555,Muvattupuzha,5662,Onakkoor,ഒനക്കൂർ,transliterated,628032,686667,,
Kerala,Kottayam,560,Kottayam,5670,Onamthuruth,ഒനംതുരുത്,transliterated,628157,686602,,
Kerala,Kozhikode,561,Vatakara,5638,Onchiam,ഒന്ചിഅം,transliterated,627341,673102,,
Kerala,Palakkad,563,Pattambi,5940,Ongallur -I (Ct),ഒന്ഗല്ലുർ -ഇ (ച്ട്),transliterated,627597,679313,,
Kerala,Palakkad,563,Pattambi,5940,Ongallur -Ii (Ct),ഒന്ഗല്ലുർ -ഈ (ച്ട്),transliterated,627596,679313,,
Kerala,Thrissur,566,Thrissur,5654,Oorakam (Ct),ഊരകം (ച്ട്),transliterated,627866,680562,,
Kerala,Thrissur,566,Chavakkad,5653,Orumanayur (Ct),ഒരുമനയുർ (ച്ട്),transliterated,627801,680512,,
Kerala,Palakkad,563,Ottappalam,5647,Ottappalam I,ഒട്ടപ്പലം ഇ,transliterated,913322,679104,,
Kerala,Palakkad,563,Ottappalam,5647,Ottappalam II,ഒട്ടപ്പലം ഈ,transliterated,913323,679101,,
Kerala,Thiruvananthapuram,565,Kattakkada,5945,Ottasekharamangalam,ഒട്ടസെഖരമംഗലം,transliterated,628521,695125,,
Kerala,Palakkad,563,Chittur,5650,Ozhalapathy,ഒഴലപത്യ്,transliterated,627661,678557,,
Kerala,Palakkad,563,Tribal Taluk Office Attappadi,7176,Padavayal,പടവയൽ,transliterated,627609,678581,,
Kerala,Wayanad,567,Sulthanbathery,5636,Padichira,പടിചിര,transliterated,627312,673579,,
Kerala,Wayanad,567,Vythiri,5637,Padinharethara,പടിന്ഹരെതര,transliterated,627324,673575,,
Kerala,Thrissur,566,Kodungallur,5655,Padinjare Vemballur,പടിന്ജരെ വെംബല്ലുർ,transliterated,627871,680671,,
Kerala,Kannur,557,Iritty,5937,Padiyoor,പടിയൂർ,transliterated,627203,670703,,
Kerala,Thrissur,566,Mukundapuram,5656,Padiyur (Ct),പടിയുർ (ച്ട്),transliterated,627934,680122,,
Kerala,Kasaragod,558,Hosdurg,5631,Padne,പട്നെ,transliterated,627163,671312,,
Kerala,Kasaragod,558,Manjeswaram,5932,Padre,പട്രെ,transliterated,627087,671552,,
Kerala,Kannur,557,Thalassery,5634,Paduvilayi (Ct),പടുവിലയി (ച്ട്),transliterated,627274,670612,,
Kerala,Kasaragod,558,Kasaragod,5630,Pady,പട്യ്,transliterated,627104,671541,,
Kerala,Kottayam,560,Changanassery,5671,Paippad (Ct),പൈപ്പട് (ച്ട്),transliterated,628193,686537,,
Kerala,Palakkad,563,Palakkad,5649,Palakkad I,പലക്കാട് ഇ,transliterated,913324,678006,,
Kerala,Palakkad,563,Palakkad,5649,Palakkad II,പലക്കാട് ഈ,transliterated,913325,678001,,
Kerala,Palakkad,563,Palakkad,5649,Palakkad III,പലക്കാട് ഈഇ,transliterated,913326,678001,,
Kerala,Palakkad,563,Mannarkad,5648,Palakkayam,പലക്കയം,transliterated,627615,678583,,
Kerala,Ernakulam,555,Muvattupuzha,5662,Palakkuzha,പലക്കുഴ,transliterated,628034,686662,,
Kerala,Kasaragod,558,Vellarikkundu,5933,Palavayal,പലവയൽ,transliterated,627148,670511,,
Kerala,Kozhikode,561,Vatakara,5638,Palayad (Ct),പലയട് (ച്ട്),transliterated,627365,673521,,
Kerala,Kozhikode,561,Koyilandi,5639,Palery,പലെര്യ്,transliterated,627369,673508,,
Kerala,Thrissur,566,Thrissur,5654,Palissery (Ct),പലിശ്ശേരി (ച്ട്),transliterated,627855,680027,,
Kerala,Ernakulam,555,Kothamangalam,5663,Pallarimangalam,പല്ലരിമംഗലം,transliterated,916085,686671,,
Kerala,Thiruvananthapuram,565,Neyyattinkara,5692,Pallichal (Ct),പല്ലിചൽ (ച്ട്),transliterated,628543,695528,,
Kerala,Thiruvananthapuram,565,Varkala,5946,Pallickal,പല്ലിച്കൽ,transliterated,628456,695604,,
Kerala,Kasaragod,558,Hosdurg,5631,Pallikkara (Ct),പല്ലിക്കര (ച്ട്),transliterated,627167,671316,,
Kerala,Kasaragod,558,Hosdurg,5631,Pallikkara II,പല്ലിക്കര ഈ,transliterated,627136,671316,,
Kerala,Kannur,557,Kannur,5633,Pallikkunnu (Ct),പല്ലിക്കുന്നു (ച്ട്),transliterated,627239,670004,,
Kerala,Kollam,559,Kollam,5688,Pallimon,പല്ലിമൊൻ,transliterated,628434,691576,,
Kerala,Alappuzha,554,Karthikappally,5676,Pallippad,പല്ലിപ്പട്,transliterated,628253,690513,,
Kerala,Thrissur,566,Thrissur,5654,Pallippuram,പല്ലിപ്പുരം,transliterated,627820,680563,,
Kerala,Thrissur,566,Kodungallur,5655,Pallippuram (Ct),പല്ലിപ്പുരം (ച്ട്),transliterated,627881,680732,,
Kerala,Alappuzha,554,Cherthala,5673,Pallippuram (Ct),പല്ലിപ്പുരം (ച്ട്),transliterated,628221,688541,,
Kerala,Thiruvananthapuram,565,Thiruvananthapuram,5691,Pallippuram (Ct),പല്ലിപ്പുരം (ച്ട്),transliterated,628511,695301,,
Kerala,Idukki,556,Devikulam,5664,Pallivasal,പല്ലിവസൽ,transliterated,628058,685565,,
Kerala,Thrissur,566,Talappilly,5652,Pallur,പല്ലുർ,transliterated,627718,679532,,
Kerala,Ernakulam,555,Kochi,5660,Palluruthy,പല്ലുരുത്യ്,transliterated,913787,682507,,
Kerala,Thiruvananthapuram,565,Nedumangad,5690,Palode,പലൊടെ,transliterated,628485,695562,,
Kerala,Idukki,556,Udumbanchola,5665,Pampadumpara,പംപടുംപര,transliterated,628076,685553,,
Kerala,Thrissur,566,Talappilly,5652,Pampady,പംപട്യ്,transliterated,627724,680588,,
Kerala,Kottayam,560,Kottayam,5670,Pampady,പംപട്യ്,transliterated,628170,686516,,
Kerala,Kottayam,560,Kottayam,5670,Panachikkad (Ct),പനചിക്കാട് (ച്ട്),transliterated,628178,686012,,
Kerala,Wayanad,567,Mananthavady,5635,Panamaram,പനമരം,transliterated,627304,670721,,
Kerala,Thrissur,566,Thrissur,5654,Pananchery,പനൻചേരി,transliterated,627815,680652,,
Kerala,Kozhikode,561,Thamarassery,5938,Panangad (Ct),പനന്ഗട് (ച്ട്),transliterated,627396,673612,,
Kerala,Thrissur,566,Kodungallur,5655,Panangad (Ct),പനന്ഗട് (ച്ട്),transliterated,627878,680665,,
Kerala,Kannur,557,Payyannur,6599,Panapuzha,പനപുഴ,transliterated,627218,670306,,
Kerala,Kasaragod,558,Vellarikkundu,5933,Panathady,പനതട്യ്,transliterated,627144,671532,,
Kerala,Alappuzha,554,Cherthala,5673,Panavally,പനവല്ല്യ്,transliterated,628207,688526,,
Kerala,Kasaragod,558,Hosdurg,5631,Panayal,പനയൽ,transliterated,627137,671316,,
Kerala,Kollam,559,Kollam,5688,Panayam (Ct),പനയം (ച്ട്),transliterated,628440,691601,,
Kerala,Pathanamthitta,564,Adoor,5683,Pandalam,പന്ടലം,transliterated,628343,689515,,
Kerala,Pathanamthitta,564,Adoor,5683,Pandalam Thekkekara,പന്ടലം തെക്കെകര,transliterated,628345,691525,,
Kerala,Alappuzha,554,Chengannur,5677,Pandanad (Part),പന്ടനട് (പര്ട്),transliterated,628268,689506,,
Kerala,Thiruvananthapuram,565,Thiruvananthapuram,5691,Pangappara,പന്ഗപ്പര,transliterated,913466,695317,,
Kerala,Thrissur,566,Talappilly,5652,Pangarappilly,പന്ഗരപ്പില്ല്യ്,transliterated,627751,680586,,
Kerala,Thiruvananthapuram,565,Nedumangad,5690,Pangode,പന്ഗൊടെ,transliterated,628482,695610,,
Kerala,Kollam,559,Karunagappally,5684,Panmana (Ct),പന്മന (ച്ട്),transliterated,628371,691583,,
Kerala,Kozhikode,561,Kozhikode,5640,Panniankara,പന്നിഅൻകര,transliterated,913295,673003,,
Kerala,Kannur,557,Thalassery,5634,Panniyannur (Ct),പന്നിയന്നുർ (ച്ട്),transliterated,627289,670694,,
Kerala,Kannur,557,Taliparamba,5632,Panniyoor,പന്നിയൂർ,transliterated,627194,670142,,
Kerala,Kannur,557,Thalassery,5634,Panoor (Ct),പനൂർ (ച്ട്),transliterated,627288,670692,,
Kerala,Thrissur,566,Kodungallur,5655,Pappinivattom (Ct),പപ്പിനിവട്ടൊം (ച്ട്),transliterated,627877,680665,,
Kerala,Thrissur,566,Thrissur,5654,Parakkad (Ct),പരക്കാട് (ച്ട്),transliterated,627846,680620,,
Kerala,Thrissur,566,Thrissur,5654,Paralam (Ct),പരലം (ച്ട്),transliterated,627863,680563,,
Kerala,Kasaragod,558,Vellarikkundu,5933,Parappa,പരപ്പ,transliterated,627151,671533,,
Kerala,Malappuram,562,Tirurangadi,5645,Parappanangadi,പരപ്പനന്ഗടി,transliterated,627540,676303,,
Kerala,Thrissur,566,Mukundapuram,5656,Parappukkara (Ct),പരപ്പുക്കര (ച്ട്),transliterated,627923,680301,,
Kerala,Malappuram,562,Tirurangadi,5645,Parappur (Ct),പരപ്പൂർ (ച്ട്),transliterated,627550,676503,,
Kerala,Thiruvananthapuram,565,Neyyattinkara,5692,Parassala (Ct),പരസ്സല (ച്ട്),transliterated,628547,695502,,
Kerala,Thiruvananthapuram,565,Neyyattinkara,5692,Parasuvaikkal (Ct),പരസുവൈക്കൽ (ച്ട്),transliterated,628546,695502,,
Kerala,Idukki,556,Udumbanchola,5665,Parathodu,പരതൊടു,transliterated,628075,685552,,
Kerala,Kollam,559,Kollam,5688,Paravoor (Part),പരവൂർ (പര്ട്),transliterated,628436,691301,,
Kerala,Kollam,559,Kollam,5688,Parippally,പരിപ്പള്ളി,transliterated,628437,691574,,
Kerala,Thrissur,566,Chalakkudy,5939,Pariyaram,പരിയരം,transliterated,627903,680721,,
Kerala,Kannur,557,Taliparamba,5632,Pariyaram (Ct),പരിയരം (ച്ട്),transliterated,627210,670502,,
Kerala,Palakkad,563,Palakkad,5649,Parli-I,പര്ലി-ഇ,transliterated,627635,678611,,
Kerala,Palakkad,563,Palakkad,5649,Parli-Ii,പര്ലി-ഈ,transliterated,627636,678612,,
Kerala,Thrissur,566,Talappilly,5652,Parlikad,പര്ലികാട്,transliterated,627743,680623,,
Kerala,Malappuram,562,Perinthalmanna,5643,Pathaikkara,പതൈക്കര,transliterated,913315,679322,,
Kerala,Alappuzha,554,Ambalappuzha,5674,Pathirappally (Ct),പതിരപ്പള്ളി (ച്ട്),transliterated,628233,688521,,
Kerala,Kannur,557,Thalassery,5634,Pathiriyad (Ct),പതിരിയട് (ച്ട്),transliterated,627275,670643,,
Kerala,Alappuzha,554,Karthikappally,5676,Pathiyoor (Ct),പതിയൂർ (ച്ട്),transliterated,628261,690572,,
Kerala,Kasaragod,558,Manjeswaram,5932,Pathur,പതുർ,transliterated,627059,671323,,
Kerala,Kasaragod,558,Kasaragod,5630,Patla,പട്ല,transliterated,627099,671124,,
Kerala,Alappuzha,554,Cherthala,5673,Pattanakkad,പട്ടനക്കാട്,transliterated,628209,688531,,
Kerala,Palakkad,563,Chittur,5650,Pattanchery,പട്ടൻചേരി,transliterated,627668,678532,,
Kerala,Kannur,557,Thalassery,5634,Pattannur,പട്ടന്നുർ,transliterated,627250,670595,,
Kerala,Kollam,559,Pathanapuram,5686,Pattazhy,പട്ടഴ്യ്,transliterated,628383,691522,,
Kerala,Kollam,559,Pathanapuram,5686,Pattazhy Vadakkekara,പട്ടഴ്യ് വടക്കെകര,transliterated,628382,691522,,
Kerala,Ernakulam,555,Kunnathunad,5657,Pattimattom,പട്ടിമട്ടൊം,transliterated,627950,683562,,
Kerala,Kannur,557,Thalassery,5634,Pattiom (Ct),പട്ടിഒം (ച്ട്),transliterated,627285,670642,,
Kerala,Palakkad,563,Pattambi,5940,Pattithara,പട്ടിതര,transliterated,627586,679534,,
Kerala,Thiruvananthapuram,565,Thiruvananthapuram,5691,Pattom,പട്ടൊം,transliterated,913465,695004,,
Kerala,Thrissur,566,Chavakkad,5653,Pavaratty (Ct),പവരട്ട്യ് (ച്ട്),transliterated,627806,680507,,
Kerala,Kollam,559,Kottarakkara,5687,Pavithreswaram,പവിത്രെസ്വരം,transliterated,628404,691507,,
Kerala,Kasaragod,558,Manjeswaram,5932,Pavoor,പവൂർ,transliterated,627057,671323,,
Kerala,Kollam,559,Karunagappally,5684,Pavumba,പവുംബ,transliterated,628360,690574,,
Kerala,Kannur,557,Iritty,5937,Payam,പയം,transliterated,627253,670703,,
Kerala,Wayanad,567,Mananthavady,5635,Payyampally,പയ്യംപള്ളി,transliterated,627295,670645,,
Kerala,Malappuram,562,Ernad,5641,Payyanad,പയ്യനട്,transliterated,913317,676122,,
Kerala,Palakkad,563,Mannarkad,5648,Payyanadam,പയ്യനടം,transliterated,627608,678583,,
Kerala,Kannur,557,Payyannur,6599,Payyannur,പയ്യന്നുർ,transliterated,913033,670307,,
Kerala,Kozhikode,561,Koyilandi,5639,Payyoli,പയ്യൊലി,transliterated,627367,673522,,
Kerala,Thrissur,566,Kunnamkulam,6598,Pazhanji (Ct),പഴന്ജി (ച്ട്),transliterated,627762,680542,,
Kerala,Kannur,557,Iritty,5937,Pazhassi,പഴസ്സി,transliterated,913286,670702,,
Kerala,Pathanamthitta,564,Ranni,5681,Pazhavangadi,പഴവന്ഗടി,transliterated,628315,689673,,
Kerala,Thiruvananthapuram,565,Chirayinkeezhu,5689,Pazhayakunnummel,പഴയകുന്നുമ്മെൽ,transliterated,628461,695614,,
Kerala,Thrissur,566,Thrissur,5654,Peechi,പീചി,transliterated,627816,680653,,
Kerala,Thrissur,566,Chavakkad,5653,Perakam (Ct),പെരകം (ച്ട്),transliterated,627800,680506,,
Kerala,Malappuram,562,Ernad,5641,Perakamanna,പെരകമന്ന,transliterated,627449,676541,,
Kerala,Thrissur,566,Thrissur,5654,Peramangalam (Ct),പെരമംഗലം (ച്ട്),transliterated,627832,680545,,
Kerala,Thrissur,566,Chalakkudy,5939,Perambra,പെരംബ്ര,transliterated,913636,680689,,
Kerala,Kollam,559,Kollam,5688,Perayam,പെരയം,transliterated,916072,691005,,
Kerala,Kollam,559,Kollam,5688,Perinad (Ct),പെരിനട് (ച്ട്),transliterated,628441,691601,,
Kerala,Kannur,557,Thalassery,5634,Peringalam,പെരിന്ഗലം,transliterated,916090,670672,,
Kerala,Thiruvananthapuram,565,Nedumangad,5690,Peringamala,പെരിന്ഗമല,transliterated,628483,695563,,
Kerala,Pathanamthitta,564,Adoor,5683,Peringanadu (Part),പെരിന്ഗനടു (പര്ട്),transliterated,628353,691554,,
Kerala,Thrissur,566,Talappilly,5652,Peringandoor (Ct),പെരിന്ഗന്ടൂർ (ച്ട്),transliterated,627780,680581,,
Kerala,Pathanamthitta,564,Thiruvalla,5679,Peringara,പെരിന്ഗര,transliterated,628295,689108,,
Kerala,Kannur,557,Thalassery,5634,Peringathur (Ct),പെരിന്ഗതുർ (ച്ട്),transliterated,627292,673316,,
Kerala,Thrissur,566,Thrissur,5654,Peringavu,പെരിന്ഗവു,transliterated,913773,680008,,
Kerala,Kannur,557,Payyannur,6599,Peringome,പെരിന്ഗൊമെ,transliterated,627185,670353,,
Kerala,Palakkad,563,Alathur,5651,Peringottukurissi-I,പെരിന്ഗൊട്ടുകുരിസ്സി-ഇ,transliterated,627685,678573,,
Kerala,Palakkad,563,Alathur,5651,Peringottukurissi-Ii,പെരിന്ഗൊട്ടുകുരിസ്സി-ഈ,transliterated,627684,678574,,
Kerala,Thrissur,566,Kodungallur,5655,Perinjanam (Ct),പെരിന്ജനം (ച്ട്),transliterated,627876,680686,,
Kerala,Kannur,557,Payyannur,6599,Perinthatta,പെരിന്തട്ട,transliterated,627182,670306,,
Kerala,Kasaragod,558,Hosdurg,5631,Periya,പെരിയ,transliterated,627139,671320,,
Kerala,Wayanad,567,Mananthavady,5635,Periya,പെരിയ,transliterated,627298,670644,,
Kerala,Idukki,556,Peerumade,5667,Periyar,പെരിയർ,transliterated,628109,685533,,
Kerala,Kasaragod,558,Hosdurg,5631,Perole (Ct),പെരൊലെ (ച്ട്),transliterated,627170,671314,,
Kerala,Kottayam,560,Kottayam,5670,Peroor,പെരൂർ,transliterated,628158,686637,,
Kerala,Kozhikode,561,Kozhikode,5640,Perumanna (Ct),പെരുമന്ന (ച്ട്),transliterated,627434,673019,,
Kerala,Malappuram,562,Tirur,5644,Perumanna (Ct),പെരുമന്ന (ച്ട്),transliterated,627528,676501,,
Kerala,Palakkad,563,Chittur,5650,Perumatty,പെരുമട്ട്യ്,transliterated,627666,678103,,
Kerala,Kottayam,560,Kottayam,5670,Perumbaikad (Ct),പെരുംബൈകാട് (ച്ട്),transliterated,628174,686016,,
Kerala,Kasaragod,558,Kasaragod,5630,Perumbala,പെരുംബല,transliterated,627101,671317,,
Kerala,Alappuzha,554,Cherthala,5673,Perumbalam,പെരുംബലം,transliterated,628206,688570,,
Kerala,Ernakulam,555,Kunnathunad,5657,Perumbavoor (Ct),പെരുംബവൂർ (ച്ട്),transliterated,627961,683542,,
Kerala,Thiruvananthapuram,565,Neyyattinkara,5692,Perumkadavila,പെരുംകടവില,transliterated,628528,695124,,
Kerala,Malappuram,562,Ponnani,5646,Perumpadappa,പെരുംപടപ്പ,transliterated,627560,679580,,
Kerala,Thiruvananthapuram,565,Neyyattinkara,5692,Perumpazhuthur,പെരുംപഴുതുർ,transliterated,913455,695126,,
Kerala,Pathanamthitta,564,Mallappally,5680,Perumpetty,പെരുംപെട്ട്യ്,transliterated,628307,689592,,
Kerala,Thrissur,566,Kunnamkulam,6598,Perumpilavu,പെരുംപിലവു,transliterated,627714,680519,,
Kerala,Pathanamthitta,564,Ranni,5681,Perunad,പെരുനട്,transliterated,628313,689711,,
Kerala,Alappuzha,554,Mavelikkara,5678,Perungala,പെരുന്ഗല,transliterated,628281,690559,,
Kerala,Idukki,556,Peerumade,5667,Peruvanthanam,പെരുവന്തനം,transliterated,628112,685532,,
Kerala,Kozhikode,561,Kozhikode,5640,Peruvayal (Ct),പെരുവയൽ (ച്ട്),transliterated,627430,673661,,
Kerala,Palakkad,563,Palakkad,5649,Peruvemba,പെരുവെംബ,transliterated,627643,678542,,
Kerala,Thiruvananthapuram,565,Thiruvananthapuram,5691,Pettah,പെട്ടഹ്,transliterated,913468,695024,,
Kerala,Kollam,559,Pathanapuram,5686,Pidavoor,പിടവൂർ,transliterated,628386,689695,,
Kerala,Thrissur,566,Talappilly,5652,Pilakkad,പിലക്കാട്,transliterated,627720,680585,,
Kerala,Kasaragod,558,Hosdurg,5631,Pilicode (Ct),പിലിചൊടെ (ച്ട്),transliterated,627171,671310,,
Kerala,Kannur,557,Thalassery,5634,Pinarayi (Ct),പിനരയി (ച്ട്),transliterated,627281,670741,,
Kerala,Ernakulam,555,Kothamangalam,5663,Pindimana,പിന്ടിമന,transliterated,628040,686692,,
Kerala,Palakkad,563,Palakkad,5649,Pirayiri (Ct),പിരയിരി (ച്ട്),transliterated,627653,678004,,
Kerala,Palakkad,563,Palakkad,5649,Polpully,പൊല്പുല്ല്യ്,transliterated,627644,678552,,
Kerala,Malappuram,562,Tirur,5644,Ponmundam (Ct),പൊന്മുന്ടം (ച്ട്),transliterated,627529,676106,,
Kerala,Palakkad,563,Ottappalam,5647,Pookkottukavu,പൂക്കൊട്ടുകാവ്,transliterated,916114,679515,,
Kerala,Malappuram,562,Ernad,5641,Pookkottur,പൂക്കൊട്ടുർ,transliterated,627457,676517,,
Kerala,Thrissur,566,Chavakkad,5653,Pookode (Ct),പൂകോട് (ച്ട്),transliterated,627798,680506,,
Kerala,Kozhikode,561,Kozhikode,5640,Poolacode (Ct),പൂലചൊടെ (ച്ട്),transliterated,627427,673601,,
Kerala,Thrissur,566,Mukundapuram,5656,Poomangalam (Ct),പൂമംഗലം (ച്ട്),transliterated,627933,680662,,
Kerala,Ernakulam,555,Kanayannur,5661,Poonithura,പൂനിതുര,transliterated,913793,682038,,
Kerala,Kottayam,560,Meenachil,5668,Poonjar,പൂന്ജർ,transliterated,931678,686580,,
Kerala,Kottayam,560,Meenachil,5668,Poonjar Nadubhagam,പൂന്ജർ നടുഭഗം,transliterated,628137,686582,,
Kerala,Kottayam,560,Meenachil,5668,Poonjar Thekkekara,പൂന്ജർ തെക്കെകര,transliterated,628136,686582,,
Kerala,Thrissur,566,Thrissur,5654,Poonkunnam,പൂന്കുന്നം,transliterated,913765,680002,,
Kerala,Idukki,556,Udumbanchola,5665,Poopara,പൂപര,transliterated,628065,685613,,
Kerala,Wayanad,567,Sulthanbathery,5636,Poothadi,പൂതടി,transliterated,627310,673596,,
Kerala,Kollam,559,Kollam,5688,Poothakkulam (Ct),പൂതക്കുളം (ച്ട്),transliterated,628451,691302,,
Kerala,Thiruvananthapuram,565,Neyyattinkara,5692,Poovar,പൂവർ,transliterated,916069,695525,,
Kerala,Kottayam,560,Meenachil,5668,Poovarany,പൂവരന്യ്,transliterated,628134,686577,,
Kerala,Kollam,559,Kottarakkara,5687,Pooyappally,പൂയപ്പള്ളി,transliterated,628420,691537,,
Kerala,Thrissur,566,Mukundapuram,5656,Porathissery (Ct),പൊരതിശ്ശേരി (ച്ട്),transliterated,627925,680125,,
Kerala,Thrissur,566,Kunnamkulam,6598,Porkulam (Ct),പൊർകുളം (ച്ട്),transliterated,627775,680542,,
Kerala,Wayanad,567,Mananthavady,5635,Porunnanore,പൊരുന്നനൊരെ,transliterated,627306,670645,,
Kerala,Malappuram,562,Nilambur,5642,Porur,പൊരുർ,transliterated,627480,679339,,
Kerala,Kollam,559,Kunnathur,5685,Poruvazhy,പൊരുവഴ്യ്,transliterated,628376,690520,,
Kerala,Ernakulam,555,Kothamangalam,5663,Pothanikkad,പൊതനിക്കാട്,transliterated,628046,686671,,
Kerala,Malappuram,562,Nilambur,5642,Pothukallu,പൊതുകല്ലു,transliterated,916100,679334,,
Kerala,Thrissur,566,Chalakkudy,5939,Potta,പൊട്ട,transliterated,913637,680722,,
Kerala,Thrissur,566,Thrissur,5654,Pottore (Ct),പൊട്ടൊരെ (ച്ട്),transliterated,627834,680581,,
Kerala,Thrissur,566,Kodungallur,5655,Poyya (Ct),പൊയ്യ (ച്ട്),transliterated,627883,680732,,
Kerala,Wayanad,567,Vythiri,5637,Pozhuthana,പൊഴുതന,transliterated,627334,673575,,
Kerala,Pathanamthitta,564,Konni,5943,Pramadom,പ്രമടൊം,transliterated,628336,689646,,
Kerala,Palakkad,563,Alathur,5651,Puducode,പുടുചൊടെ,transliterated,627703,678687,,
Kerala,Kasaragod,558,Hosdurg,5631,Pudukai,പുടുകൈ,transliterated,913023,671314,,
Kerala,Palakkad,563,Tribal Taluk Office Attappadi,7176,Pudur,പുടുർ,transliterated,627610,678581,,
Kerala,Palakkad,563,Palakkad,5649,Pudussery Central (Ct),പുടുശ്ശേരി ചെന്ട്രൽ (ച്ട്),transliterated,627650,678621,,
Kerala,Palakkad,563,Palakkad,5649,Pudussery West (Ct),പുടുശ്ശേരി വെസ്ട് (ച്ട്),transliterated,627651,678623,,
Kerala,Thrissur,566,Talappilly,5652,Pulakode,പുലകോട്,transliterated,627752,680586,,
Kerala,Malappuram,562,Kondotty,5941,Pulikkal,പുലിക്കൽ,transliterated,627445,673637,,
Kerala,Thiruvananthapuram,565,Chirayinkeezhu,5689,Pulimath,പുലിമത്,transliterated,628462,695602,,
Kerala,Kannur,557,Payyannur,6599,Pulingome,പുലിന്ഗൊമെ,transliterated,627188,670511,,
Kerala,Alappuzha,554,Kuttanad,5675,Pulinkunnu,പുലിന്കുന്നു,transliterated,628238,688502,,
Kerala,Kottayam,560,Meenachil,5668,Puliyannoor (Part),പുലിയന്നൂർ (പര്ട്),transliterated,628132,686574,,
Kerala,Thrissur,566,Thrissur,5654,Pullazhi,പുല്ലഴി,transliterated,913768,680012,,
Kerala,Malappuram,562,Nilambur,5642,Pullipadam,പുല്ലിപടം,transliterated,627470,676542,,
Kerala,Thrissur,566,Thrissur,5654,Pullu,പുല്ലു,transliterated,627819,680641,,
Kerala,Kasaragod,558,Hosdurg,5631,Pullur,പുല്ലുർ,transliterated,627140,671531,,
Kerala,Thrissur,566,Mukundapuram,5656,Pullur (Ct),പുല്ലുർ (ച്ട്),transliterated,627928,680683,,
Kerala,Thrissur,566,Kodungallur,5655,Pullut,പുല്ലുട്,transliterated,913780,680663,,
Kerala,Wayanad,567,Sulthanbathery,5636,Pulpalli,പുൽപള്ളി,transliterated,627311,673579,,
Kerala,Kollam,559,Punalur,5947,Punalur,പുനലുർ,transliterated,913826,691332,,
Kerala,Kollam,559,Pathanapuram,5686,Punnala,പുന്നല,transliterated,628388,689696,,
Kerala,Thrissur,566,Chavakkad,5653,Punnayur (Ct),പുന്നയുർ (ച്ട്),transliterated,627795,680518,,
Kerala,Thrissur,566,Chavakkad,5653,Punnayurkulam (Ct),പുന്നയുർകുളം (ച്ട്),transliterated,627793,679564,,
Kerala,Wayanad,567,Sulthanbathery,5636,Purakkadi,പുരക്കടി,transliterated,627315,673591,,
Kerala,Pathanamthitta,564,Mallappally,5680,Puramattam,പുരമട്ടം,transliterated,628310,689543,,
Kerala,Kozhikode,561,Vatakara,5638,Purameri,പുരമെരി,transliterated,627348,673503,,
Kerala,Thrissur,566,Thrissur,5654,Puranattukara (Ct),പുരനട്ടുകര (ച്ട്),transliterated,627840,680551,,
Kerala,Idukki,556,Thodupuzha,5666,Purapuzha,പുരപുഴ,transliterated,628094,685583,,
Kerala,Thrissur,566,Mukundapuram,5656,Puthenchira,പുതെന്ചിര,transliterated,627910,680682,,
Kerala,Ernakulam,555,Kunnathunad,5657,Puthencruz (Ct),പുതെന്ച്രുസ് (ച്ട്),transliterated,627963,682303,,
Kerala,Ernakulam,555,Paravur,5659,Puthenvelikkara (Ct),പുതെന്വെലിക്കര (ച്ട്),transliterated,627983,680667,,
Kerala,Kozhikode,561,Kozhikode,5640,Puthiyangadi (Og) (Part),പുതിയന്ഗടി (ഒഗ്) (പര്ട്),transliterated,645600,673021,,
Kerala,Kannur,557,Thalassery,5634,Puthoor,പുതൂർ,transliterated,627270,670692,,
Kerala,Palakkad,563,Chittur,5650,Puthunagaram (Ct),പുതുനഗരം (ച്ട്),transliterated,627683,678503,,
Kerala,Kozhikode,561,Thamarassery,5938,Puthuppadi,പുതുപ്പടി,transliterated,627407,673586,,
Kerala,Kottayam,560,Kottayam,5670,Puthuppally (Ct),പുതുപ്പള്ളി (ച്ട്),transliterated,628179,686011,,
Kerala,Alappuzha,554,Karthikappally,5676,Puthuppally (Ct),പുതുപ്പള്ളി (ച്ട്),transliterated,628265,690527,,
Kerala,Palakkad,563,Palakkad,5649,Puthuppariyaram 1,പുതുപ്പരിയരം 1,transliterated,627648,678594,,
Kerala,Kozhikode,561,Thamarassery,5938,Puthur,പുതുർ,transliterated,627415,673580,,
Kerala,Kollam,559,Kottarakkara,5687,Puthur,പുതുർ,transliterated,628405,691507,,
Kerala,Kasaragod,558,Kasaragod,5630,Puthur (Ct),പുതുർ (ച്ട്),transliterated,627130,671124,,
Kerala,Thrissur,566,Thrissur,5654,Puthur (Ct),പുതുർ (ച്ട്),transliterated,627853,680014,,
Kerala,Thrissur,566,Talappilly,5652,Puthuruthy,പുതുരുത്യ്,transliterated,627744,680623,,
Kerala,Ernakulam,555,Kochi,5660,Puthuvype (Ct),പുതുവ്യ്പെ (ച്ട്),transliterated,628000,682508,,
Kerala,Thrissur,566,Thrissur,5654,Puzhakkal (Ct),പുഴക്കൽ (ച്ട്),transliterated,627839,680553,,
Kerala,Malappuram,562,Perinthalmanna,5643,Puzhakkattiri,പുഴക്കട്ടിരി,transliterated,627496,679321,,
Kerala,Kannur,557,Kannur,5633,Puzhathi (Ct),പുഴതി (ച്ട്),transliterated,627238,670005,,
Kerala,Idukki,556,Udumbanchola,5665,Rajakkad,രജക്കാട്,transliterated,628062,685566,,
Kerala,Idukki,556,Udumbanchola,5665,Rajakumari,രജകുമരി,transliterated,628066,685619,,
Kerala,Kozhikode,561,Kozhikode,5640,Ramanattukara (Ct),രമനട്ടുകര (ച്ട്),transliterated,627435,673633,,
Kerala,Alappuzha,554,Kuttanad,5675,Ramankary,രമന്കര്യ്,transliterated,628243,689595,,
Kerala,Kottayam,560,Meenachil,5668,Ramapuram,രമപുരം,transliterated,628117,686576,,
Kerala,Ernakulam,555,Kochi,5660,Rameswaram,രമെസ്വരം,transliterated,913786,682004,,
Kerala,Pathanamthitta,564,Ranni,5681,Ranni,രന്നി,transliterated,628319,689672,,
Kerala,Kozhikode,561,Thamarassery,5938,Raroth,രരൊത്,transliterated,627405,673573,,
Kerala,Ernakulam,555,Kunnathunad,5657,Rayamangalam,രയമംഗലം,transliterated,627946,683545,,
Kerala,Kollam,559,Kollam,5688,Sakthikulangara,സക്തികുലന്ഗര,transliterated,913832,691581,,
Kerala,Idukki,556,Udumbanchola,5665,Santhanpara,സന്തന്പര,transliterated,628068,685619,,
Kerala,Thiruvananthapuram,565,Chirayinkeezhu,5689,Sarkara,സർകര,transliterated,628472,695304,,
Kerala,Thiruvananthapuram,565,Thiruvananthapuram,5691,Sasthamangalam,സസ്തമംഗലം,transliterated,913469,695012,,
Kerala,Kollam,559,Kunnathur,5685,Sasthamkotta,സസ്തംകൊട്ട,transliterated,628378,690521,,
Kerala,Kasaragod,558,Kasaragod,5630,Shiribagilu (Ct),ഷിരിബഗിലു (ച്ട്),transliterated,627131,671124,,
Kerala,Kasaragod,558,Manjeswaram,5932,Shiriya (Ct),ഷിരിയ (ച്ട്),transliterated,627127,671321,,
Kerala,Palakkad,563,Tribal Taluk Office Attappadi,7176,Sholayur,ഷൊലയുർ,transliterated,627613,678581,,
Kerala,Palakkad,563,Ottappalam,5647,Shornur I,ഷൊര്നുർ ഇ,transliterated,913819,679121,,
Kerala,Palakkad,563,Ottappalam,5647,Shornur II,ഷൊര്നുർ ഈ,transliterated,913820,679121,,
Kerala,Kannur,557,Thalassery,5634,Sivapuram,സിവപുരം,transliterated,627268,670701,,
Kerala,Kozhikode,561,Thamarassery,5938,Sivapuram,സിവപുരം,transliterated,627385,673612,,
Kerala,Kollam,559,Kunnathur,5685,Sooranad North,സൂരനട് നൊര്ത്,transliterated,628375,690561,,
Kerala,Kollam,559,Kunnathur,5685,Sooranad South,സൂരനട് സൗത്,transliterated,628379,690522,,
Kerala,Kasaragod,558,Hosdurg,5631,South Thrikkaripur (Ct),സൗത് ത്രിക്കരിപൂർ (ച്ട്),transliterated,627174,671310,,
Kerala,Palakkad,563,Ottappalam,5647,Sreekrishnapuram -I,സ്രീക്രിഷ്നപുരം -ഇ,transliterated,627578,679513,,
Kerala,Palakkad,563,Ottappalam,5647,Sreekrishnapuram -Ii,സ്രീക്രിഷ്നപുരം -ഈ,transliterated,627579,679513,,
Kerala,Wayanad,567,Sulthanbathery,5636,Sulthanbathery,സുല്തന്ബതെര്യ്,transliterated,627317,673592,,
Kerala,Kottayam,560,Vaikom,5669,T V Puram,ട് വ് പുരം,transliterated,916079,686606,,
Kerala,Malappuram,562,Tirur,5644,Talakkad (Ct),ടലക്കാട് (ച്ട്),transliterated,627533,676551,,
Kerala,Kasaragod,558,Manjeswaram,5932,Talikala,ടലികല,transliterated,627063,671323,,
Kerala,Thrissur,566,Chavakkad,5653,Talikkulam (Ct),ടലിക്കുളം (ച്ട്),transliterated,627811,680569,,
Kerala,Kannur,557,Taliparamba,5632,Taliparamba,ടലിപരംബ,transliterated,913034,670141,,
Kerala,Malappuram,562,Tirur,5644,Tanalur (Ct),ടനലുർ (ച്ട്),transliterated,627530,676307,,
Kerala,Palakkad,563,Alathur,5651,Tarur-I,ടരുർ-ഇ,transliterated,627696,678544,,
Kerala,Palakkad,563,Alathur,5651,Tarur-Ii,ടരുർ-ഈ,transliterated,627697,678544,,
Kerala,Malappuram,562,Ponnani,5646,Tavanur,ടവനുർ,transliterated,627557,679573,,
Kerala,Kottayam,560,Meenachil,5668,Teekoy,ടീകൊയ്,transliterated,628122,686580,,
Kerala,Palakkad,563,Mannarkad,5648,Thachampara,തചംപര,transliterated,627619,678593,,
Kerala,Palakkad,563,Mannarkad,5648,Thachanattukara-I,തചനട്ടുകര-ഇ,transliterated,627625,678601,,
Kerala,Palakkad,563,Mannarkad,5648,Thachanattukara-Ii,തചനട്ടുകര-ഈ,transliterated,627626,678601,,
Kerala,Alappuzha,554,Cherthala,5673,Thaikattussery (Ct),തൈകട്ടുശ്ശേരി (ച്ട്),transliterated,628218,688528,,
Kerala,Thrissur,566,Chavakkad,5653,Thaikkad (Ct),തൈക്കാട് (ച്ട്),transliterated,627803,680104,,
Kerala,Alappuzha,554,Kuttanad,5675,Thakazhy,തകഴ്യ്,transliterated,628246,688562,,
Kerala,Kozhikode,561,Kozhikode,5640,Thalakkulathur (Ct),തലക്കുലതുർ (ച്ട്),transliterated,627423,673317,,
Kerala,Kottayam,560,Meenachil,5668,Thalanadu,തലനടു,transliterated,628121,686580,,
Kerala,Kasaragod,558,Kasaragod,5630,Thalangara,തലന്ഗര,transliterated,913025,671122,,
Kerala,Kottayam,560,Meenachil,5668,Thalappalam,തലപ്പലം,transliterated,628123,686579,,
Kerala,Thrissur,566,Talappilly,5652,Thalassery,തലശ്ശേരി,transliterated,627719,679532,,
Kerala,Kannur,557,Thalassery,5634,Thalassery,തലശ്ശേരി,transliterated,913032,670105,,
Kerala,Alappuzha,554,Kuttanad,5675,Thalavady,തലവട്യ്,transliterated,628249,689572,,
Kerala,Kollam,559,Pathanapuram,5686,Thalavoor,തലവൂർ,transliterated,628384,691508,,
Kerala,Kottayam,560,Vaikom,5669,Thalayazham,തലയഴം,transliterated,628149,686607,,
Kerala,Alappuzha,554,Mavelikkara,5678,Thamarakkulam,തമരക്കുളം,transliterated,628285,690504,,
Kerala,Idukki,556,Idukki,5942,Thankamony,തന്കമൊന്യ്,transliterated,628073,685609,,
Kerala,Alappuzha,554,Cherthala,5673,Thanneermukkam North(Ct),തന്നീര്മുക്കം നൊര്ത്(ച്ട്),transliterated,628222,688527,,
Kerala,Alappuzha,554,Cherthala,5673,Thanneermukkam South,തന്നീര്മുക്കം സൗത്,transliterated,913810,688525,,
Kerala,Pathanamthitta,564,Konni,5943,Thannithode,തന്നിതൊടെ,transliterated,628341,689699,,
Kerala,Thrissur,566,Thrissur,5654,Thanniyam (Ct),തന്നിയം (ച്ട്),transliterated,627869,680565,,
Kerala,Palakkad,563,Chittur,5650,Thathamangalam (Part),തതമംഗലം (പര്ട്),transliterated,627655,678102,,
Kerala,Wayanad,567,Mananthavady,5635,Thavinhal,തവിന്ഹൽ,transliterated,627297,670645,,
Kerala,Kasaragod,558,Vellarikkundu,5933,Thayanur,തയനുർ,transliterated,627152,671531,,
Kerala,Thrissur,566,Kunnamkulam,6598,Thayyur,തയ്യുർ,transliterated,627741,680584,,
Kerala,Alappuzha,554,Mavelikkara,5678,Thazhakara (Ct),തഴകര (ച്ട്),transliterated,628289,690110,,
Kerala,Kollam,559,Karunagappally,5684,Thazhava,തഴവ,transliterated,628359,690523,,
Kerala,Thrissur,566,Chalakkudy,5939,Thazhekkad,തഴെക്കാട്,transliterated,627906,680697,,
Kerala,Palakkad,563,Chittur,5650,Thekkedesom,തെക്കെടെസൊം,transliterated,627657,678553,,
Kerala,Alappuzha,554,Mavelikkara,5678,Thekkekara (Part),തെക്കെകര (പര്ട്),transliterated,628280,690107,,
Kerala,Ernakulam,555,Kanayannur,5661,Thekkumbhagam,തെക്കുംഭഗം,transliterated,913797,682301,,
Kerala,Thrissur,566,Mukundapuram,5656,Thekkumkara (Ct),തെക്കുംകര (ച്ട്),transliterated,627935,680123,,
Kerala,Pathanamthitta,564,Mallappally,5680,Thelliyoor,തെല്ലിയൂർ,transliterated,628309,689544,,
Kerala,Malappuram,562,Tirurangadi,5645,Thenhippalam (Ct),തെന്ഹിപ്പലം (ച്ട്),transliterated,627543,673635,,
Kerala,Palakkad,563,Alathur,5651,Thenkurissi-I,തെന്കുരിസ്സി-ഇ,transliterated,627691,678671,,
Kerala,Palakkad,563,Alathur,5651,Thenkurissi-Ii,തെന്കുരിസ്സി-ഈ,transliterated,627692,678502,,
Kerala,Malappuram,562,Tirurangadi,5645,Thennala (Ct),തെന്നല (ച്ട്),transliterated,627556,676508,,
Kerala,Thiruvananthapuram,565,Nedumangad,5690,Thennoor,തെന്നൂർ,transliterated,628484,695563,,
Kerala,Thrissur,566,Talappilly,5652,Thichur,തിചുർ,transliterated,627716,680584,,
Kerala,Kozhikode,561,Koyilandi,5639,Thikkody (Ct),തിക്കൊട്യ് (ച്ട്),transliterated,627393,673529,,
Kerala,Kannur,557,Iritty,5937,Thillenkeri,തില്ലെന്കെരി,transliterated,627262,670702,,
Kerala,Kasaragod,558,Hosdurg,5631,Thimiri,തിമിരി,transliterated,627161,671313,,
Kerala,Kannur,557,Taliparamba,5632,Thimiri,തിമിരി,transliterated,627186,670571,,
Kerala,Kozhikode,561,Vatakara,5638,Thinoor,തിനൂർ,transliterated,627344,673507,,
Kerala,Thiruvananthapuram,565,Thiruvananthapuram,5691,Thirumala,തിരുമല,transliterated,913470,695032,,
Kerala,Ernakulam,555,Muvattupuzha,5662,Thirumarady,തിരുമരട്യ്,transliterated,628033,686662,,
Kerala,Palakkad,563,Pattambi,5940,Thirumittacode -Ii (Ct),തിരുമിട്ടചൊടെ -ഈ (ച്ട്),transliterated,627602,679533,,
Kerala,Palakkad,563,Pattambi,5940,Thirumittacode-I,തിരുമിട്ടചൊടെ-ഇ,transliterated,627590,679533,,
Kerala,Thrissur,566,Chalakkudy,5939,Thirumukkulam,തിരുമുക്കുളം,transliterated,627918,680734,,
Kerala,Malappuram,562,Tirur,5644,Thirunavaya (Ct),തിരുനവയ (ച്ട്),transliterated,627535,676301,,
Kerala,Wayanad,567,Mananthavady,5635,Thirunelly,തിരുനെല്ല്യ്,transliterated,627293,670646,,
Kerala,Thiruvananthapuram,565,Neyyattinkara,5692,Thirupuram,തിരുപുരം,transliterated,628535,695133,,
Kerala,Malappuram,562,Nilambur,5642,Thiruvali,തിരുവലി,transliterated,627479,676123,,
Kerala,Pathanamthitta,564,Thiruvalla,5679,Thiruvalla,തിരുവല്ല,transliterated,913821,689115,,
Kerala,Thiruvananthapuram,565,Thiruvananthapuram,5691,Thiruvallam,തിരുവല്ലം,transliterated,913471,695027,,
Kerala,Kozhikode,561,Vatakara,5638,Thiruvallur,തിരുവല്ലുർ,transliterated,627349,673541,,
Kerala,Kozhikode,561,Thamarassery,5938,Thiruvambadi,തിരുവംബടി,transliterated,627413,673603,,
Kerala,Kannur,557,Thalassery,5634,Thiruvangad,തിരുവന്ഗട്,transliterated,913031,670104,,
Kerala,Ernakulam,555,Kunnathunad,5657,Thiruvaniyoor,തിരുവനിയൂർ,transliterated,627955,682308,,
Kerala,Ernakulam,555,Kanayannur,5661,Thiruvankulam (Ct),തിരുവൻകുളം (ച്ട്),transliterated,628012,682309,,
Kerala,Alappuzha,554,Chengannur,5677,Thiruvanvandoor,തിരുവന്വന്ടൂർ,transliterated,628269,689109,,
Kerala,Kottayam,560,Kottayam,5670,Thiruvarpu,തിരുവര്പു,transliterated,628167,686020,,
Kerala,Palakkad,563,Pattambi,5940,Thiruvegapura,തിരുവെഗപുര,transliterated,627568,679304,,
Kerala,Thrissur,566,Talappilly,5652,Thiruvilwamala,തിരുവില്വമല,transliterated,627725,680588,,
Kerala,Kollam,559,Karunagappally,5684,Thodiyoor (Ct),തൊടിയൂർ (ച്ട്),transliterated,628366,690523,,
Kerala,Idukki,556,Thodupuzha,5666,Thodupuzha (Part),തൊടുപുഴ (പര്ട്),transliterated,628092,685601,,
Kerala,Kannur,557,Thalassery,5634,Tholambra,തൊലംബ്ര,transliterated,627263,670673,,
Kerala,Thiruvananthapuram,565,Nedumangad,5690,Tholicode,തൊലിചൊടെ,transliterated,628493,695551,,
Kerala,Thrissur,566,Thrissur,5654,Tholur (Ct),തൊലുർ (ച്ട്),transliterated,627830,680552,,
Kerala,Wayanad,567,Sulthanbathery,5636,Thomattuchal,തൊമട്ടുചൽ,transliterated,627323,673581,,
Kerala,Wayanad,567,Mananthavady,5635,Thondernad,തൊന്ടെര്നട്,transliterated,627299,670731,,
Kerala,Ernakulam,555,Kochi,5660,Thoppumpady,തൊപ്പുംപട്യ്,transliterated,913789,682005,,
Kerala,Thrissur,566,Mukundapuram,5656,Thoravu,തൊരവു,transliterated,627922,680301,,
Kerala,Kottayam,560,Changanassery,5671,Thottackad,തൊട്ടച്കാട്,transliterated,628185,686539,,
Kerala,Pathanamthitta,564,Thiruvalla,5679,Thottapuzhassery,തൊട്ടപുഴശ്ശേരി,transliterated,628301,689549,,
Kerala,Thrissur,566,Mukundapuram,5656,Thottippal,തൊട്ടിപ്പൽ,transliterated,627887,680310,,
Kerala,Kollam,559,Kollam,5688,Thrikkadavoor (Ct),ത്രിക്കടവൂർ (ച്ട്),transliterated,628445,691601,,
Kerala,Palakkad,563,Ottappalam,5647,Thrikkadeeri -I,ത്രിക്കടീരി -ഇ,transliterated,627581,679502,,
Kerala,Palakkad,563,Ottappalam,5647,Thrikkadeeri -Ii,ത്രിക്കടീരി -ഈ,transliterated,627580,679502,,
Kerala,Wayanad,567,Vythiri,5637,Thrikkaipatta (Part),ത്രിക്കൈപട്ട (പര്ട്),transliterated,627338,673577,,
Kerala,Ernakulam,555,Kothamangalam,5663,Thrikkariyoor (Part),ത്രിക്കരിയൂർ (പര്ട്),transliterated,628038,686692,,
Kerala,Kollam,559,Kollam,5688,Thrikkaruva (Ct),ത്രിക്കരുവ (ച്ട്),transliterated,628439,691602,,
Kerala,Alappuzha,554,Karthikappally,5676,Thrikkunnapuzha,ത്രിക്കുന്നപുഴ,transliterated,628254,690515,,
Kerala,Alappuzha,554,Mavelikkara,5678,Thriperumthura,ത്രിപെരുംതുര,transliterated,628278,690105,,
Kerala,Kannur,557,Thalassery,5634,Thrippangottur,ത്രിപ്പന്ഗൊട്ടുർ,transliterated,627271,670676,,
Kerala,Wayanad,567,Mananthavady,5635,Thrissilery,ത്രിസ്സിലെര്യ്,transliterated,627294,670646,,
Kerala,Palakkad,563,Pattambi,5940,Thrithala (Ct),ത്രിതല (ച്ട്),transliterated,627600,679534,,
Kerala,Pathanamthitta,564,Adoor,5683,Thumpamon,തുംപമൊൻ,transliterated,916073,689502,,
Kerala,Alappuzha,554,Cherthala,5673,Thuravoor Thekku,തുരവൂർ തെക്കു,transliterated,628208,688532,,
Kerala,Kozhikode,561,Koyilandi,5639,Thurayur (Ct),തുരയുർ (ച്ട്),transliterated,627392,673523,,
Kerala,Kasaragod,558,Hosdurg,5631,Thuruthy,തുരുത്യ്,transliterated,942947,671351,,
Kerala,Malappuram,562,Nilambur,5642,Thuvvur,തുവ്വുർ,transliterated,627485,679327,,
Kerala,Thiruvananthapuram,565,Thiruvananthapuram,5691,Thycaud,ത്യ്ചൗട്,transliterated,913472,695014,,
Kerala,Malappuram,562,Tirurangadi,5645,Tirurangadi (Ct),ടിരുരന്ഗടി (ച്ട്),transliterated,627553,676306,,
Kerala,Malappuram,562,Ernad,5641,Trikkalangode,ട്രിക്കലന്ഗൊടെ,transliterated,627459,676123,,
Kerala,Thrissur,566,Mukundapuram,5656,Trikkur (Ct),ട്രിക്കുർ (ച്ട്),transliterated,627919,680306,,
Kerala,Malappuram,562,Tirur,5644,Triprangode (Ct),ട്രിപ്രന്ഗൊടെ (ച്ട്),transliterated,627534,676108,,
Kerala,Kannur,557,Taliparamba,5632,Udayagiri,ഉടയഗിരി,transliterated,916089,670571,,
Kerala,Kottayam,560,Vaikom,5669,Udayanapuram,ഉടയനപുരം,transliterated,916078,686143,,
Kerala,Kasaragod,558,Hosdurg,5631,Udinoor,ഉടിനൂർ,transliterated,627164,671310,,
Kerala,Idukki,556,Udumbanchola,5665,Udumbanchola,ഉടുംബന്ചൊല,transliterated,628070,685515,,
Kerala,Idukki,556,Thodupuzha,5666,Udumbannoor,ഉടുംബന്നൂർ,transliterated,628088,685595,,
Kerala,Kasaragod,558,Manjeswaram,5932,Udyawar,ഉട്യവർ,transliterated,913026,671323,,
Kerala,Kasaragod,558,Manjeswaram,5932,Ujarulvar,ഉജരുല്വർ,transliterated,627095,671321,,
Kerala,Kozhikode,561,Koyilandi,5639,Ulliyeri (Ct),ഉല്ലിയെരി (ച്ട്),transliterated,627398,673323,,
Kerala,Thiruvananthapuram,565,Thiruvananthapuram,5691,Ulloor,ഉല്ലൂർ,transliterated,913474,695609,,
Kerala,Kozhikode,561,Thamarassery,5938,Unnikulam,ഉന്നികുളം,transliterated,627384,673574,,
Kerala,Kasaragod,558,Manjeswaram,5932,Uppala (Ct),ഉപ്പല (ച്ട്),transliterated,627125,671322,,
Kerala,Idukki,556,Peerumade,5667,Upputhara,ഉപ്പുതര,transliterated,628104,685505,,
Kerala,Idukki,556,Idukki,5942,Upputhode,ഉപ്പുതൊടെ,transliterated,628072,685602,,
Kerala,Malappuram,562,Tirurangadi,5645,Urakam (Ct),ഉരകം (ച്ട്),transliterated,627548,676304,,
Kerala,Malappuram,562,Ernad,5641,Urangattiri,ഉരന്ഗട്ടിരി,transliterated,627448,673639,,
Kerala,Thiruvananthapuram,565,Nedumangad,5690,Uzhamalackal,ഉഴമലച്കൽ,transliterated,628497,695541,,
Kerala,Kottayam,560,Meenachil,5668,Uzhavoor,ഉഴവൂർ,transliterated,628115,686634,,
Kerala,Palakkad,563,Chittur,5650,Vadakarapathy,വടകരപത്യ്,transliterated,627660,678556,,
Kerala,Palakkad,563,Alathur,5651,Vadakkancheri-I,വടക്കന്ചെരി-ഇ,transliterated,627706,678683,,
Kerala,Palakkad,563,Alathur,5651,Vadakkancheri-Ii,വടക്കന്ചെരി-ഈ,transliterated,627707,678683,,
Kerala,Ernakulam,555,Paravur,5659,Vadakkekara (Ct),വടക്കെകര (ച്ട്),transliterated,627986,683522,,
Kerala,Kottayam,560,Vaikom,5669,Vadakkemuri (Part),വടക്കെമുരി (പര്ട്),transliterated,628146,686143,,
Kerala,Thrissur,566,Mukundapuram,5656,Vadakkumkara (Ct),വടക്കുംകര (ച്ട്),transliterated,627932,680662,,
Kerala,Thrissur,566,Thrissur,5654,Vadakkummuri (Ct),വടക്കുമ്മുരി (ച്ട്),transliterated,627860,680570,,
Kerala,Thrissur,566,Chavakkad,5653,Vadanappally (Ct),വടനപ്പള്ളി (ച്ട്),transliterated,627810,680614,,
Kerala,Pathanamthitta,564,Ranni,5681,Vadasserikkara,വടസ്സെരിക്കര,transliterated,628320,689662,,
Kerala,Palakkad,563,Chittur,5650,Vadavannur,വടവന്നുർ,transliterated,627669,678504,,
Kerala,Ernakulam,555,Kunnathunad,5657,Vadavukode,വടവുകോട്,transliterated,627952,682310,,
Kerala,Kottayam,560,Vaikom,5669,Vadayar,വടയർ,transliterated,628144,686605,,
Kerala,Idukki,556,Peerumade,5667,Vagamon,വഗമൊൻ,transliterated,628103,685503,,
Kerala,Kottayam,560,Vaikom,5669,Vaikom (Part),വൈകൊം (പര്ട്),transliterated,628148,686606,,
Kerala,Kottayam,560,Changanassery,5671,Vakathanam,വകതനം,transliterated,628180,686538,,
Kerala,Thiruvananthapuram,565,Chirayinkeezhu,5689,Vakkom (Ct),വക്കൊം (ച്ട്),transliterated,628475,695308,,
Kerala,Kollam,559,Punalur,5947,Valacode (Part),വലചൊടെ (പര്ട്),transliterated,628390,691331,,
Kerala,Ernakulam,555,Muvattupuzha,5662,Valakam,വലകം,transliterated,628020,682316,,
Kerala,Kollam,559,Kottarakkara,5687,Valakam,വലകം,transliterated,628417,691532,,
Kerala,Malappuram,562,Perinthalmanna,5643,Valambur,വലംബുർ,transliterated,627497,679325,,
Kerala,Kannur,557,Kannur,5633,Valapattanam (Ct),വലപട്ടനം (ച്ട്),transliterated,627232,670010,,
Kerala,Thrissur,566,Chavakkad,5653,Valappad,വലപ്പട്,transliterated,627791,680567,,
Kerala,Malappuram,562,Tirur,5644,Valavannur,വലവന്നുർ,transliterated,627515,676551,,
Kerala,Kozhikode,561,Vatakara,5638,Valayam (Ct),വലയം (ച്ട്),transliterated,627353,673517,,
Kerala,Kozhikode,561,Kozhikode,5640,Valayanad,വലയനട്,transliterated,913293,673007,,
Kerala,Kannur,557,Kannur,5633,Valiyannur - Ct,വലിയന്നുർ - ച്ട്,transliterated,910355,670594,,
Kerala,Palakkad,563,Chittur,5650,Valiyavallampathy,വലിയവല്ലംപത്യ്,transliterated,627664,678557,,
Kerala,Palakkad,563,Chittur,5650,Vallanghy,വല്ലന്ഘ്യ്,transliterated,627671,678508,,
Kerala,Palakkad,563,Pattambi,5940,Vallapuzha,വല്ലപുഴ,transliterated,627584,679336,,
Kerala,Kottayam,560,Meenachil,5668,Vallichira,വല്ലിചിര,transliterated,628126,686574,,
Kerala,Pathanamthitta,564,Konni,5943,Vallicode,വല്ലിചൊടെ,transliterated,628329,689648,,
Kerala,Malappuram,562,Tirurangadi,5645,Vallikkunnu,വല്ലിക്കുന്നു,transliterated,627539,673314,,
Kerala,Alappuzha,554,Mavelikkara,5678,Vallikunnam,വല്ലികുന്നം,transliterated,628286,690501,,
Kerala,Thrissur,566,Mukundapuram,5656,Vallivattom,വല്ലിവട്ടൊം,transliterated,627908,680123,,
Kerala,Thiruvananthapuram,565,Nedumangad,5690,Vamanapuram,വമനപുരം,transliterated,628480,695606,,
Kerala,Idukki,556,Udumbanchola,5665,Vandanmedu,വന്ടന്മെടു,transliterated,628078,685551,,
Kerala,Palakkad,563,Alathur,5651,Vandazhi-I,വന്ടഴി-ഇ,transliterated,627709,678706,,
Kerala,Palakkad,563,Alathur,5651,Vandazhi-Ii,വന്ടഴി-ഈ,transliterated,627708,678705,,
Kerala,Palakkad,563,Chittur,5650,Vandithavalam,വന്ടിതവലം,transliterated,627667,678534,,
Kerala,Kozhikode,561,Vatakara,5638,Vanimel,വനിമെൽ,transliterated,627342,673506,,
Kerala,Palakkad,563,Ottappalam,5647,Vaniyamkulam- II (Ct),വനിയംകുളം- ഈ (ച്ട്),transliterated,627601,679522,,
Kerala,Palakkad,563,Ottappalam,5647,Vaniyamkulam-I,വനിയംകുളം-ഇ,transliterated,627591,679523,,
Kerala,Idukki,556,Thodupuzha,5666,Vannapuram,വന്നപുരം,transliterated,628086,685607,,
Kerala,Thrissur,566,Chalakkudy,5939,Varandarappilly,വരന്ടരപ്പില്ല്യ്,transliterated,627889,680304,,
Kerala,Ernakulam,555,Kothamangalam,5663,Varappetty,വരപ്പെട്ട്യ്,transliterated,628047,686691,,
Kerala,Ernakulam,555,Paravur,5659,Varappuzha (Ct),വരപ്പുഴ (ച്ട്),transliterated,627991,683517,,
Kerala,Thrissur,566,Talappilly,5652,Varavoor,വരവൂർ,transliterated,627721,680585,,
Kerala,Thiruvananthapuram,565,Varkala,5946,Varkala,വര്കല,transliterated,913451,695142,,
Kerala,Kozhikode,561,Vatakara,5638,Vatakara,വടകര,transliterated,913308,673101,,
Kerala,Malappuram,562,Ponnani,5646,Vattamkulam,വട്ടംകുളം,transliterated,627558,679578,,
Kerala,Thiruvananthapuram,565,Nedumangad,5690,Vattappara (Ct),വട്ടപ്പര (ച്ട്),transliterated,628503,695144,,
Kerala,Thiruvananthapuram,565,Thiruvananthapuram,5691,Vattiyoorkavu (Ct),വട്ടിയൂർകാവ് (ച്ട്),transliterated,628516,695013,,
Kerala,Kozhikode,561,Thamarassery,5938,Vavad,വവട്,transliterated,627404,673572,,
Kerala,Kannur,557,Payyannur,6599,Vayakkara,വയക്കര,transliterated,627187,670511,,
Kerala,Alappuzha,554,Cherthala,5673,Vayalar (Ct),വയലർ (ച്ട്),transliterated,628220,688536,,
Kerala,Kannur,557,Iritty,5937,Vayathur,വയതുർ,transliterated,627202,670706,,
Kerala,Malappuram,562,Kondotty,5941,Vazhakkad,വഴക്കാട്,transliterated,627444,673640,,
Kerala,Ernakulam,555,Kanayannur,5661,Vazhakkala (Ct),വഴക്കല (ച്ട്),transliterated,628008,682021,,
Kerala,Ernakulam,555,Kunnathunad,5657,Vazhakulam (Ct),വഴകുളം (ച്ട്),transliterated,627959,686670,,
Kerala,Kottayam,560,Changanassery,5671,Vazhappally East,വഴപ്പള്ളി എഅസ്ട്,transliterated,913809,686104,,
Kerala,Kottayam,560,Changanassery,5671,Vazhappally West,വഴപ്പള്ളി വെസ്ട്,transliterated,628182,686103,,
Kerala,Malappuram,562,Kondotty,5941,Vazhayur (Ct),വഴയുർ (ച്ട്),transliterated,627466,673633,,
Kerala,Malappuram,562,Nilambur,5642,Vazhikkadavu,വഴിക്കടവു,transliterated,627475,679333,,
Kerala,Kottayam,560,Changanassery,5671,Vazhoor,വഴൂർ,transliterated,628188,686504,,
Kerala,Kottayam,560,Vaikom,5669,Vechoor,വെചൂർ,transliterated,628150,686144,,
Kerala,Thiruvananthapuram,565,Kattakkada,5945,Veeranakavu,വീരനകാവ്,transliterated,628502,695572,,
Kerala,Alappuzha,554,Karthikappally,5676,Veeyapuram,വീയപുരം,transliterated,628252,690514,,
Kerala,Thiruvananthapuram,565,Thiruvananthapuram,5691,Veiloor (Ct),വെഇലൂർ (ച്ട്),transliterated,628510,695302,,
Kerala,Kannur,557,Thalassery,5634,Vekkalam,വെക്കലം,transliterated,627265,670650,,
Kerala,Kollam,559,Kottarakkara,5687,Velinalloor,വെലിനല്ലൂർ,transliterated,628421,691516,,
Kerala,Kollam,559,Kottarakkara,5687,Veliyam,വെലിയം,transliterated,628419,691540,,
Kerala,Alappuzha,554,Kuttanad,5675,Veliyanad,വെലിയനട്,transliterated,628242,686102,,
Kerala,Kannur,557,Taliparamba,5632,Vellad,വെല്ലട്,transliterated,627191,670571,,
Kerala,Wayanad,567,Mananthavady,5635,Vellamunda,വെല്ലമുന്ട,transliterated,627307,670731,,
Kerala,Thiruvananthapuram,565,Nedumangad,5690,Vellanad,വെല്ലനട്,transliterated,628500,695543,,
Kerala,Thiruvananthapuram,565,Neyyattinkara,5692,Vellarada,വെല്ലരട,transliterated,628525,695505,,
Kerala,Thrissur,566,Kunnamkulam,6598,Vellarakkad,വെല്ലരക്കാട്,transliterated,627735,680584,,
Kerala,Wayanad,567,Vythiri,5637,Vellarimala,വെല്ലരിമല,transliterated,627340,673577,,
Kerala,Kannur,557,Iritty,5937,Vellarvelly,വെല്ലര്വെല്ല്യ്,transliterated,627264,670673,,
Kerala,Idukki,556,Devikulam,5664,Vellathuval,വെല്ലതുവൽ,transliterated,628060,685562,,
Kerala,Thrissur,566,Kunnamkulam,6598,Vellattanjur,വെല്ലട്ടന്ജുർ,transliterated,627740,680601,,
Kerala,Kottayam,560,Changanassery,5671,Vellavoor,വെല്ലവൂർ,transliterated,628190,686543,,
Kerala,Malappuram,562,Nilambur,5642,Vellayur,വെല്ലയുർ,transliterated,627484,679327,,
Kerala,Thrissur,566,Chalakkudy,5939,Vellikulangara,വെല്ലികുലന്ഗര,transliterated,627900,680699,,
Kerala,Palakkad,563,Ottappalam,5647,Vellinezhi,വെല്ലിനെഴി,transliterated,627573,679504,,
Kerala,Idukki,556,Thodupuzha,5666,Velliyamattom,വെല്ലിയമട്ടൊം,transliterated,628098,685588,,
Kerala,Thrissur,566,Mukundapuram,5656,Vellookkara (Ct),വെല്ലൂക്കര (ച്ട്),transliterated,627931,680661,,
Kerala,Kottayam,560,Vaikom,5669,Velloor,വെല്ലൂർ,transliterated,628140,686605,,
Kerala,Ernakulam,555,Muvattupuzha,5662,Velloorkunnam (Ct),വെല്ലൂര്കുന്നം (ച്ട്),transliterated,628037,686661,,
Kerala,Kannur,557,Payyannur,6599,Vellora,വെല്ലൊര,transliterated,627184,670306,,
Kerala,Kannur,557,Payyannur,6599,Vellur,വെല്ലുർ,transliterated,913287,670307,,
Kerala,Kozhikode,561,Vatakara,5638,Velom,വെലൊം,transliterated,627350,673507,,
Kerala,Kottayam,560,Kottayam,5670,Veloor (Part),വെലൂർ (പര്ട്),transliterated,628168,686003,,
Kerala,Thrissur,566,Kunnamkulam,6598,Velur (Ct),വെലുർ (ച്ട്),transliterated,627778,680601,,
Kerala,Thrissur,566,Thrissur,5654,Veluthur (Ct),വെലുതുർ (ച്ട്),transliterated,627850,680012,,
Kerala,Thiruvananthapuram,565,Thiruvananthapuram,5691,Venganoor (Ct),വെന്ഗനൂർ (ച്ട്),transliterated,628518,695527,,
Kerala,Malappuram,562,Tirurangadi,5645,Vengara (Ct),വെന്ഗര (ച്ട്),transliterated,627551,676304,,
Kerala,Kozhikode,561,Kozhikode,5640,Vengeri,വെന്ഗെരി,transliterated,913292,673010,,
Kerala,Thrissur,566,Thrissur,5654,Venginissery (Ct),വെന്ഗിനിശ്ശേരി (ച്ട്),transliterated,627856,680563,,
Kerala,Ernakulam,555,Kunnathunad,5657,Vengola (Ct),വെന്ഗൊല (ച്ട്),transliterated,627960,683556,,
Kerala,Ernakulam,555,Kunnathunad,5657,Vengoor,വെന്ഗൂർ,transliterated,627943,683546,,
Kerala,Ernakulam,555,Kunnathunad,5657,Vengoor West,വെന്ഗൂർ വെസ്ട്,transliterated,627944,683546,,
Kerala,Thrissur,566,Chavakkad,5653,Venkitangu (Ct),വെന്കിടന്ഗു (ച്ട്),transliterated,627809,680510,,
Kerala,Thrissur,566,Chavakkad,5653,Venmanad (Ct),വെന്മനട് (ച്ട്),transliterated,627807,680507,,
Kerala,Alappuzha,554,Chengannur,5677,Venmony,വെന്മൊന്യ്,transliterated,628275,689509,,
Kerala,Thrissur,566,Talappilly,5652,Vennur,വെന്നുർ,transliterated,627754,680587,,
Kerala,Malappuram,562,Perinthalmanna,5643,Vettathur,വെട്ടതുർ,transliterated,627500,679326,,
Kerala,Malappuram,562,Ernad,5641,Vettikkattiri,വെട്ടിക്കട്ടിരി,transliterated,627462,676521,,
Kerala,Kollam,559,Kottarakkara,5687,Vettikkavala,വെട്ടിക്കവല,transliterated,628411,691538,,
Kerala,Malappuram,562,Ernad,5641,Vettilappara,വെട്ടിലപ്പര,transliterated,627443,673639,,
Kerala,Malappuram,562,Tirur,5644,Vettom,വെട്ടൊം,transliterated,627524,676102,,
Kerala,Kottayam,560,Kottayam,5670,Vijayapuram (Ct),വിജയപുരം (ച്ട്),transliterated,628175,686010,,
Kerala,Kollam,559,Pathanapuram,5686,Vilakkudy,വിലക്കുട്യ്,transliterated,628385,691322,,
Kerala,Kannur,557,Iritty,5937,Vilamana,വിലമന,transliterated,627254,670706,,
Kerala,Kozhikode,561,Vatakara,5638,Vilangad,വിലന്ഗട്,transliterated,627343,673506,,
Kerala,Thiruvananthapuram,565,Kattakkada,5945,Vilavoorkkal (Ct),വിലവൂര്ക്കൽ (ച്ട്),transliterated,628542,695571,,
Kerala,Palakkad,563,Pattambi,5940,Vilayur,വിലയുർ,transliterated,627569,679309,,
Kerala,Thrissur,566,Thrissur,5654,Vilvattom,വില്വട്ടൊം,transliterated,913774,680631,,
Kerala,Thrissur,566,Talappilly,5652,Viruppakka,വിരുപ്പക്ക,transliterated,627747,680589,,
Kerala,Thiruvananthapuram,565,Nedumangad,5690,Vithura,വിതുര,transliterated,628494,695551,,
Kerala,Kozhikode,561,Koyilandi,5639,Viyyur,വിയ്യുർ,transliterated,913305,673307,,
Kerala,Thrissur,566,Thrissur,5654,Viyyur,വിയ്യുർ,transliterated,913761,680010,,
Kerala,Kasaragod,558,Manjeswaram,5932,Vorkady,വൊര്കട്യ്,transliterated,627058,671323,,
Kerala,Malappuram,562,Nilambur,5642,Wandoor,വന്ടൂർ,transliterated,627481,679328,,
Kerala,Thrissur,566,Chalakkudy,5939,West Chalakkudy,വെസ്ട് ചലക്കുട്യ്,transliterated,913638,680722,,
Kerala,Kollam,559,Kunnathur,5685,West Kallada,വെസ്ട് കല്ലട,transliterated,628381,691500,,
Kerala,Palakkad,563,Palakkad,5649,Yakkara,യക്കര,transliterated,913327,678001,,
